Farmer_ID,First_Name,Last_Name,Gender,DOB,Phone,Email,Village,District,State,Registration_Date
1,Arun,Kumar,Male,1982-09-17,9492655486,farmer1@mail.com,Village-299,Hyderabad,Telangana,2024-10-28
2,Lakshmi,Patel,Male,1966-09-07,9358409929,farmer2@mail.com,Village-47,Erode,Tamil Nadu,2023-03-30
3,Deepak,Kumar,Male,1967-08-27,9777129422,farmer3@mail.com,Village-322,Kanpur,Uttar Pradesh,2025-04-26
4,Lakshmi,Kumar,Male,1990-11-21,9150017772,farmer4@mail.com,Village-286,Kolkata,West Bengal,2024-08-22
5,Vijay,Kumar,Female,1983-10-21,9701571670,farmer5@mail.com,Village-350,Amritsar,Punjab,2023-05-28
6,Rahul,Raj,Female,1991-02-02,9204615284,farmer6@mail.com,Village-281,Ludhiana,Punjab,2024-08-07
7,Divya,Patel,Female,1967-09-04,9934543046,farmer7@mail.com,Village-161,Belagavi,Karnataka,2024-09-25
8,Suresh,Raj,Male,1985-04-30,9850539557,farmer8@mail.com,Village-400,Udaipur,Rajasthan,2024-01-06
9,Vijay,Patel,Female,1990-10-08,9883235912,farmer9@mail.com,Village-230,Pune,Maharashtra,2023-11-04
10,Vijay,Patel,Male,1968-04-14,9912973887,farmer10@mail.com,Village-176,Vijayawada,Andhra Pradesh,2023-05-01
11,Rahul,Kumar,Female,1983-12-02,9465203600,farmer11@mail.com,Village-356,Amritsar,Punjab,2023-02-10
12,Anita,Kumar,Male,1987-04-13,9389845088,farmer12@mail.com,Village-243,Karimnagar,Telangana,2024-08-16
13,Suresh,Das,Female,1997-10-19,9405582123,farmer13@mail.com,Village-367,Bengaluru,Karnataka,2024-12-19
14,Anita,Singh,Male,1980-07-26,9755969870,farmer14@mail.com,Village-60,Rajkot,Gujarat,2023-01-24
15,Suresh,Raj,Male,1974-10-16,9527239380,farmer15@mail.com,Village-201,Jaipur,Rajasthan,2025-02-25
16,Lakshmi,Reddy,Female,1972-06-18,9247023327,farmer16@mail.com,Village-221,Jaipur,Rajasthan,2024-04-04
17,Ravi,Das,Female,1996-09-08,9347767551,farmer17@mail.com,Village-78,Kanpur,Uttar Pradesh,2024-03-01
18,Rahul,Raj,Male,1971-10-15,9620724767,farmer18@mail.com,Village-302,Bengaluru,Karnataka,2023-08-26
19,Priya,Patel,Female,1977-08-25,9754781117,farmer19@mail.com,Village-290,Amritsar,Punjab,2023-01-05
20,Vijay,Reddy,Male,1995-12-23,9590317463,farmer20@mail.com,Village-400,Hyderabad,Telangana,2025-05-29
21,Lakshmi,Kumar,Female,1982-11-09,9781063234,farmer21@mail.com,Village-206,Kanpur,Uttar Pradesh,2024-02-13
22,Anita,Raj,Male,1968-01-09,9465129829,farmer22@mail.com,Village-308,Erode,Tamil Nadu,2023-08-02
23,Priya,Reddy,Male,1965-01-04,9490423179,farmer23@mail.com,Village-315,Coimbatore,Tamil Nadu,2024-08-03
24,Lakshmi,Raj,Female,1974-05-01,9473006684,farmer24@mail.com,Village-309,Coimbatore,Tamil Nadu,2024-09-20
25,Anita,Patel,Female,1970-07-06,9619513506,farmer25@mail.com,Village-160,Warangal,Telangana,2023-04-29
26,Ravi,Das,Female,1969-08-02,9613916392,farmer26@mail.com,Village-355,Bengaluru,Karnataka,2025-02-06
27,Vijay,Singh,Male,1966-01-14,9840954425,farmer27@mail.com,Village-279,Patiala,Punjab,2023-07-30
28,Kiran,Das,Female,1993-11-03,9656624390,farmer28@mail.com,Village-188,Salem,Tamil Nadu,2025-06-03
29,Vijay,Reddy,Female,1999-08-18,9783374319,farmer29@mail.com,Village-115,Amritsar,Punjab,2023-08-17
30,Lakshmi,Das,Male,2001-02-27,9314660300,farmer30@mail.com,Village-266,Kolkata,West Bengal,2023-09-03
31,Arun,Nair,Female,1997-10-16,9607063907,farmer31@mail.com,Village-133,Kota,Rajasthan,2023-01-30
32,Anita,Nair,Female,1992-02-23,9491524801,farmer32@mail.com,Village-42,Nashik,Maharashtra,2023-12-19
33,Divya,Singh,Male,1975-03-06,9618245037,farmer33@mail.com,Village-320,Pune,Maharashtra,2024-04-26
34,Ravi,Nair,Male,1986-07-05,9996197331,farmer34@mail.com,Village-339,Kolkata,West Bengal,2024-10-30
35,Divya,Patel,Male,2000-02-04,9565923499,farmer35@mail.com,Village-326,Mysuru,Karnataka,2024-12-29
36,Lakshmi,Patel,Female,2000-12-03,9898168889,farmer36@mail.com,Village-44,Hyderabad,Telangana,2025-01-09
37,Priya,Reddy,Female,1970-09-13,9965974909,farmer37@mail.com,Village-336,Ludhiana,Punjab,2023-01-29
38,Anita,Das,Female,2002-01-28,9267409691,farmer38@mail.com,Village-281,Patiala,Punjab,2024-09-02
39,Meena,Das,Male,1965-12-17,9665412094,farmer39@mail.com,Village-384,Lucknow,Uttar Pradesh,2023-01-15
40,Divya,Kumar,Female,1973-09-27,9328470563,farmer40@mail.com,Village-150,Amritsar,Punjab,2025-04-25
41,Ravi,Singh,Female,1999-04-05,9995710061,farmer41@mail.com,Village-68,Lucknow,Uttar Pradesh,2024-08-23
42,Deepak,Nair,Female,1985-07-21,9988134464,farmer42@mail.com,Village-257,Salem,Tamil Nadu,2024-11-09
43,Vijay,Kumar,Female,1971-10-24,9933767140,farmer43@mail.com,Village-94,Patiala,Punjab,2024-06-20
44,Priya,Raj,Male,1999-10-24,9608409165,farmer44@mail.com,Village-317,Kolkata,West Bengal,2025-03-29
45,Rahul,Reddy,Female,1967-10-09,9942106156,farmer45@mail.com,Village-398,Belagavi,Karnataka,2023-11-30
46,Divya,Singh,Male,1967-07-20,9929209046,farmer46@mail.com,Village-51,Belagavi,Karnataka,2023-09-12
47,Kiran,Patel,Female,1990-03-14,9757696806,farmer47@mail.com,Village-259,Kanpur,Uttar Pradesh,2023-01-29
48,Suresh,Patel,Female,1973-12-12,9645194407,farmer48@mail.com,Village-127,Durgapur,West Bengal,2024-12-10
49,Anita,Raj,Female,1990-02-06,9230590580,farmer49@mail.com,Village-201,Kanpur,Uttar Pradesh,2023-07-27
50,Divya,Patel,Male,1968-04-03,9328373931,farmer50@mail.com,Village-343,Kota,Rajasthan,2024-11-18
51,Meena,Das,Female,1999-11-08,9253522529,farmer51@mail.com,Village-130,Guntur,Andhra Pradesh,2023-06-08
52,Kiran,Patel,Female,1974-11-07,9274799977,farmer52@mail.com,Village-342,Amritsar,Punjab,2025-02-03
53,Vijay,Patel,Female,1996-09-07,9552342173,farmer53@mail.com,Village-101,Pune,Maharashtra,2024-03-17
54,Ravi,Kumar,Female,1969-02-19,9694906926,farmer54@mail.com,Village-235,Warangal,Telangana,2025-01-09
55,Ravi,Reddy,Female,1965-10-24,9650037437,farmer55@mail.com,Village-33,Udaipur,Rajasthan,2024-01-29
56,Suresh,Singh,Male,1969-09-13,9936442127,farmer56@mail.com,Village-93,Bengaluru,Karnataka,2023-03-28
57,Rahul,Nair,Female,2001-10-10,9535883162,farmer57@mail.com,Village-77,Guntur,Andhra Pradesh,2024-03-08
58,Meena,Singh,Male,1990-08-06,9399640865,farmer58@mail.com,Village-30,Varanasi,Uttar Pradesh,2024-05-21
59,Arun,Das,Male,1968-04-01,9960742147,farmer59@mail.com,Village-134,Amritsar,Punjab,2023-10-03
60,Suresh,Nair,Male,1974-12-23,9587235608,farmer60@mail.com,Village-6,Belagavi,Karnataka,2023-03-10
61,Deepak,Raj,Male,1983-09-28,9665770697,farmer61@mail.com,Village-364,Karimnagar,Telangana,2023-10-02
62,Arun,Raj,Male,1972-03-30,9434999291,farmer62@mail.com,Village-322,Pune,Maharashtra,2023-09-26
63,Suresh,Patel,Male,1999-01-26,9390471177,farmer63@mail.com,Village-178,Vijayawada,Andhra Pradesh,2023-07-30
64,Arun,Das,Male,1966-08-29,9652155530,farmer64@mail.com,Village-244,Salem,Tamil Nadu,2023-01-16
65,Rahul,Patel,Female,1969-10-08,9686162372,farmer65@mail.com,Village-202,Nagpur,Maharashtra,2024-11-05
66,Divya,Singh,Male,1995-11-07,9993660865,farmer66@mail.com,Village-362,Kanpur,Uttar Pradesh,2023-08-09
67,Priya,Kumar,Male,1980-08-04,9771570011,farmer67@mail.com,Village-380,Amritsar,Punjab,2023-02-25
68,Kiran,Das,Female,1972-04-28,9643252063,farmer68@mail.com,Village-344,Kurnool,Andhra Pradesh,2023-02-26
69,Suresh,Kumar,Female,1975-11-13,9299020225,farmer69@mail.com,Village-81,Vijayawada,Andhra Pradesh,2024-12-10
70,Ravi,Singh,Female,1965-03-01,9362472429,farmer70@mail.com,Village-18,Kurnool,Andhra Pradesh,2023-09-27
71,Arun,Singh,Female,1980-12-30,9190076802,farmer71@mail.com,Village-244,Guntur,Andhra Pradesh,2023-07-07
72,Divya,Reddy,Male,1994-06-06,9197551269,farmer72@mail.com,Village-136,Vijayawada,Andhra Pradesh,2023-07-25
73,Arun,Patel,Male,1982-12-03,9421742505,farmer73@mail.com,Village-156,Bengaluru,Karnataka,2024-08-23
74,Priya,Das,Female,1991-04-09,9920673058,farmer74@mail.com,Village-167,Pune,Maharashtra,2024-06-25
75,Deepak,Das,Male,1977-09-30,9147017079,farmer75@mail.com,Village-367,Jaipur,Rajasthan,2025-01-11
76,Meena,Nair,Male,1984-04-03,9662380097,farmer76@mail.com,Village-386,Varanasi,Uttar Pradesh,2025-01-21
77,Arun,Nair,Male,2002-06-15,9191366527,farmer77@mail.com,Village-16,Varanasi,Uttar Pradesh,2025-04-12
78,Kiran,Patel,Female,1993-07-31,9699714064,farmer78@mail.com,Village-26,Erode,Tamil Nadu,2024-01-05
79,Arun,Patel,Male,1986-12-13,9903443818,farmer79@mail.com,Village-258,Erode,Tamil Nadu,2023-09-28
80,Kiran,Das,Female,1994-07-29,9370790737,farmer80@mail.com,Village-39,Lucknow,Uttar Pradesh,2024-06-22
81,Divya,Raj,Female,1997-09-19,9630373463,farmer81@mail.com,Village-196,Guntur,Andhra Pradesh,2025-02-13
82,Arun,Reddy,Male,1995-09-02,9183184731,farmer82@mail.com,Village-308,Mysuru,Karnataka,2023-10-22
83,Meena,Das,Female,1976-05-23,9766955542,farmer83@mail.com,Village-291,Amritsar,Punjab,2024-10-29
84,Anita,Singh,Male,1986-08-22,9843228175,farmer84@mail.com,Village-112,Ludhiana,Punjab,2023-03-04
85,Suresh,Patel,Female,1996-10-19,9600727853,farmer85@mail.com,Village-393,Kota,Rajasthan,2024-06-12
86,Kiran,Patel,Male,1973-12-09,9410943694,farmer86@mail.com,Village-235,Belagavi,Karnataka,2023-11-16
87,Lakshmi,Raj,Male,1985-02-28,9180114953,farmer87@mail.com,Village-298,Belagavi,Karnataka,2023-10-03
88,Suresh,Singh,Male,1998-07-13,9747859029,farmer88@mail.com,Village-324,Bengaluru,Karnataka,2024-06-20
89,Ravi,Raj,Female,1970-01-21,9621989554,farmer89@mail.com,Village-202,Kanpur,Uttar Pradesh,2024-12-21
90,Rahul,Patel,Female,1965-02-28,9424217457,farmer90@mail.com,Village-373,Erode,Tamil Nadu,2024-05-18
91,Ravi,Kumar,Female,1980-06-06,9101869793,farmer91@mail.com,Village-167,Amritsar,Punjab,2024-01-21
92,Meena,Kumar,Female,1970-05-21,9371884545,farmer92@mail.com,Village-191,Warangal,Telangana,2023-07-20
93,Deepak,Kumar,Female,1982-07-03,9559618139,farmer93@mail.com,Village-387,Mysuru,Karnataka,2025-06-09
94,Arun,Nair,Female,1977-08-03,9781786860,farmer94@mail.com,Village-77,Guntur,Andhra Pradesh,2023-04-15
95,Ravi,Raj,Female,1984-07-27,9943040526,farmer95@mail.com,Village-220,Nagpur,Maharashtra,2024-06-07
96,Divya,Das,Male,1989-11-10,9153124484,farmer96@mail.com,Village-375,Madurai,Tamil Nadu,2024-07-16
97,Priya,Das,Female,1992-08-01,9621382272,farmer97@mail.com,Village-26,Surat,Gujarat,2025-02-09
98,Lakshmi,Singh,Female,1972-08-29,9419730111,farmer98@mail.com,Village-131,Lucknow,Uttar Pradesh,2024-04-28
99,Suresh,Patel,Female,1994-06-05,9228572554,farmer99@mail.com,Village-86,Kurnool,Andhra Pradesh,2023-09-02
100,Anita,Reddy,Male,1974-04-29,9586390095,farmer100@mail.com,Village-171,Ludhiana,Punjab,2024-05-27
101,Divya,Raj,Male,1971-04-07,9287577427,farmer101@mail.com,Village-176,Kota,Rajasthan,2024-07-14
102,Ravi,Singh,Male,1979-04-29,9121562591,farmer102@mail.com,Village-384,Lucknow,Uttar Pradesh,2023-09-02
103,Vijay,Raj,Female,1983-07-27,9390167827,farmer103@mail.com,Village-174,Surat,Gujarat,2025-02-02
104,Ravi,Raj,Male,1977-06-13,9199426515,farmer104@mail.com,Village-139,Madurai,Tamil Nadu,2024-08-11
105,Anita,Patel,Female,1982-12-07,9974389805,farmer105@mail.com,Village-12,Nagpur,Maharashtra,2024-10-23
106,Anita,Reddy,Female,1984-01-28,9100191870,farmer106@mail.com,Village-38,Ludhiana,Punjab,2024-12-27
107,Divya,Nair,Male,1986-01-01,9340303866,farmer107@mail.com,Village-80,Rajkot,Gujarat,2024-04-04
108,Meena,Das,Female,1995-08-07,9191271686,farmer108@mail.com,Village-283,Patiala,Punjab,2023-04-22
109,Divya,Reddy,Male,2000-02-04,9793106546,farmer109@mail.com,Village-367,Coimbatore,Tamil Nadu,2023-05-09
110,Vijay,Das,Female,1993-02-07,9850096616,farmer110@mail.com,Village-392,Guntur,Andhra Pradesh,2023-09-15
111,Vijay,Reddy,Male,1968-02-27,9516699823,farmer111@mail.com,Village-134,Bengaluru,Karnataka,2023-11-04
112,Vijay,Singh,Female,1965-01-19,9399148389,farmer112@mail.com,Village-162,Nashik,Maharashtra,2023-01-11
113,Vijay,Raj,Male,1988-08-10,9542177781,farmer113@mail.com,Village-361,Nagpur,Maharashtra,2023-08-29
114,Anita,Das,Female,1965-12-23,9187071946,farmer114@mail.com,Village-132,Guntur,Andhra Pradesh,2023-07-18
115,Divya,Patel,Male,1984-01-14,9847134030,farmer115@mail.com,Village-174,Nashik,Maharashtra,2024-01-15
116,Divya,Kumar,Female,1995-08-15,9893633959,farmer116@mail.com,Village-259,Surat,Gujarat,2024-02-10
117,Suresh,Nair,Male,1987-03-28,9347829072,farmer117@mail.com,Village-239,Bengaluru,Karnataka,2023-07-25
118,Kiran,Reddy,Female,1999-02-11,9755088072,farmer118@mail.com,Village-96,Nagpur,Maharashtra,2023-10-30
119,Arun,Reddy,Male,1983-09-16,9522474439,farmer119@mail.com,Village-28,Nagpur,Maharashtra,2024-11-12
120,Lakshmi,Kumar,Male,1991-09-28,9297681052,farmer120@mail.com,Village-202,Pune,Maharashtra,2023-05-26
121,Kiran,Kumar,Male,1979-02-04,9453521720,farmer121@mail.com,Village-98,Udaipur,Rajasthan,2025-01-20
122,Anita,Kumar,Female,1988-07-17,9813426129,farmer122@mail.com,Village-372,Patiala,Punjab,2025-02-03
123,Priya,Kumar,Male,1979-11-18,9184011724,farmer123@mail.com,Village-144,Surat,Gujarat,2024-03-29
124,Vijay,Nair,Male,1983-11-07,9508161147,farmer124@mail.com,Village-183,Mysuru,Karnataka,2023-05-07
125,Meena,Patel,Male,1968-12-08,9500199030,farmer125@mail.com,Village-278,Kurnool,Andhra Pradesh,2023-02-20
126,Meena,Patel,Male,1979-07-04,9778242045,farmer126@mail.com,Village-211,Jaipur,Rajasthan,2024-01-08
127,Arun,Patel,Male,1999-05-24,9598270556,farmer127@mail.com,Village-33,Nashik,Maharashtra,2024-02-19
128,Kiran,Reddy,Female,1973-09-29,9489740676,farmer128@mail.com,Village-140,Salem,Tamil Nadu,2025-02-04
129,Meena,Das,Female,1966-12-16,9395955813,farmer129@mail.com,Village-153,Karimnagar,Telangana,2023-09-26
130,Divya,Kumar,Female,1966-02-02,9868338706,farmer130@mail.com,Village-239,Coimbatore,Tamil Nadu,2025-04-25
131,Anita,Raj,Female,1984-04-15,9296429508,farmer131@mail.com,Village-5,Surat,Gujarat,2025-04-14
132,Deepak,Raj,Female,1999-09-01,9443112894,farmer132@mail.com,Village-236,Vijayawada,Andhra Pradesh,2023-06-04
133,Divya,Patel,Male,1968-07-18,9365544423,farmer133@mail.com,Village-209,Karimnagar,Telangana,2024-06-08
134,Vijay,Reddy,Female,1966-07-09,9272542132,farmer134@mail.com,Village-219,Belagavi,Karnataka,2024-05-08
135,Kiran,Raj,Male,1976-11-18,9552110031,farmer135@mail.com,Village-256,Bengaluru,Karnataka,2024-10-01
136,Lakshmi,Patel,Male,1975-07-05,9903134235,farmer136@mail.com,Village-276,Jaipur,Rajasthan,2023-05-17
137,Deepak,Singh,Female,1978-03-07,9372791093,farmer137@mail.com,Village-378,Mysuru,Karnataka,2023-10-14
138,Priya,Raj,Male,1984-09-17,9264628456,farmer138@mail.com,Village-145,Guntur,Andhra Pradesh,2023-09-11
139,Lakshmi,Singh,Male,1979-08-22,9644735550,farmer139@mail.com,Village-270,Kolkata,West Bengal,2023-03-08
140,Rahul,Patel,Male,2001-04-07,9209878605,farmer140@mail.com,Village-3,Nashik,Maharashtra,2023-04-13
141,Ravi,Kumar,Female,2002-09-15,9350066610,farmer141@mail.com,Village-62,Jaipur,Rajasthan,2024-04-04
142,Deepak,Raj,Male,1991-12-09,9499686394,farmer142@mail.com,Village-263,Erode,Tamil Nadu,2025-04-27
143,Rahul,Kumar,Male,1992-01-20,9784464559,farmer143@mail.com,Village-306,Amritsar,Punjab,2023-09-24
144,Ravi,Singh,Male,1974-10-06,9147423455,farmer144@mail.com,Village-105,Siliguri,West Bengal,2023-02-08
145,Rahul,Raj,Male,1991-11-21,9979215354,farmer145@mail.com,Village-168,Guntur,Andhra Pradesh,2025-01-19
146,Deepak,Singh,Male,1981-09-05,9318407432,farmer146@mail.com,Village-17,Rajkot,Gujarat,2023-07-09
147,Lakshmi,Kumar,Female,1986-09-09,9812992955,farmer147@mail.com,Village-282,Udaipur,Rajasthan,2023-03-06
148,Rahul,Raj,Female,1988-12-15,9846686387,farmer148@mail.com,Village-139,Patiala,Punjab,2023-04-04
149,Lakshmi,Kumar,Female,1994-12-16,9900300113,farmer149@mail.com,Village-291,Surat,Gujarat,2023-11-11
150,Ravi,Das,Male,1983-09-07,9519544342,farmer150@mail.com,Village-373,Warangal,Telangana,2023-01-19
151,Priya,Patel,Male,1965-04-07,9980864063,farmer151@mail.com,Village-47,Ahmedabad,Gujarat,2024-03-20
152,Priya,Raj,Male,1981-05-12,9155507515,farmer152@mail.com,Village-283,Rajkot,Gujarat,2024-04-16
153,Kiran,Reddy,Female,2001-03-06,9891615016,farmer153@mail.com,Village-259,Patiala,Punjab,2024-02-11
154,Priya,Reddy,Male,1980-08-10,9172044581,farmer154@mail.com,Village-56,Ludhiana,Punjab,2023-10-18
155,Divya,Singh,Male,1998-10-21,9999035750,farmer155@mail.com,Village-23,Surat,Gujarat,2025-04-04
156,Rahul,Patel,Male,1967-05-25,9864837338,farmer156@mail.com,Village-318,Kota,Rajasthan,2024-09-14
157,Divya,Reddy,Female,2000-04-01,9760060350,farmer157@mail.com,Village-101,Patiala,Punjab,2025-05-27
158,Arun,Patel,Male,1990-05-13,9511861992,farmer158@mail.com,Village-184,Jaipur,Rajasthan,2023-08-12
159,Divya,Kumar,Male,1976-01-31,9817148325,farmer159@mail.com,Village-166,Bengaluru,Karnataka,2025-01-12
160,Vijay,Nair,Female,1991-11-23,9796888357,farmer160@mail.com,Village-216,Mysuru,Karnataka,2024-04-11
161,Lakshmi,Das,Female,1976-03-07,9579736457,farmer161@mail.com,Village-258,Vijayawada,Andhra Pradesh,2024-03-11
162,Deepak,Patel,Female,1966-01-18,9352598759,farmer162@mail.com,Village-229,Jaipur,Rajasthan,2023-01-04
163,Anita,Patel,Male,2002-07-11,9172070263,farmer163@mail.com,Village-66,Siliguri,West Bengal,2023-07-03
164,Anita,Reddy,Male,1981-05-22,9143649358,farmer164@mail.com,Village-326,Warangal,Telangana,2023-04-04
165,Meena,Reddy,Male,1997-11-26,9158266521,farmer165@mail.com,Village-386,Ludhiana,Punjab,2023-11-18
166,Priya,Kumar,Male,1994-04-13,9759410380,farmer166@mail.com,Village-375,Kanpur,Uttar Pradesh,2025-03-14
167,Suresh,Nair,Male,1970-11-27,9836730722,farmer167@mail.com,Village-370,Bengaluru,Karnataka,2024-05-18
168,Deepak,Nair,Female,2002-05-15,9270475253,farmer168@mail.com,Village-166,Pune,Maharashtra,2023-12-26
169,Priya,Singh,Female,2001-08-03,9323685482,farmer169@mail.com,Village-304,Siliguri,West Bengal,2024-04-12
170,Ravi,Singh,Male,1987-09-13,9313612507,farmer170@mail.com,Village-94,Vijayawada,Andhra Pradesh,2023-09-01
171,Rahul,Singh,Female,1993-07-22,9281185386,farmer171@mail.com,Village-136,Ahmedabad,Gujarat,2023-10-12
172,Ravi,Nair,Female,1967-03-07,9696120119,farmer172@mail.com,Village-267,Belagavi,Karnataka,2024-10-13
173,Vijay,Das,Female,1969-09-10,9892338917,farmer173@mail.com,Village-191,Durgapur,West Bengal,2023-09-16
174,Priya,Singh,Female,1981-07-20,9921025082,farmer174@mail.com,Village-42,Kurnool,Andhra Pradesh,2024-08-14
175,Meena,Kumar,Female,1972-12-05,9980279635,farmer175@mail.com,Village-265,Jaipur,Rajasthan,2024-09-22
176,Deepak,Das,Female,1993-09-04,9887094397,farmer176@mail.com,Village-1,Kurnool,Andhra Pradesh,2025-06-10
177,Deepak,Das,Female,1971-09-14,9548487964,farmer177@mail.com,Village-263,Erode,Tamil Nadu,2023-10-25
178,Divya,Reddy,Male,1970-12-04,9123933193,farmer178@mail.com,Village-28,Hyderabad,Telangana,2024-05-15
179,Vijay,Singh,Male,1978-08-17,9543711420,farmer179@mail.com,Village-299,Salem,Tamil Nadu,2023-04-19
180,Ravi,Reddy,Female,1970-12-31,9270320618,farmer180@mail.com,Village-69,Vijayawada,Andhra Pradesh,2023-07-29
181,Anita,Kumar,Male,1996-09-26,9785272872,farmer181@mail.com,Village-75,Erode,Tamil Nadu,2023-06-02
182,Arun,Kumar,Female,2001-05-28,9738580316,farmer182@mail.com,Village-331,Kurnool,Andhra Pradesh,2023-09-28
183,Meena,Patel,Male,1992-01-01,9277273873,farmer183@mail.com,Village-1,Siliguri,West Bengal,2024-06-14
184,Lakshmi,Raj,Male,1988-11-04,9270957548,farmer184@mail.com,Village-30,Coimbatore,Tamil Nadu,2023-01-26
185,Rahul,Raj,Male,1992-06-25,9543646790,farmer185@mail.com,Village-103,Bengaluru,Karnataka,2024-07-18
186,Rahul,Das,Female,1993-10-30,9973360984,farmer186@mail.com,Village-314,Varanasi,Uttar Pradesh,2024-06-03
187,Suresh,Das,Male,1978-11-17,9877717724,farmer187@mail.com,Village-245,Patiala,Punjab,2023-03-07
188,Lakshmi,Das,Female,1981-10-30,9186413189,farmer188@mail.com,Village-380,Lucknow,Uttar Pradesh,2025-05-14
189,Suresh,Raj,Male,1975-02-19,9232356424,farmer189@mail.com,Village-172,Jaipur,Rajasthan,2023-04-18
190,Rahul,Reddy,Female,1967-05-11,9836300957,farmer190@mail.com,Village-268,Vijayawada,Andhra Pradesh,2023-09-30
191,Kiran,Reddy,Male,1993-10-19,9282288703,farmer191@mail.com,Village-134,Kurnool,Andhra Pradesh,2023-08-11
192,Meena,Singh,Male,1974-02-05,9517371153,farmer192@mail.com,Village-169,Nashik,Maharashtra,2023-06-13
193,Rahul,Das,Female,1982-01-08,9606957016,farmer193@mail.com,Village-272,Kolkata,West Bengal,2025-05-22
194,Divya,Reddy,Female,1984-08-12,9947399622,farmer194@mail.com,Village-109,Coimbatore,Tamil Nadu,2025-01-12
195,Deepak,Raj,Male,1991-04-05,9135340726,farmer195@mail.com,Village-14,Rajkot,Gujarat,2023-03-21
196,Ravi,Raj,Male,1992-11-25,9133146266,farmer196@mail.com,Village-22,Bengaluru,Karnataka,2023-06-15
197,Arun,Das,Male,1993-11-13,9891117158,farmer197@mail.com,Village-24,Patiala,Punjab,2024-10-11
198,Divya,Nair,Male,1999-03-04,9911504608,farmer198@mail.com,Village-365,Belagavi,Karnataka,2024-01-08
199,Divya,Kumar,Male,1976-01-23,9136965519,farmer199@mail.com,Village-386,Ahmedabad,Gujarat,2023-07-30
200,Anita,Kumar,Male,1993-05-12,9205078324,farmer200@mail.com,Village-388,Belagavi,Karnataka,2023-10-22
201,Lakshmi,Singh,Male,1979-04-26,9476776867,farmer201@mail.com,Village-132,Nagpur,Maharashtra,2023-12-11
202,Ravi,Singh,Female,1997-02-09,9408860505,farmer202@mail.com,Village-317,Guntur,Andhra Pradesh,2025-02-17
203,Vijay,Nair,Male,1966-05-27,9472353978,farmer203@mail.com,Village-241,Madurai,Tamil Nadu,2024-03-22
204,Kiran,Reddy,Female,1997-01-17,9282934745,farmer204@mail.com,Village-224,Erode,Tamil Nadu,2025-06-01
205,Arun,Kumar,Female,1977-12-08,9627017180,farmer205@mail.com,Village-49,Erode,Tamil Nadu,2025-02-19
206,Priya,Patel,Female,2000-09-28,9993176931,farmer206@mail.com,Village-264,Udaipur,Rajasthan,2025-04-25
207,Divya,Das,Male,1972-02-17,9635062306,farmer207@mail.com,Village-85,Vijayawada,Andhra Pradesh,2023-10-18
208,Anita,Nair,Male,1999-05-26,9774237069,farmer208@mail.com,Village-168,Belagavi,Karnataka,2023-03-24
209,Meena,Kumar,Female,1983-01-01,9793489778,farmer209@mail.com,Village-13,Hyderabad,Telangana,2024-02-09
210,Lakshmi,Reddy,Male,1978-08-07,9507275799,farmer210@mail.com,Village-323,Hyderabad,Telangana,2023-09-27
211,Deepak,Nair,Male,1970-09-10,9474183392,farmer211@mail.com,Village-298,Nagpur,Maharashtra,2024-06-28
212,Anita,Das,Female,1971-12-20,9282053503,farmer212@mail.com,Village-238,Karimnagar,Telangana,2025-06-07
213,Deepak,Raj,Male,1999-09-11,9458687487,farmer213@mail.com,Village-237,Udaipur,Rajasthan,2023-09-21
214,Suresh,Nair,Male,1973-08-05,9876676219,farmer214@mail.com,Village-80,Nashik,Maharashtra,2023-10-01
215,Vijay,Singh,Male,1979-08-26,9353631833,farmer215@mail.com,Village-168,Nashik,Maharashtra,2024-09-09
216,Priya,Das,Male,1997-09-09,9309843560,farmer216@mail.com,Village-197,Nagpur,Maharashtra,2023-04-15
217,Meena,Singh,Female,2000-08-28,9394012584,farmer217@mail.com,Village-101,Ludhiana,Punjab,2023-11-06
218,Divya,Patel,Female,1969-10-17,9136433787,farmer218@mail.com,Village-7,Belagavi,Karnataka,2023-10-15
219,Vijay,Das,Female,1996-02-09,9597442310,farmer219@mail.com,Village-12,Surat,Gujarat,2023-08-16
220,Lakshmi,Kumar,Male,1992-01-31,9561739444,farmer220@mail.com,Village-359,Amritsar,Punjab,2025-01-25
221,Lakshmi,Nair,Male,1998-08-09,9817147589,farmer221@mail.com,Village-370,Durgapur,West Bengal,2024-10-24
222,Rahul,Kumar,Female,1995-06-27,9564424312,farmer222@mail.com,Village-161,Kolkata,West Bengal,2023-07-05
223,Lakshmi,Raj,Female,1996-06-06,9865739488,farmer223@mail.com,Village-365,Vijayawada,Andhra Pradesh,2023-04-11
224,Anita,Patel,Male,2003-02-08,9767404388,farmer224@mail.com,Village-210,Amritsar,Punjab,2024-03-09
225,Priya,Das,Female,1994-08-28,9935563796,farmer225@mail.com,Village-6,Varanasi,Uttar Pradesh,2025-06-12
226,Suresh,Reddy,Male,1969-10-09,9272703437,farmer226@mail.com,Village-367,Surat,Gujarat,2023-02-09
227,Deepak,Patel,Male,1980-08-15,9870190817,farmer227@mail.com,Village-244,Nashik,Maharashtra,2023-04-14
228,Ravi,Reddy,Female,1993-09-04,9540608510,farmer228@mail.com,Village-380,Lucknow,Uttar Pradesh,2025-03-22
229,Lakshmi,Reddy,Male,1995-09-13,9882872121,farmer229@mail.com,Village-315,Jaipur,Rajasthan,2023-07-08
230,Suresh,Patel,Female,1967-07-17,9166039237,farmer230@mail.com,Village-7,Karimnagar,Telangana,2023-09-16
231,Meena,Das,Female,1983-11-13,9722958433,farmer231@mail.com,Village-136,Mysuru,Karnataka,2024-10-05
232,Lakshmi,Reddy,Male,1978-08-13,9960590493,farmer232@mail.com,Village-201,Bengaluru,Karnataka,2025-01-29
233,Kiran,Nair,Male,1972-05-19,9603755235,farmer233@mail.com,Village-329,Jaipur,Rajasthan,2023-05-13
234,Priya,Singh,Female,1975-02-20,9602619495,farmer234@mail.com,Village-151,Varanasi,Uttar Pradesh,2025-04-14
235,Anita,Singh,Male,1970-08-13,9387144852,farmer235@mail.com,Village-361,Varanasi,Uttar Pradesh,2025-03-09
236,Rahul,Raj,Female,1976-05-17,9102893784,farmer236@mail.com,Village-370,Rajkot,Gujarat,2024-03-12
237,Suresh,Singh,Female,1975-12-28,9620678032,farmer237@mail.com,Village-220,Kurnool,Andhra Pradesh,2024-11-01
238,Ravi,Raj,Female,1968-10-31,9513509462,farmer238@mail.com,Village-30,Durgapur,West Bengal,2024-11-06
239,Priya,Reddy,Female,1979-07-26,9779852864,farmer239@mail.com,Village-299,Belagavi,Karnataka,2025-03-13
240,Rahul,Singh,Female,1974-05-30,9753050415,farmer240@mail.com,Village-52,Coimbatore,Tamil Nadu,2023-03-15
241,Priya,Nair,Female,2003-04-26,9471991495,farmer241@mail.com,Village-79,Kolkata,West Bengal,2023-08-28
242,Priya,Reddy,Male,2000-07-06,9817751231,farmer242@mail.com,Village-281,Nagpur,Maharashtra,2024-07-01
243,Divya,Reddy,Male,1987-03-08,9896621877,farmer243@mail.com,Village-225,Guntur,Andhra Pradesh,2024-12-10
244,Lakshmi,Raj,Male,1970-04-25,9608139515,farmer244@mail.com,Village-253,Belagavi,Karnataka,2023-09-28
245,Priya,Das,Female,1986-09-23,9364748886,farmer245@mail.com,Village-256,Lucknow,Uttar Pradesh,2024-04-23
246,Meena,Kumar,Male,1991-11-24,9444331837,farmer246@mail.com,Village-240,Patiala,Punjab,2025-06-02
247,Anita,Singh,Female,1994-11-05,9549701124,farmer247@mail.com,Village-347,Siliguri,West Bengal,2023-10-31
248,Rahul,Das,Male,1993-07-30,9122075886,farmer248@mail.com,Village-313,Bengaluru,Karnataka,2024-01-05
249,Vijay,Patel,Female,2001-04-10,9913006991,farmer249@mail.com,Village-74,Salem,Tamil Nadu,2023-04-07
250,Rahul,Raj,Female,1997-03-20,9201431353,farmer250@mail.com,Village-338,Erode,Tamil Nadu,2024-03-01
251,Vijay,Reddy,Male,1986-04-15,9405104873,farmer251@mail.com,Village-223,Warangal,Telangana,2025-03-08
252,Arun,Nair,Female,1976-04-14,9414480538,farmer252@mail.com,Village-182,Warangal,Telangana,2024-07-21
253,Suresh,Nair,Female,1979-12-21,9318540283,farmer253@mail.com,Village-336,Kota,Rajasthan,2024-05-30
254,Ravi,Das,Female,1979-11-05,9236977996,farmer254@mail.com,Village-301,Jaipur,Rajasthan,2023-07-16
255,Vijay,Patel,Male,1982-11-23,9527866884,farmer255@mail.com,Village-154,Bengaluru,Karnataka,2025-01-10
256,Anita,Reddy,Male,1967-01-31,9947211279,farmer256@mail.com,Village-257,Bengaluru,Karnataka,2023-07-14
257,Priya,Das,Male,1981-11-14,9328171634,farmer257@mail.com,Village-21,Varanasi,Uttar Pradesh,2024-09-23
258,Kiran,Das,Male,1999-03-19,9139704444,farmer258@mail.com,Village-216,Udaipur,Rajasthan,2023-06-28
259,Priya,Nair,Female,1965-08-08,9703551850,farmer259@mail.com,Village-364,Belagavi,Karnataka,2024-01-13
260,Arun,Singh,Male,1973-04-16,9562433825,farmer260@mail.com,Village-290,Kurnool,Andhra Pradesh,2024-03-07
261,Vijay,Kumar,Male,1987-05-01,9930836888,farmer261@mail.com,Village-216,Kolkata,West Bengal,2024-08-04
262,Kiran,Kumar,Female,1983-02-25,9737655247,farmer262@mail.com,Village-304,Durgapur,West Bengal,2024-04-02
263,Vijay,Kumar,Male,1999-07-15,9792032856,farmer263@mail.com,Village-242,Amritsar,Punjab,2024-02-27
264,Lakshmi,Kumar,Male,1993-02-14,9834182866,farmer264@mail.com,Village-343,Pune,Maharashtra,2023-01-16
265,Kiran,Raj,Female,1974-10-16,9119087986,farmer265@mail.com,Village-142,Bengaluru,Karnataka,2025-06-09
266,Meena,Raj,Male,1985-03-22,9492853874,farmer266@mail.com,Village-397,Kolkata,West Bengal,2025-01-21
267,Suresh,Das,Female,1999-01-24,9594543711,farmer267@mail.com,Village-343,Patiala,Punjab,2023-03-28
268,Arun,Kumar,Male,1997-03-04,9798681096,farmer268@mail.com,Village-352,Guntur,Andhra Pradesh,2023-02-02
269,Suresh,Das,Male,1982-06-13,9996483404,farmer269@mail.com,Village-250,Kolkata,West Bengal,2023-11-15
270,Deepak,Das,Female,1979-03-10,9604446096,farmer270@mail.com,Village-347,Kolkata,West Bengal,2024-01-12
271,Ravi,Das,Male,2000-10-07,9776142463,farmer271@mail.com,Village-214,Ludhiana,Punjab,2023-04-30
272,Anita,Singh,Female,1999-11-27,9413949542,farmer272@mail.com,Village-144,Kota,Rajasthan,2025-03-16
273,Arun,Nair,Male,1992-03-05,9745466265,farmer273@mail.com,Village-159,Salem,Tamil Nadu,2025-01-13
274,Lakshmi,Das,Female,1976-01-16,9746158584,farmer274@mail.com,Village-395,Siliguri,West Bengal,2024-01-21
275,Arun,Singh,Female,1977-09-16,9387787518,farmer275@mail.com,Village-217,Nagpur,Maharashtra,2024-12-06
276,Arun,Singh,Male,2001-08-09,9971612517,farmer276@mail.com,Village-293,Patiala,Punjab,2025-02-20
277,Vijay,Das,Female,2003-03-08,9472430839,farmer277@mail.com,Village-274,Amritsar,Punjab,2025-03-27
278,Lakshmi,Raj,Male,1989-11-02,9432291301,farmer278@mail.com,Village-311,Belagavi,Karnataka,2024-05-11
279,Divya,Singh,Male,1985-11-15,9950043796,farmer279@mail.com,Village-198,Madurai,Tamil Nadu,2024-12-26
280,Ravi,Nair,Male,1968-12-07,9350038426,farmer280@mail.com,Village-204,Udaipur,Rajasthan,2024-07-03
281,Vijay,Singh,Female,1976-08-23,9643494487,farmer281@mail.com,Village-302,Durgapur,West Bengal,2025-05-03
282,Kiran,Raj,Female,1974-07-17,9489581205,farmer282@mail.com,Village-296,Pune,Maharashtra,2023-07-16
283,Vijay,Nair,Male,1983-01-21,9364467808,farmer283@mail.com,Village-23,Siliguri,West Bengal,2025-03-09
284,Rahul,Patel,Male,1969-10-05,9267670103,farmer284@mail.com,Village-162,Kota,Rajasthan,2024-01-16
285,Vijay,Reddy,Male,1980-06-22,9201022751,farmer285@mail.com,Village-18,Kolkata,West Bengal,2023-10-15
286,Deepak,Raj,Female,1986-10-25,9936649741,farmer286@mail.com,Village-144,Nashik,Maharashtra,2024-08-23
287,Deepak,Nair,Male,1985-01-17,9372725630,farmer287@mail.com,Village-20,Ahmedabad,Gujarat,2025-02-24
288,Kiran,Kumar,Male,1973-02-09,9137377027,farmer288@mail.com,Village-286,Hyderabad,Telangana,2024-01-23
289,Kiran,Nair,Female,1985-07-23,9228758857,farmer289@mail.com,Village-362,Karimnagar,Telangana,2024-05-13
290,Divya,Das,Male,1979-04-19,9819107969,farmer290@mail.com,Village-260,Mysuru,Karnataka,2024-08-01
291,Priya,Singh,Male,1985-02-10,9873858080,farmer291@mail.com,Village-114,Ahmedabad,Gujarat,2025-05-20
292,Arun,Reddy,Male,1976-06-24,9998955872,farmer292@mail.com,Village-25,Ludhiana,Punjab,2023-12-27
293,Rahul,Nair,Female,1996-10-31,9159880236,farmer293@mail.com,Village-52,Vijayawada,Andhra Pradesh,2025-01-27
294,Divya,Das,Female,1998-11-13,9733277544,farmer294@mail.com,Village-303,Amritsar,Punjab,2023-01-06
295,Ravi,Singh,Female,1969-09-24,9518810973,farmer295@mail.com,Village-64,Udaipur,Rajasthan,2024-04-27
296,Anita,Raj,Male,1982-01-12,9827613303,farmer296@mail.com,Village-7,Warangal,Telangana,2023-06-22
297,Arun,Raj,Male,1973-10-02,9183522607,farmer297@mail.com,Village-317,Udaipur,Rajasthan,2025-03-29
298,Anita,Kumar,Female,1971-04-09,9123338996,farmer298@mail.com,Village-322,Karimnagar,Telangana,2025-03-07
299,Divya,Patel,Male,1980-03-29,9774506520,farmer299@mail.com,Village-188,Mysuru,Karnataka,2023-11-27
300,Arun,Raj,Female,1974-12-11,9694180900,farmer300@mail.com,Village-75,Amritsar,Punjab,2025-01-23
301,Lakshmi,Raj,Male,1976-12-13,9127294571,farmer301@mail.com,Village-139,Jaipur,Rajasthan,2024-03-04
302,Priya,Singh,Female,1980-01-03,9217293238,farmer302@mail.com,Village-163,Siliguri,West Bengal,2025-04-03
303,Vijay,Kumar,Male,1970-02-14,9701233666,farmer303@mail.com,Village-245,Kota,Rajasthan,2023-06-07
304,Divya,Singh,Female,1976-07-25,9380807953,farmer304@mail.com,Village-123,Guntur,Andhra Pradesh,2025-02-11
305,Lakshmi,Raj,Male,1982-07-03,9993700223,farmer305@mail.com,Village-372,Pune,Maharashtra,2023-10-24
306,Anita,Nair,Female,1993-09-13,9648450606,farmer306@mail.com,Village-72,Guntur,Andhra Pradesh,2023-01-17
307,Vijay,Singh,Male,2000-06-02,9486653577,farmer307@mail.com,Village-223,Jaipur,Rajasthan,2025-05-02
308,Deepak,Raj,Male,1974-10-17,9293412982,farmer308@mail.com,Village-268,Madurai,Tamil Nadu,2023-10-11
309,Deepak,Kumar,Male,1972-11-17,9753431780,farmer309@mail.com,Village-375,Nashik,Maharashtra,2023-07-21
310,Priya,Reddy,Male,1972-11-12,9725919650,farmer310@mail.com,Village-158,Kota,Rajasthan,2023-07-30
311,Meena,Reddy,Female,1967-12-13,9874872196,farmer311@mail.com,Village-29,Pune,Maharashtra,2024-12-09
312,Rahul,Nair,Female,1980-01-15,9196991092,farmer312@mail.com,Village-8,Kanpur,Uttar Pradesh,2023-10-16
313,Rahul,Singh,Male,1970-12-24,9299771993,farmer313@mail.com,Village-289,Surat,Gujarat,2025-06-11
314,Ravi,Reddy,Male,1972-05-02,9482420536,farmer314@mail.com,Village-267,Hyderabad,Telangana,2024-12-20
315,Ravi,Das,Male,1968-03-14,9976748340,farmer315@mail.com,Village-165,Udaipur,Rajasthan,2023-05-04
316,Suresh,Nair,Male,1998-09-14,9884847183,farmer316@mail.com,Village-254,Rajkot,Gujarat,2023-03-04
317,Vijay,Raj,Male,1966-02-25,9361496728,farmer317@mail.com,Village-46,Udaipur,Rajasthan,2024-06-27
318,Kiran,Singh,Female,1973-03-08,9696313505,farmer318@mail.com,Village-16,Nashik,Maharashtra,2023-06-21
319,Divya,Singh,Male,1996-05-09,9999078236,farmer319@mail.com,Village-307,Coimbatore,Tamil Nadu,2025-01-26
320,Meena,Patel,Male,1988-06-16,9476561007,farmer320@mail.com,Village-49,Siliguri,West Bengal,2023-09-02
321,Anita,Patel,Female,1977-04-01,9218154554,farmer321@mail.com,Village-63,Ludhiana,Punjab,2023-05-07
322,Deepak,Raj,Male,1971-02-22,9258076841,farmer322@mail.com,Village-343,Mysuru,Karnataka,2024-07-08
323,Priya,Nair,Male,1998-06-28,9781816911,farmer323@mail.com,Village-200,Siliguri,West Bengal,2024-02-11
324,Vijay,Kumar,Female,2002-09-02,9155797793,farmer324@mail.com,Village-398,Rajkot,Gujarat,2024-09-09
325,Ravi,Das,Female,1982-12-23,9706046246,farmer325@mail.com,Village-165,Warangal,Telangana,2023-09-04
326,Vijay,Raj,Female,1967-05-28,9367667133,farmer326@mail.com,Village-217,Rajkot,Gujarat,2023-11-29
327,Priya,Kumar,Female,1969-11-22,9564973733,farmer327@mail.com,Village-103,Salem,Tamil Nadu,2024-06-27
328,Priya,Patel,Female,1965-12-08,9933845971,farmer328@mail.com,Village-233,Varanasi,Uttar Pradesh,2023-08-19
329,Rahul,Reddy,Female,1966-07-18,9828468245,farmer329@mail.com,Village-320,Coimbatore,Tamil Nadu,2025-06-05
330,Arun,Reddy,Male,1989-04-29,9369059453,farmer330@mail.com,Village-63,Vijayawada,Andhra Pradesh,2025-04-05
331,Arun,Singh,Male,1984-06-15,9427933360,farmer331@mail.com,Village-178,Lucknow,Uttar Pradesh,2023-08-31
332,Vijay,Singh,Male,1967-09-16,9600811739,farmer332@mail.com,Village-303,Ludhiana,Punjab,2024-08-31
333,Vijay,Raj,Female,1984-09-26,9536523328,farmer333@mail.com,Village-296,Lucknow,Uttar Pradesh,2023-05-07
334,Kiran,Das,Female,1975-12-02,9587630578,farmer334@mail.com,Village-313,Kurnool,Andhra Pradesh,2025-01-23
335,Divya,Reddy,Female,1994-03-05,9594869809,farmer335@mail.com,Village-281,Kolkata,West Bengal,2024-01-31
336,Suresh,Kumar,Male,1986-06-09,9458271607,farmer336@mail.com,Village-114,Vijayawada,Andhra Pradesh,2024-04-25
337,Deepak,Patel,Male,1989-06-28,9478658174,farmer337@mail.com,Village-84,Nashik,Maharashtra,2024-01-28
338,Anita,Singh,Female,1989-12-21,9332079657,farmer338@mail.com,Village-152,Nagpur,Maharashtra,2023-11-30
339,Kiran,Reddy,Female,1972-02-11,9572431504,farmer339@mail.com,Village-337,Coimbatore,Tamil Nadu,2024-07-18
340,Ravi,Das,Male,2002-06-05,9659343486,farmer340@mail.com,Village-116,Madurai,Tamil Nadu,2024-03-26
341,Ravi,Raj,Male,1980-02-13,9761743464,farmer341@mail.com,Village-313,Amritsar,Punjab,2024-11-15
342,Meena,Nair,Female,1969-04-07,9388495795,farmer342@mail.com,Village-323,Vijayawada,Andhra Pradesh,2025-01-26
343,Lakshmi,Nair,Male,1969-08-21,9634598000,farmer343@mail.com,Village-204,Amritsar,Punjab,2023-01-05
344,Suresh,Nair,Male,1983-10-01,9507551937,farmer344@mail.com,Village-232,Kolkata,West Bengal,2025-05-20
345,Suresh,Singh,Female,1997-06-08,9664918775,farmer345@mail.com,Village-285,Kota,Rajasthan,2023-12-28
346,Arun,Nair,Female,1994-01-29,9508745674,farmer346@mail.com,Village-228,Siliguri,West Bengal,2023-11-26
347,Priya,Patel,Female,1989-01-31,9724469329,farmer347@mail.com,Village-119,Guntur,Andhra Pradesh,2023-11-08
348,Deepak,Nair,Male,1979-07-13,9449845410,farmer348@mail.com,Village-105,Mysuru,Karnataka,2025-05-13
349,Suresh,Reddy,Female,1966-02-24,9421928118,farmer349@mail.com,Village-275,Ahmedabad,Gujarat,2023-02-18
350,Vijay,Nair,Female,1992-10-23,9518241313,farmer350@mail.com,Village-238,Vijayawada,Andhra Pradesh,2024-03-23
351,Ravi,Patel,Male,1991-09-05,9826361879,farmer351@mail.com,Village-35,Hyderabad,Telangana,2024-11-23
352,Ravi,Reddy,Female,1969-06-10,9796360585,farmer352@mail.com,Village-288,Lucknow,Uttar Pradesh,2024-02-24
353,Anita,Patel,Female,1973-06-11,9923912230,farmer353@mail.com,Village-320,Kolkata,West Bengal,2024-03-07
354,Meena,Nair,Male,1996-01-09,9283311698,farmer354@mail.com,Village-186,Siliguri,West Bengal,2024-06-26
355,Suresh,Reddy,Male,1968-05-15,9218661068,farmer355@mail.com,Village-336,Warangal,Telangana,2025-04-25
356,Vijay,Patel,Male,1980-05-27,9662702029,farmer356@mail.com,Village-149,Vijayawada,Andhra Pradesh,2025-04-20
357,Lakshmi,Raj,Male,1987-08-26,9776562780,farmer357@mail.com,Village-290,Lucknow,Uttar Pradesh,2023-07-12
358,Rahul,Das,Male,1980-11-04,9842749262,farmer358@mail.com,Village-211,Kolkata,West Bengal,2024-08-06
359,Meena,Reddy,Male,1978-10-05,9426907814,farmer359@mail.com,Village-204,Coimbatore,Tamil Nadu,2024-12-28
360,Arun,Raj,Male,1965-09-10,9634574524,farmer360@mail.com,Village-394,Belagavi,Karnataka,2024-11-15
361,Rahul,Reddy,Male,1976-12-07,9716830021,farmer361@mail.com,Village-102,Varanasi,Uttar Pradesh,2025-06-11
362,Priya,Reddy,Male,1970-06-14,9131175186,farmer362@mail.com,Village-52,Rajkot,Gujarat,2023-05-29
363,Anita,Reddy,Female,1988-06-09,9966080228,farmer363@mail.com,Village-32,Bengaluru,Karnataka,2024-05-17
364,Divya,Singh,Female,1971-06-17,9281907571,farmer364@mail.com,Village-17,Salem,Tamil Nadu,2025-01-02
365,Deepak,Kumar,Female,1969-06-18,9305785630,farmer365@mail.com,Village-231,Vijayawada,Andhra Pradesh,2025-05-29
366,Divya,Patel,Male,1965-11-17,9572061016,farmer366@mail.com,Village-28,Siliguri,West Bengal,2023-02-25
367,Arun,Raj,Male,1976-03-09,9438006949,farmer367@mail.com,Village-4,Kolkata,West Bengal,2023-08-17
368,Suresh,Patel,Male,1983-10-08,9360841799,farmer368@mail.com,Village-347,Kota,Rajasthan,2024-09-09
369,Divya,Patel,Female,1997-03-25,9527991277,farmer369@mail.com,Village-365,Rajkot,Gujarat,2024-08-21
370,Divya,Kumar,Male,2000-07-24,9282454833,farmer370@mail.com,Village-184,Jaipur,Rajasthan,2025-06-08
371,Lakshmi,Reddy,Female,1965-05-06,9223358279,farmer371@mail.com,Village-172,Ahmedabad,Gujarat,2023-10-25
372,Rahul,Kumar,Male,1980-01-26,9553416500,farmer372@mail.com,Village-180,Kanpur,Uttar Pradesh,2024-02-17
373,Anita,Singh,Female,1982-05-18,9354664395,farmer373@mail.com,Village-224,Lucknow,Uttar Pradesh,2023-07-15
374,Ravi,Nair,Male,1994-10-19,9359630459,farmer374@mail.com,Village-362,Salem,Tamil Nadu,2023-01-26
375,Vijay,Nair,Male,1973-10-22,9695900689,farmer375@mail.com,Village-227,Ludhiana,Punjab,2023-10-04
376,Ravi,Raj,Female,1972-02-22,9504686425,farmer376@mail.com,Village-323,Jaipur,Rajasthan,2024-01-12
377,Vijay,Raj,Male,1978-05-03,9586074502,farmer377@mail.com,Village-346,Kolkata,West Bengal,2024-05-02
378,Anita,Reddy,Female,1976-09-12,9674087961,farmer378@mail.com,Village-127,Patiala,Punjab,2024-09-02
379,Priya,Nair,Male,1987-11-21,9827841091,farmer379@mail.com,Village-263,Rajkot,Gujarat,2023-08-06
380,Meena,Nair,Female,2003-03-19,9130834435,farmer380@mail.com,Village-337,Belagavi,Karnataka,2023-10-04
381,Lakshmi,Das,Male,1978-12-10,9845889116,farmer381@mail.com,Village-91,Kolkata,West Bengal,2023-01-16
382,Kiran,Kumar,Female,1973-06-13,9964555813,farmer382@mail.com,Village-257,Nagpur,Maharashtra,2024-11-09
383,Suresh,Kumar,Male,1967-12-16,9409847745,farmer383@mail.com,Village-65,Guntur,Andhra Pradesh,2025-01-05
384,Anita,Nair,Male,1980-12-19,9396912199,farmer384@mail.com,Village-91,Surat,Gujarat,2024-02-18
385,Rahul,Das,Female,1995-06-27,9542994378,farmer385@mail.com,Village-13,Salem,Tamil Nadu,2025-03-29
386,Ravi,Das,Male,2002-12-25,9295052612,farmer386@mail.com,Village-150,Jaipur,Rajasthan,2024-02-15
387,Divya,Das,Male,1992-04-25,9534502949,farmer387@mail.com,Village-21,Mysuru,Karnataka,2025-01-21
388,Suresh,Raj,Female,1984-04-27,9892768822,farmer388@mail.com,Village-21,Kolkata,West Bengal,2023-07-22
389,Priya,Reddy,Male,1993-03-28,9712210285,farmer389@mail.com,Village-255,Kanpur,Uttar Pradesh,2024-10-15
390,Rahul,Reddy,Female,1984-07-05,9101043422,farmer390@mail.com,Village-58,Kanpur,Uttar Pradesh,2024-11-17
391,Deepak,Das,Male,2003-04-26,9362483782,farmer391@mail.com,Village-349,Guntur,Andhra Pradesh,2024-08-22
392,Divya,Nair,Female,2000-07-02,9904796273,farmer392@mail.com,Village-45,Bengaluru,Karnataka,2023-11-23
393,Meena,Reddy,Male,1998-05-16,9401899366,farmer393@mail.com,Village-270,Rajkot,Gujarat,2024-02-08
394,Ravi,Das,Female,1984-01-08,9646167705,farmer394@mail.com,Village-28,Mysuru,Karnataka,2024-03-29
395,Priya,Patel,Male,1995-03-13,9146913133,farmer395@mail.com,Village-360,Nagpur,Maharashtra,2024-06-08
396,Priya,Nair,Male,1972-10-30,9684042105,farmer396@mail.com,Village-134,Kanpur,Uttar Pradesh,2024-07-13
397,Ravi,Patel,Male,1972-07-16,9316263329,farmer397@mail.com,Village-326,Pune,Maharashtra,2024-01-02
398,Meena,Patel,Female,1971-02-16,9355413796,farmer398@mail.com,Village-362,Guntur,Andhra Pradesh,2024-12-03
399,Anita,Raj,Female,1988-02-14,9849525375,farmer399@mail.com,Village-154,Pune,Maharashtra,2024-12-09
400,Deepak,Raj,Female,1971-05-14,9775814897,farmer400@mail.com,Village-61,Patiala,Punjab,2024-08-24
401,Rahul,Das,Male,1999-02-12,9742831274,farmer401@mail.com,Village-237,Kanpur,Uttar Pradesh,2023-06-23
402,Suresh,Kumar,Female,1970-02-19,9622492085,farmer402@mail.com,Village-106,Ahmedabad,Gujarat,2024-12-07
403,Divya,Kumar,Female,1977-08-07,9581055796,farmer403@mail.com,Village-58,Coimbatore,Tamil Nadu,2023-11-08
404,Deepak,Singh,Female,1984-12-19,9280490998,farmer404@mail.com,Village-286,Amritsar,Punjab,2024-04-24
405,Anita,Kumar,Female,1965-06-27,9893493029,farmer405@mail.com,Village-289,Bengaluru,Karnataka,2024-04-24
406,Lakshmi,Patel,Male,1993-12-09,9941680617,farmer406@mail.com,Village-279,Guntur,Andhra Pradesh,2024-05-15
407,Rahul,Singh,Female,1981-02-12,9801231724,farmer407@mail.com,Village-126,Hyderabad,Telangana,2023-04-04
408,Arun,Nair,Female,1998-07-13,9255839934,farmer408@mail.com,Village-152,Bengaluru,Karnataka,2023-01-29
409,Rahul,Raj,Male,1993-08-16,9942476069,farmer409@mail.com,Village-369,Hyderabad,Telangana,2024-06-22
410,Lakshmi,Raj,Female,1992-09-01,9443764478,farmer410@mail.com,Village-118,Vijayawada,Andhra Pradesh,2023-12-01
411,Suresh,Raj,Male,1989-09-21,9144295062,farmer411@mail.com,Village-55,Hyderabad,Telangana,2024-01-14
412,Lakshmi,Kumar,Male,2001-10-09,9630836308,farmer412@mail.com,Village-217,Durgapur,West Bengal,2024-12-23
413,Deepak,Reddy,Male,1972-01-25,9252350734,farmer413@mail.com,Village-353,Udaipur,Rajasthan,2023-11-03
414,Rahul,Patel,Male,1971-03-16,9142888562,farmer414@mail.com,Village-226,Pune,Maharashtra,2024-03-29
415,Ravi,Kumar,Male,1974-10-17,9755777470,farmer415@mail.com,Village-262,Jaipur,Rajasthan,2025-01-10
416,Rahul,Kumar,Female,1977-09-15,9463642627,farmer416@mail.com,Village-33,Ahmedabad,Gujarat,2023-03-15
417,Priya,Das,Male,1994-11-18,9506757800,farmer417@mail.com,Village-152,Jaipur,Rajasthan,2025-04-25
418,Rahul,Singh,Male,2001-01-27,9603410744,farmer418@mail.com,Village-44,Madurai,Tamil Nadu,2024-07-30
419,Lakshmi,Reddy,Male,1988-03-07,9530964512,farmer419@mail.com,Village-312,Kanpur,Uttar Pradesh,2024-04-16
420,Arun,Das,Female,2001-05-21,9754068384,farmer420@mail.com,Village-338,Kolkata,West Bengal,2025-04-09
421,Ravi,Patel,Male,1990-08-15,9421383665,farmer421@mail.com,Village-176,Vijayawada,Andhra Pradesh,2024-03-07
422,Divya,Raj,Female,1966-04-02,9842341355,farmer422@mail.com,Village-44,Varanasi,Uttar Pradesh,2025-05-18
423,Vijay,Reddy,Female,1990-12-23,9486548365,farmer423@mail.com,Village-272,Patiala,Punjab,2024-01-16
424,Suresh,Kumar,Male,1984-10-19,9293812170,farmer424@mail.com,Village-104,Nashik,Maharashtra,2024-02-10
425,Suresh,Das,Male,1970-01-14,9301369612,farmer425@mail.com,Village-272,Varanasi,Uttar Pradesh,2023-08-15
426,Vijay,Patel,Male,1986-12-13,9681137688,farmer426@mail.com,Village-294,Vijayawada,Andhra Pradesh,2023-08-21
427,Deepak,Kumar,Female,1988-01-09,9829600427,farmer427@mail.com,Village-38,Belagavi,Karnataka,2024-08-25
428,Vijay,Das,Male,1987-07-28,9772800940,farmer428@mail.com,Village-370,Jaipur,Rajasthan,2024-07-17
429,Rahul,Patel,Male,1985-08-20,9305777668,farmer429@mail.com,Village-289,Lucknow,Uttar Pradesh,2025-04-30
430,Deepak,Kumar,Female,1971-02-20,9354371775,farmer430@mail.com,Village-25,Jaipur,Rajasthan,2024-01-18
431,Deepak,Raj,Female,1965-09-06,9422047380,farmer431@mail.com,Village-62,Hyderabad,Telangana,2024-12-19
432,Divya,Reddy,Male,1968-12-07,9881910310,farmer432@mail.com,Village-182,Amritsar,Punjab,2024-09-28
433,Ravi,Nair,Male,1998-06-10,9986513971,farmer433@mail.com,Village-131,Amritsar,Punjab,2025-05-11
434,Meena,Reddy,Female,1981-09-25,9875004321,farmer434@mail.com,Village-251,Bengaluru,Karnataka,2024-06-09
435,Vijay,Singh,Male,1969-06-21,9136664476,farmer435@mail.com,Village-346,Salem,Tamil Nadu,2023-12-31
436,Meena,Patel,Male,1980-11-23,9999970042,farmer436@mail.com,Village-298,Nagpur,Maharashtra,2023-07-17
437,Anita,Kumar,Male,2000-06-28,9959737306,farmer437@mail.com,Village-133,Jaipur,Rajasthan,2023-01-22
438,Rahul,Das,Female,1989-11-11,9997870147,farmer438@mail.com,Village-74,Ludhiana,Punjab,2023-10-24
439,Suresh,Patel,Male,1989-02-25,9126583840,farmer439@mail.com,Village-176,Siliguri,West Bengal,2024-12-07
440,Arun,Nair,Male,1987-07-06,9180105306,farmer440@mail.com,Village-94,Amritsar,Punjab,2024-05-10
441,Lakshmi,Nair,Female,1995-06-26,9269955648,farmer441@mail.com,Village-355,Durgapur,West Bengal,2024-09-06
442,Deepak,Reddy,Male,1975-04-14,9487548287,farmer442@mail.com,Village-169,Kota,Rajasthan,2025-06-12
443,Deepak,Reddy,Male,1978-12-18,9326967718,farmer443@mail.com,Village-87,Lucknow,Uttar Pradesh,2023-05-15
444,Deepak,Patel,Female,1985-12-25,9479763495,farmer444@mail.com,Village-161,Karimnagar,Telangana,2023-12-06
445,Ravi,Raj,Male,1990-12-24,9367082478,farmer445@mail.com,Village-236,Salem,Tamil Nadu,2024-05-10
446,Meena,Das,Male,1993-04-20,9392773826,farmer446@mail.com,Village-197,Kolkata,West Bengal,2023-05-30
447,Ravi,Reddy,Male,1987-06-07,9850126018,farmer447@mail.com,Village-18,Guntur,Andhra Pradesh,2023-09-26
448,Lakshmi,Das,Male,1973-12-09,9489672113,farmer448@mail.com,Village-145,Lucknow,Uttar Pradesh,2025-03-03
449,Suresh,Nair,Female,1995-07-25,9894066551,farmer449@mail.com,Village-186,Pune,Maharashtra,2023-03-15
450,Vijay,Das,Female,1976-01-01,9459088982,farmer450@mail.com,Village-31,Varanasi,Uttar Pradesh,2023-12-25
451,Anita,Reddy,Female,1979-07-02,9361372382,farmer451@mail.com,Village-121,Karimnagar,Telangana,2025-03-12
452,Arun,Nair,Female,1971-01-31,9534845591,farmer452@mail.com,Village-229,Hyderabad,Telangana,2023-07-30
453,Priya,Reddy,Male,1999-08-25,9254420079,farmer453@mail.com,Village-155,Rajkot,Gujarat,2023-11-06
454,Vijay,Das,Female,1997-08-06,9178920596,farmer454@mail.com,Village-98,Kurnool,Andhra Pradesh,2024-08-08
455,Suresh,Reddy,Female,1991-03-29,9602374192,farmer455@mail.com,Village-183,Kolkata,West Bengal,2023-07-03
456,Anita,Singh,Male,1968-01-15,9396215328,farmer456@mail.com,Village-132,Rajkot,Gujarat,2025-05-08
457,Rahul,Singh,Male,1999-01-10,9856338515,farmer457@mail.com,Village-11,Lucknow,Uttar Pradesh,2023-06-18
458,Divya,Reddy,Female,1982-12-04,9638928375,farmer458@mail.com,Village-332,Pune,Maharashtra,2024-04-03
459,Arun,Raj,Male,1975-11-05,9185156747,farmer459@mail.com,Village-38,Bengaluru,Karnataka,2025-01-21
460,Arun,Raj,Female,1997-04-03,9676534329,farmer460@mail.com,Village-329,Siliguri,West Bengal,2023-05-20
461,Ravi,Singh,Male,1966-03-28,9796786634,farmer461@mail.com,Village-249,Salem,Tamil Nadu,2023-08-06
462,Ravi,Raj,Male,1995-06-17,9544821036,farmer462@mail.com,Village-24,Rajkot,Gujarat,2025-03-30
463,Anita,Reddy,Female,1992-06-27,9375970303,farmer463@mail.com,Village-238,Belagavi,Karnataka,2023-12-09
464,Rahul,Singh,Male,1979-03-20,9545747780,farmer464@mail.com,Village-315,Coimbatore,Tamil Nadu,2024-07-31
465,Priya,Raj,Male,1969-03-12,9668527117,farmer465@mail.com,Village-393,Hyderabad,Telangana,2023-01-20
466,Lakshmi,Singh,Male,2001-07-07,9805834226,farmer466@mail.com,Village-309,Mysuru,Karnataka,2024-01-06
467,Deepak,Singh,Female,1975-04-27,9919596300,farmer467@mail.com,Village-17,Siliguri,West Bengal,2025-01-28
468,Meena,Patel,Female,1999-08-29,9488001858,farmer468@mail.com,Village-268,Vijayawada,Andhra Pradesh,2024-07-16
469,Arun,Reddy,Female,1970-12-01,9207149460,farmer469@mail.com,Village-336,Kanpur,Uttar Pradesh,2023-09-16
470,Lakshmi,Nair,Male,1993-03-18,9130012420,farmer470@mail.com,Village-320,Hyderabad,Telangana,2023-08-22
471,Vijay,Raj,Male,1967-09-13,9378220549,farmer471@mail.com,Village-311,Ludhiana,Punjab,2024-07-10
472,Meena,Nair,Male,1971-09-13,9667470416,farmer472@mail.com,Village-15,Karimnagar,Telangana,2023-07-01
473,Anita,Raj,Female,1975-11-19,9959567224,farmer473@mail.com,Village-200,Karimnagar,Telangana,2024-03-28
474,Arun,Kumar,Male,1979-07-12,9170264493,farmer474@mail.com,Village-331,Jaipur,Rajasthan,2025-03-19
475,Divya,Reddy,Female,1980-09-24,9540156179,farmer475@mail.com,Village-193,Rajkot,Gujarat,2023-03-03
476,Suresh,Das,Female,1976-04-20,9359662100,farmer476@mail.com,Village-119,Pune,Maharashtra,2023-01-22
477,Lakshmi,Das,Female,1979-08-17,9420469340,farmer477@mail.com,Village-256,Hyderabad,Telangana,2025-02-16
478,Anita,Nair,Female,2000-06-22,9906959425,farmer478@mail.com,Village-70,Nashik,Maharashtra,2023-06-10
479,Arun,Patel,Male,1968-12-19,9273514221,farmer479@mail.com,Village-164,Kurnool,Andhra Pradesh,2023-12-06
480,Deepak,Kumar,Male,1985-04-28,9889744972,farmer480@mail.com,Village-185,Durgapur,West Bengal,2023-08-06
481,Priya,Singh,Male,1973-03-06,9964384132,farmer481@mail.com,Village-58,Madurai,Tamil Nadu,2024-03-21
482,Priya,Reddy,Female,1970-12-26,9204741786,farmer482@mail.com,Village-385,Ludhiana,Punjab,2023-11-06
483,Kiran,Patel,Female,1995-08-18,9789515913,farmer483@mail.com,Village-341,Amritsar,Punjab,2024-02-11
484,Divya,Raj,Male,1966-06-24,9140666911,farmer484@mail.com,Village-70,Surat,Gujarat,2024-08-22
485,Lakshmi,Das,Male,1975-05-24,9882225580,farmer485@mail.com,Village-11,Varanasi,Uttar Pradesh,2024-08-11
486,Kiran,Kumar,Female,1967-11-24,9245825204,farmer486@mail.com,Village-270,Salem,Tamil Nadu,2025-06-18
487,Rahul,Reddy,Male,1973-01-11,9779894744,farmer487@mail.com,Village-378,Ahmedabad,Gujarat,2023-08-18
488,Ravi,Nair,Female,1970-01-15,9183029807,farmer488@mail.com,Village-179,Varanasi,Uttar Pradesh,2024-06-26
489,Suresh,Das,Male,1997-10-23,9116328521,farmer489@mail.com,Village-136,Pune,Maharashtra,2023-03-16
490,Vijay,Kumar,Female,1966-12-09,9947739352,farmer490@mail.com,Village-285,Guntur,Andhra Pradesh,2023-07-21
491,Meena,Kumar,Female,1965-06-23,9684082888,farmer491@mail.com,Village-145,Warangal,Telangana,2023-11-30
492,Meena,Das,Female,1995-12-19,9528727012,farmer492@mail.com,Village-217,Kanpur,Uttar Pradesh,2024-02-25
493,Priya,Patel,Female,1983-10-21,9540204569,farmer493@mail.com,Village-74,Karimnagar,Telangana,2024-01-28
494,Suresh,Das,Female,1992-04-07,9358516216,farmer494@mail.com,Village-102,Erode,Tamil Nadu,2024-05-28
495,Arun,Das,Male,2002-10-26,9535745242,farmer495@mail.com,Village-356,Bengaluru,Karnataka,2024-09-27
496,Anita,Reddy,Female,1995-09-21,9589082960,farmer496@mail.com,Village-296,Kanpur,Uttar Pradesh,2024-10-23
497,Anita,Reddy,Female,1998-06-22,9735970722,farmer497@mail.com,Village-280,Madurai,Tamil Nadu,2024-10-24
498,Meena,Nair,Female,2002-01-03,9481396404,farmer498@mail.com,Village-365,Ahmedabad,Gujarat,2024-10-06
499,Deepak,Das,Female,1988-08-10,9177304168,farmer499@mail.com,Village-322,Mysuru,Karnataka,2023-09-30
500,Suresh,Singh,Female,1975-01-06,9874770594,farmer500@mail.com,Village-179,Varanasi,Uttar Pradesh,2024-09-19
501,Divya,Raj,Male,1986-05-19,9913098088,farmer501@mail.com,Village-271,Varanasi,Uttar Pradesh,2024-08-07
502,Priya,Nair,Female,1974-03-11,9356240118,farmer502@mail.com,Village-345,Karimnagar,Telangana,2024-06-24
503,Anita,Raj,Male,2001-11-13,9445705174,farmer503@mail.com,Village-196,Ludhiana,Punjab,2024-11-08
504,Priya,Das,Female,1970-07-09,9502810910,farmer504@mail.com,Village-53,Warangal,Telangana,2024-02-24
505,Vijay,Reddy,Female,1994-09-28,9586195735,farmer505@mail.com,Village-340,Warangal,Telangana,2025-04-02
506,Anita,Das,Male,1982-09-29,9582447861,farmer506@mail.com,Village-325,Mysuru,Karnataka,2023-10-25
507,Vijay,Raj,Male,2000-10-23,9830337649,farmer507@mail.com,Village-67,Udaipur,Rajasthan,2023-06-28
508,Divya,Reddy,Female,1988-05-11,9661981732,farmer508@mail.com,Village-175,Warangal,Telangana,2024-11-07
509,Divya,Kumar,Female,1965-10-19,9161992120,farmer509@mail.com,Village-303,Surat,Gujarat,2024-07-23
510,Suresh,Singh,Female,1997-03-20,9359664703,farmer510@mail.com,Village-136,Amritsar,Punjab,2024-07-11
511,Anita,Nair,Male,1988-07-23,9316555410,farmer511@mail.com,Village-66,Jaipur,Rajasthan,2024-10-13
512,Ravi,Kumar,Female,1992-09-19,9503433148,farmer512@mail.com,Village-188,Surat,Gujarat,2025-03-10
513,Rahul,Reddy,Female,1983-04-20,9478335632,farmer513@mail.com,Village-123,Salem,Tamil Nadu,2024-03-17
514,Divya,Nair,Female,1970-10-23,9168028229,farmer514@mail.com,Village-341,Rajkot,Gujarat,2024-09-25
515,Anita,Patel,Female,1968-03-05,9664589628,farmer515@mail.com,Village-213,Nagpur,Maharashtra,2023-03-23
516,Arun,Kumar,Female,1998-12-17,9596260010,farmer516@mail.com,Village-359,Udaipur,Rajasthan,2025-03-21
517,Kiran,Patel,Female,1986-03-31,9627497311,farmer517@mail.com,Village-70,Surat,Gujarat,2023-06-30
518,Meena,Raj,Female,1995-01-27,9681608741,farmer518@mail.com,Village-21,Lucknow,Uttar Pradesh,2023-08-26
519,Lakshmi,Nair,Female,1979-10-24,9226829527,farmer519@mail.com,Village-47,Vijayawada,Andhra Pradesh,2025-02-26
520,Arun,Kumar,Female,1990-08-13,9194757976,farmer520@mail.com,Village-386,Pune,Maharashtra,2025-04-17
521,Rahul,Raj,Female,1985-05-18,9618393381,farmer521@mail.com,Village-29,Nashik,Maharashtra,2023-02-26
522,Deepak,Raj,Female,1998-07-21,9977085417,farmer522@mail.com,Village-26,Varanasi,Uttar Pradesh,2024-03-03
523,Vijay,Kumar,Male,1979-12-31,9678623275,farmer523@mail.com,Village-141,Amritsar,Punjab,2023-07-14
524,Lakshmi,Singh,Female,1968-11-20,9696671593,farmer524@mail.com,Village-203,Kanpur,Uttar Pradesh,2023-11-17
525,Suresh,Singh,Male,1995-07-21,9508264963,farmer525@mail.com,Village-224,Kanpur,Uttar Pradesh,2023-02-22
526,Priya,Kumar,Male,1978-09-06,9676437181,farmer526@mail.com,Village-334,Kanpur,Uttar Pradesh,2023-07-26
527,Meena,Reddy,Male,1994-06-11,9492697622,farmer527@mail.com,Village-175,Warangal,Telangana,2024-05-15
528,Rahul,Kumar,Female,1996-09-17,9109137423,farmer528@mail.com,Village-273,Nagpur,Maharashtra,2024-07-23
529,Ravi,Kumar,Female,1990-05-05,9335892805,farmer529@mail.com,Village-225,Mysuru,Karnataka,2025-04-23
530,Deepak,Reddy,Female,1996-11-15,9535944200,farmer530@mail.com,Village-373,Guntur,Andhra Pradesh,2023-08-03
531,Priya,Patel,Male,1974-02-12,9152573688,farmer531@mail.com,Village-71,Jaipur,Rajasthan,2023-03-01
532,Arun,Das,Male,1987-04-21,9634956415,farmer532@mail.com,Village-114,Belagavi,Karnataka,2023-07-04
533,Priya,Raj,Male,1988-12-22,9654299835,farmer533@mail.com,Village-52,Guntur,Andhra Pradesh,2025-05-08
534,Kiran,Kumar,Female,1974-01-17,9340270483,farmer534@mail.com,Village-338,Jaipur,Rajasthan,2025-03-14
535,Lakshmi,Raj,Male,1984-11-05,9847010368,farmer535@mail.com,Village-69,Vijayawada,Andhra Pradesh,2024-12-03
536,Suresh,Nair,Male,2002-07-05,9724977986,farmer536@mail.com,Village-164,Erode,Tamil Nadu,2024-04-02
537,Suresh,Singh,Male,1971-11-28,9263099035,farmer537@mail.com,Village-341,Varanasi,Uttar Pradesh,2023-11-13
538,Lakshmi,Raj,Female,1966-06-24,9339836285,farmer538@mail.com,Village-336,Nagpur,Maharashtra,2023-12-02
539,Anita,Raj,Male,1969-03-14,9561557050,farmer539@mail.com,Village-171,Varanasi,Uttar Pradesh,2023-07-22
540,Ravi,Kumar,Male,1966-09-28,9804509371,farmer540@mail.com,Village-269,Ahmedabad,Gujarat,2025-04-28
541,Ravi,Kumar,Female,1978-01-16,9199848842,farmer541@mail.com,Village-103,Lucknow,Uttar Pradesh,2024-05-16
542,Deepak,Reddy,Male,1978-08-04,9316171000,farmer542@mail.com,Village-72,Kota,Rajasthan,2024-09-04
543,Divya,Reddy,Female,1999-06-11,9134793432,farmer543@mail.com,Village-298,Kota,Rajasthan,2025-02-22
544,Divya,Raj,Female,1965-01-22,9153746899,farmer544@mail.com,Village-89,Kolkata,West Bengal,2023-12-19
545,Divya,Singh,Female,1985-03-03,9292046613,farmer545@mail.com,Village-57,Warangal,Telangana,2024-05-07
546,Anita,Kumar,Male,1997-06-18,9946096881,farmer546@mail.com,Village-83,Guntur,Andhra Pradesh,2024-07-26
547,Arun,Kumar,Male,1985-09-12,9543465351,farmer547@mail.com,Village-332,Siliguri,West Bengal,2023-02-06
548,Ravi,Kumar,Female,1990-12-05,9881280165,farmer548@mail.com,Village-340,Amritsar,Punjab,2025-05-07
549,Kiran,Singh,Male,1972-08-12,9792309039,farmer549@mail.com,Village-246,Amritsar,Punjab,2024-11-09
550,Kiran,Raj,Male,1976-09-20,9264363681,farmer550@mail.com,Village-255,Guntur,Andhra Pradesh,2023-04-07
551,Ravi,Patel,Male,1989-04-09,9276122397,farmer551@mail.com,Village-292,Vijayawada,Andhra Pradesh,2023-05-01
552,Ravi,Raj,Female,1987-09-26,9533489421,farmer552@mail.com,Village-285,Lucknow,Uttar Pradesh,2023-09-20
553,Vijay,Reddy,Male,1975-10-06,9201999504,farmer553@mail.com,Village-8,Pune,Maharashtra,2025-01-14
554,Meena,Reddy,Male,1986-11-28,9839764098,farmer554@mail.com,Village-381,Bengaluru,Karnataka,2025-03-21
555,Priya,Nair,Female,1998-08-24,9133200146,farmer555@mail.com,Village-218,Pune,Maharashtra,2023-06-25
556,Suresh,Reddy,Male,1988-03-29,9190544387,farmer556@mail.com,Village-340,Rajkot,Gujarat,2023-04-23
557,Deepak,Nair,Male,1975-06-30,9981935046,farmer557@mail.com,Village-126,Kolkata,West Bengal,2023-09-07
558,Arun,Raj,Male,1980-02-18,9974719246,farmer558@mail.com,Village-156,Belagavi,Karnataka,2023-04-11
559,Anita,Reddy,Male,2001-05-12,9111559693,farmer559@mail.com,Village-163,Hyderabad,Telangana,2025-02-16
560,Divya,Raj,Male,1966-06-13,9262386789,farmer560@mail.com,Village-177,Surat,Gujarat,2023-04-01
561,Rahul,Singh,Male,1973-11-22,9103057310,farmer561@mail.com,Village-246,Ludhiana,Punjab,2023-08-13
562,Ravi,Kumar,Male,1988-07-29,9313716422,farmer562@mail.com,Village-321,Madurai,Tamil Nadu,2025-03-08
563,Kiran,Das,Female,2000-04-14,9725752439,farmer563@mail.com,Village-84,Salem,Tamil Nadu,2024-02-26
564,Anita,Raj,Female,1999-08-20,9989518895,farmer564@mail.com,Village-356,Udaipur,Rajasthan,2025-02-02
565,Rahul,Reddy,Male,1998-06-02,9567422267,farmer565@mail.com,Village-198,Guntur,Andhra Pradesh,2024-04-22
566,Vijay,Das,Male,1998-07-22,9173048738,farmer566@mail.com,Village-130,Kanpur,Uttar Pradesh,2024-08-30
567,Anita,Reddy,Male,1973-11-19,9628947426,farmer567@mail.com,Village-295,Pune,Maharashtra,2024-08-24
568,Lakshmi,Nair,Female,1994-10-08,9986663079,farmer568@mail.com,Village-195,Madurai,Tamil Nadu,2025-03-13
569,Rahul,Nair,Female,1975-03-31,9812191026,farmer569@mail.com,Village-305,Ahmedabad,Gujarat,2024-10-30
570,Anita,Reddy,Male,1965-03-15,9218752777,farmer570@mail.com,Village-244,Surat,Gujarat,2023-11-04
571,Anita,Raj,Female,1992-02-17,9685623536,farmer571@mail.com,Village-110,Surat,Gujarat,2023-11-03
572,Anita,Reddy,Male,1982-09-02,9413674050,farmer572@mail.com,Village-172,Mysuru,Karnataka,2025-05-14
573,Anita,Patel,Male,1973-05-27,9229612053,farmer573@mail.com,Village-111,Mysuru,Karnataka,2024-12-19
574,Lakshmi,Singh,Female,2001-11-30,9262032115,farmer574@mail.com,Village-186,Madurai,Tamil Nadu,2023-07-08
575,Deepak,Patel,Female,1980-10-08,9636526461,farmer575@mail.com,Village-164,Ludhiana,Punjab,2025-04-15
576,Priya,Patel,Male,1973-07-01,9100378595,farmer576@mail.com,Village-90,Varanasi,Uttar Pradesh,2025-05-27
577,Rahul,Singh,Female,1985-05-23,9826109272,farmer577@mail.com,Village-52,Bengaluru,Karnataka,2024-08-01
578,Rahul,Patel,Male,1998-10-14,9908879691,farmer578@mail.com,Village-130,Varanasi,Uttar Pradesh,2024-06-10
579,Ravi,Patel,Female,1988-01-26,9417649652,farmer579@mail.com,Village-186,Ahmedabad,Gujarat,2024-09-30
580,Rahul,Patel,Male,1996-10-25,9802871788,farmer580@mail.com,Village-256,Vijayawada,Andhra Pradesh,2024-10-09
581,Arun,Nair,Male,1996-01-09,9698517728,farmer581@mail.com,Village-194,Kota,Rajasthan,2023-01-19
582,Priya,Das,Female,1998-09-10,9137696067,farmer582@mail.com,Village-167,Kota,Rajasthan,2024-06-08
583,Priya,Raj,Male,1965-04-26,9521142118,farmer583@mail.com,Village-89,Jaipur,Rajasthan,2023-10-05
584,Divya,Singh,Male,1977-08-07,9551726042,farmer584@mail.com,Village-281,Durgapur,West Bengal,2024-10-04
585,Rahul,Das,Female,1968-10-13,9629346878,farmer585@mail.com,Village-364,Rajkot,Gujarat,2025-04-04
586,Priya,Nair,Female,1977-06-13,9986776666,farmer586@mail.com,Village-25,Karimnagar,Telangana,2023-11-28
587,Vijay,Nair,Male,1971-04-11,9274106760,farmer587@mail.com,Village-158,Kanpur,Uttar Pradesh,2023-07-25
588,Arun,Reddy,Female,1995-07-27,9511211293,farmer588@mail.com,Village-398,Lucknow,Uttar Pradesh,2023-11-16
589,Suresh,Patel,Male,1973-05-25,9766488466,farmer589@mail.com,Village-165,Karimnagar,Telangana,2023-10-06
590,Suresh,Singh,Female,1969-11-12,9443195778,farmer590@mail.com,Village-198,Kota,Rajasthan,2024-11-28
591,Deepak,Patel,Female,1970-01-17,9784093826,farmer591@mail.com,Village-82,Kota,Rajasthan,2023-07-28
592,Vijay,Patel,Female,1971-10-28,9908132215,farmer592@mail.com,Village-40,Hyderabad,Telangana,2023-10-13
593,Lakshmi,Reddy,Female,1981-04-10,9776666439,farmer593@mail.com,Village-63,Kurnool,Andhra Pradesh,2025-01-04
594,Arun,Reddy,Female,1999-08-09,9479733450,farmer594@mail.com,Village-309,Kurnool,Andhra Pradesh,2023-01-13
595,Vijay,Kumar,Female,1975-12-02,9995930209,farmer595@mail.com,Village-365,Warangal,Telangana,2023-03-13
596,Priya,Das,Male,1972-06-11,9931731100,farmer596@mail.com,Village-207,Mysuru,Karnataka,2024-10-22
597,Lakshmi,Patel,Female,2002-08-24,9965148698,farmer597@mail.com,Village-173,Rajkot,Gujarat,2023-12-16
598,Priya,Reddy,Female,1996-12-12,9818773956,farmer598@mail.com,Village-148,Hyderabad,Telangana,2025-06-11
599,Kiran,Patel,Male,1980-03-12,9639163587,farmer599@mail.com,Village-2,Ludhiana,Punjab,2024-11-29
600,Lakshmi,Patel,Male,1975-07-27,9716029984,farmer600@mail.com,Village-374,Durgapur,West Bengal,2024-08-14
601,Priya,Raj,Male,2000-05-15,9821071488,farmer601@mail.com,Village-387,Vijayawada,Andhra Pradesh,2025-05-23
602,Arun,Das,Female,1970-08-10,9408684976,farmer602@mail.com,Village-68,Nashik,Maharashtra,2023-10-17
603,Kiran,Nair,Female,1977-05-04,9752490906,farmer603@mail.com,Village-110,Rajkot,Gujarat,2024-12-30
604,Rahul,Reddy,Male,1969-03-18,9486242007,farmer604@mail.com,Village-12,Nagpur,Maharashtra,2024-01-04
605,Ravi,Raj,Male,1970-06-20,9591491560,farmer605@mail.com,Village-323,Lucknow,Uttar Pradesh,2025-05-08
606,Arun,Patel,Male,1977-05-04,9142525907,farmer606@mail.com,Village-276,Amritsar,Punjab,2024-05-30
607,Suresh,Das,Female,1986-09-13,9455447524,farmer607@mail.com,Village-272,Jaipur,Rajasthan,2023-08-18
608,Divya,Singh,Male,1974-10-10,9339430373,farmer608@mail.com,Village-399,Kolkata,West Bengal,2024-07-23
609,Suresh,Patel,Female,2001-05-15,9167706150,farmer609@mail.com,Village-323,Ludhiana,Punjab,2024-05-31
610,Kiran,Patel,Female,1969-01-06,9649848733,farmer610@mail.com,Village-302,Vijayawada,Andhra Pradesh,2024-08-21
611,Arun,Nair,Female,1994-11-28,9670735092,farmer611@mail.com,Village-169,Ahmedabad,Gujarat,2025-06-07
612,Deepak,Raj,Female,1993-10-15,9587445609,farmer612@mail.com,Village-350,Guntur,Andhra Pradesh,2024-05-04
613,Deepak,Raj,Male,1973-07-23,9532586284,farmer613@mail.com,Village-85,Siliguri,West Bengal,2023-12-16
614,Vijay,Kumar,Female,1968-06-06,9934759696,farmer614@mail.com,Village-102,Guntur,Andhra Pradesh,2025-01-23
615,Meena,Nair,Female,1974-01-10,9902784895,farmer615@mail.com,Village-12,Nagpur,Maharashtra,2024-07-27
616,Ravi,Raj,Female,1965-09-16,9113973187,farmer616@mail.com,Village-329,Durgapur,West Bengal,2023-03-06
617,Rahul,Raj,Female,1990-01-08,9480714818,farmer617@mail.com,Village-157,Kanpur,Uttar Pradesh,2023-12-30
618,Meena,Singh,Female,1998-03-02,9131551614,farmer618@mail.com,Village-366,Bengaluru,Karnataka,2023-06-29
619,Priya,Singh,Female,1980-05-20,9621860352,farmer619@mail.com,Village-43,Jaipur,Rajasthan,2023-04-20
620,Priya,Nair,Male,1986-05-13,9667259199,farmer620@mail.com,Village-289,Warangal,Telangana,2025-04-21
621,Ravi,Singh,Male,1982-06-12,9307323759,farmer621@mail.com,Village-364,Vijayawada,Andhra Pradesh,2023-08-03
622,Meena,Das,Female,1984-08-04,9272824145,farmer622@mail.com,Village-224,Vijayawada,Andhra Pradesh,2025-03-04
623,Divya,Das,Female,1965-07-30,9129638743,farmer623@mail.com,Village-5,Ludhiana,Punjab,2023-04-24
624,Divya,Reddy,Male,2000-01-03,9447211740,farmer624@mail.com,Village-174,Mysuru,Karnataka,2023-02-14
625,Rahul,Raj,Male,1985-09-18,9361362306,farmer625@mail.com,Village-105,Durgapur,West Bengal,2024-05-11
626,Deepak,Raj,Male,1969-09-01,9572485985,farmer626@mail.com,Village-234,Warangal,Telangana,2023-04-11
627,Meena,Patel,Male,1993-07-19,9712204890,farmer627@mail.com,Village-371,Durgapur,West Bengal,2024-12-02
628,Rahul,Das,Male,1972-07-31,9869688432,farmer628@mail.com,Village-333,Madurai,Tamil Nadu,2024-02-14
629,Priya,Kumar,Female,1986-02-28,9743248426,farmer629@mail.com,Village-196,Udaipur,Rajasthan,2024-09-12
630,Divya,Kumar,Female,1975-09-15,9707823866,farmer630@mail.com,Village-382,Belagavi,Karnataka,2025-03-30
631,Rahul,Kumar,Male,1998-02-16,9200714018,farmer631@mail.com,Village-103,Nashik,Maharashtra,2025-01-29
632,Lakshmi,Raj,Male,1985-12-05,9932513256,farmer632@mail.com,Village-345,Coimbatore,Tamil Nadu,2023-02-19
633,Priya,Patel,Male,1976-10-18,9614157782,farmer633@mail.com,Village-388,Madurai,Tamil Nadu,2023-02-12
634,Priya,Nair,Male,1969-05-02,9761318606,farmer634@mail.com,Village-263,Belagavi,Karnataka,2023-07-11
635,Lakshmi,Kumar,Male,1987-11-14,9131903113,farmer635@mail.com,Village-285,Hyderabad,Telangana,2025-03-16
636,Deepak,Reddy,Male,1990-03-12,9857987301,farmer636@mail.com,Village-28,Belagavi,Karnataka,2024-09-26
637,Lakshmi,Das,Male,1978-01-20,9701186909,farmer637@mail.com,Village-382,Varanasi,Uttar Pradesh,2024-04-13
638,Vijay,Nair,Female,1973-05-28,9324152401,farmer638@mail.com,Village-63,Pune,Maharashtra,2025-04-29
639,Deepak,Kumar,Female,1984-03-31,9827622743,farmer639@mail.com,Village-49,Nashik,Maharashtra,2023-04-24
640,Kiran,Kumar,Female,1975-09-20,9394203740,farmer640@mail.com,Village-155,Belagavi,Karnataka,2025-05-20
641,Deepak,Reddy,Female,1971-08-19,9925482088,farmer641@mail.com,Village-99,Kurnool,Andhra Pradesh,2024-05-20
642,Kiran,Das,Male,1968-05-13,9658479961,farmer642@mail.com,Village-198,Coimbatore,Tamil Nadu,2023-02-14
643,Rahul,Raj,Male,1992-05-29,9123158138,farmer643@mail.com,Village-31,Kota,Rajasthan,2024-08-11
644,Arun,Raj,Female,2003-02-17,9574313557,farmer644@mail.com,Village-131,Erode,Tamil Nadu,2024-03-17
645,Ravi,Kumar,Female,2000-05-02,9510483016,farmer645@mail.com,Village-49,Amritsar,Punjab,2023-11-04
646,Rahul,Patel,Female,1972-04-23,9394415825,farmer646@mail.com,Village-128,Amritsar,Punjab,2024-10-31
647,Ravi,Raj,Female,1989-02-15,9976246507,farmer647@mail.com,Village-169,Madurai,Tamil Nadu,2023-01-22
648,Kiran,Reddy,Male,1980-05-15,9212586170,farmer648@mail.com,Village-19,Erode,Tamil Nadu,2025-03-24
649,Ravi,Kumar,Male,1993-02-15,9591809641,farmer649@mail.com,Village-83,Warangal,Telangana,2023-12-12
650,Rahul,Reddy,Male,1967-05-25,9537553650,farmer650@mail.com,Village-266,Nashik,Maharashtra,2024-10-27
651,Suresh,Nair,Male,1974-07-12,9866968691,farmer651@mail.com,Village-134,Belagavi,Karnataka,2023-08-12
652,Deepak,Patel,Male,1970-04-23,9841566633,farmer652@mail.com,Village-382,Rajkot,Gujarat,2023-06-30
653,Suresh,Kumar,Male,1976-02-24,9842113802,farmer653@mail.com,Village-108,Kurnool,Andhra Pradesh,2023-12-16
654,Meena,Reddy,Male,1994-06-05,9804499082,farmer654@mail.com,Village-36,Vijayawada,Andhra Pradesh,2024-10-20
655,Suresh,Kumar,Male,1996-03-04,9883400145,farmer655@mail.com,Village-35,Kolkata,West Bengal,2024-02-05
656,Kiran,Raj,Male,1968-04-18,9875719807,farmer656@mail.com,Village-253,Lucknow,Uttar Pradesh,2024-01-06
657,Anita,Raj,Male,1977-04-08,9373738271,farmer657@mail.com,Village-156,Varanasi,Uttar Pradesh,2025-02-26
658,Priya,Patel,Male,1996-04-03,9594599969,farmer658@mail.com,Village-176,Surat,Gujarat,2024-12-07
659,Divya,Kumar,Male,1966-05-18,9962076792,farmer659@mail.com,Village-180,Hyderabad,Telangana,2024-02-02
660,Divya,Kumar,Male,1993-01-12,9269689438,farmer660@mail.com,Village-338,Warangal,Telangana,2023-01-11
661,Priya,Kumar,Male,1994-08-30,9616890095,farmer661@mail.com,Village-50,Siliguri,West Bengal,2023-09-27
662,Kiran,Reddy,Male,1976-05-23,9166630402,farmer662@mail.com,Village-34,Madurai,Tamil Nadu,2024-10-29
663,Priya,Singh,Female,1977-01-14,9682162771,farmer663@mail.com,Village-370,Guntur,Andhra Pradesh,2025-05-23
664,Meena,Singh,Female,1981-07-27,9493236601,farmer664@mail.com,Village-86,Ludhiana,Punjab,2025-03-17
665,Divya,Nair,Male,1970-01-01,9406316557,farmer665@mail.com,Village-390,Varanasi,Uttar Pradesh,2025-06-12
666,Divya,Raj,Female,1975-01-18,9492291012,farmer666@mail.com,Village-124,Ahmedabad,Gujarat,2024-10-26
667,Kiran,Das,Female,1965-05-04,9998104479,farmer667@mail.com,Village-190,Kota,Rajasthan,2023-02-21
668,Anita,Patel,Male,1966-04-27,9217983160,farmer668@mail.com,Village-236,Nagpur,Maharashtra,2024-04-28
669,Lakshmi,Kumar,Female,1987-01-29,9614881283,farmer669@mail.com,Village-89,Varanasi,Uttar Pradesh,2023-04-06
670,Kiran,Raj,Male,1984-10-01,9385712023,farmer670@mail.com,Village-185,Nagpur,Maharashtra,2023-03-04
671,Vijay,Kumar,Male,1975-09-23,9646872685,farmer671@mail.com,Village-114,Kota,Rajasthan,2023-12-13
672,Deepak,Nair,Female,1974-09-07,9218162609,farmer672@mail.com,Village-31,Udaipur,Rajasthan,2024-07-30
673,Vijay,Raj,Female,1967-07-07,9328046104,farmer673@mail.com,Village-52,Rajkot,Gujarat,2023-09-03
674,Anita,Nair,Male,1976-11-25,9179924033,farmer674@mail.com,Village-232,Mysuru,Karnataka,2024-04-24
675,Rahul,Nair,Female,1974-03-19,9173171029,farmer675@mail.com,Village-62,Hyderabad,Telangana,2023-10-15
676,Vijay,Kumar,Male,1976-07-17,9791020976,farmer676@mail.com,Village-241,Kota,Rajasthan,2023-07-04
677,Rahul,Reddy,Male,1999-08-28,9799152207,farmer677@mail.com,Village-187,Erode,Tamil Nadu,2024-05-25
678,Meena,Kumar,Female,2001-01-18,9804865440,farmer678@mail.com,Village-334,Amritsar,Punjab,2023-11-26
679,Deepak,Patel,Male,1975-03-07,9582518730,farmer679@mail.com,Village-112,Patiala,Punjab,2023-01-17
680,Divya,Singh,Female,1984-09-10,9726316784,farmer680@mail.com,Village-103,Salem,Tamil Nadu,2023-05-24
681,Priya,Kumar,Female,1966-02-15,9619916348,farmer681@mail.com,Village-120,Mysuru,Karnataka,2024-11-26
682,Meena,Patel,Male,1981-10-06,9767030157,farmer682@mail.com,Village-111,Mysuru,Karnataka,2024-06-07
683,Anita,Singh,Male,1974-01-22,9911525956,farmer683@mail.com,Village-165,Nagpur,Maharashtra,2023-11-14
684,Lakshmi,Das,Male,1972-12-18,9710515223,farmer684@mail.com,Village-192,Madurai,Tamil Nadu,2023-12-18
685,Arun,Raj,Female,2002-02-22,9751385184,farmer685@mail.com,Village-233,Ludhiana,Punjab,2025-05-07
686,Lakshmi,Raj,Female,1989-07-30,9358170371,farmer686@mail.com,Village-288,Udaipur,Rajasthan,2024-12-29
687,Priya,Reddy,Male,1983-08-31,9724287385,farmer687@mail.com,Village-165,Mysuru,Karnataka,2023-06-02
688,Priya,Kumar,Female,1975-07-06,9948273320,farmer688@mail.com,Village-210,Erode,Tamil Nadu,2024-03-08
689,Priya,Das,Female,1994-09-07,9864571901,farmer689@mail.com,Village-209,Vijayawada,Andhra Pradesh,2023-08-17
690,Kiran,Kumar,Female,1984-07-16,9175736017,farmer690@mail.com,Village-148,Bengaluru,Karnataka,2025-04-19
691,Vijay,Patel,Female,1983-11-05,9966560383,farmer691@mail.com,Village-340,Ludhiana,Punjab,2023-03-17
692,Divya,Patel,Female,1970-03-26,9660383096,farmer692@mail.com,Village-286,Varanasi,Uttar Pradesh,2024-04-01
693,Suresh,Reddy,Female,1968-05-30,9294911476,farmer693@mail.com,Village-355,Nagpur,Maharashtra,2024-08-29
694,Ravi,Reddy,Female,1975-08-12,9827351801,farmer694@mail.com,Village-38,Vijayawada,Andhra Pradesh,2024-02-26
695,Ravi,Nair,Male,1974-07-11,9577704426,farmer695@mail.com,Village-244,Madurai,Tamil Nadu,2024-11-19
696,Rahul,Raj,Female,1999-02-16,9448176626,farmer696@mail.com,Village-120,Karimnagar,Telangana,2024-12-27
697,Lakshmi,Patel,Male,1974-04-17,9902356142,farmer697@mail.com,Village-120,Ahmedabad,Gujarat,2024-07-09
698,Lakshmi,Das,Female,1996-10-08,9923432034,farmer698@mail.com,Village-187,Karimnagar,Telangana,2024-01-04
699,Suresh,Kumar,Male,1993-09-13,9647483756,farmer699@mail.com,Village-70,Ludhiana,Punjab,2023-08-09
700,Kiran,Patel,Female,1983-11-17,9456521128,farmer700@mail.com,Village-296,Rajkot,Gujarat,2024-10-23
701,Lakshmi,Singh,Male,1980-06-25,9971200342,farmer701@mail.com,Village-247,Kanpur,Uttar Pradesh,2024-12-22
702,Kiran,Das,Female,1982-09-04,9997154067,farmer702@mail.com,Village-282,Erode,Tamil Nadu,2024-01-14
703,Deepak,Nair,Male,1976-02-25,9496440952,farmer703@mail.com,Village-393,Nashik,Maharashtra,2024-12-22
704,Kiran,Reddy,Female,1976-06-22,9814982847,farmer704@mail.com,Village-393,Vijayawada,Andhra Pradesh,2023-06-17
705,Deepak,Reddy,Female,1973-11-24,9879130558,farmer705@mail.com,Village-288,Kolkata,West Bengal,2023-01-16
706,Arun,Nair,Male,1968-02-22,9192105995,farmer706@mail.com,Village-357,Guntur,Andhra Pradesh,2025-03-28
707,Priya,Singh,Male,1972-10-15,9120741836,farmer707@mail.com,Village-13,Pune,Maharashtra,2023-08-24
708,Priya,Patel,Female,1968-12-20,9178757669,farmer708@mail.com,Village-268,Bengaluru,Karnataka,2023-07-23
709,Meena,Patel,Female,1978-02-02,9457572014,farmer709@mail.com,Village-29,Warangal,Telangana,2024-03-03
710,Kiran,Kumar,Male,1972-04-15,9847997717,farmer710@mail.com,Village-135,Mysuru,Karnataka,2023-09-29
711,Vijay,Patel,Male,1979-09-29,9302285934,farmer711@mail.com,Village-310,Patiala,Punjab,2023-12-16
712,Meena,Patel,Female,1998-09-13,9416908361,farmer712@mail.com,Village-368,Lucknow,Uttar Pradesh,2023-06-07
713,Kiran,Nair,Female,1978-12-20,9201156608,farmer713@mail.com,Village-34,Erode,Tamil Nadu,2025-03-27
714,Meena,Patel,Female,1973-08-01,9949619480,farmer714@mail.com,Village-119,Kolkata,West Bengal,2025-03-23
715,Anita,Reddy,Female,2002-01-01,9248399993,farmer715@mail.com,Village-7,Kolkata,West Bengal,2024-11-10
716,Rahul,Patel,Male,1974-09-06,9906210293,farmer716@mail.com,Village-133,Nashik,Maharashtra,2023-04-21
717,Ravi,Das,Male,1988-05-29,9133183702,farmer717@mail.com,Village-118,Kanpur,Uttar Pradesh,2024-06-29
718,Divya,Das,Female,1988-01-02,9760050430,farmer718@mail.com,Village-99,Erode,Tamil Nadu,2023-10-25
719,Suresh,Raj,Male,1978-12-16,9166593844,farmer719@mail.com,Village-116,Ludhiana,Punjab,2024-11-09
720,Meena,Das,Female,2002-02-05,9525758121,farmer720@mail.com,Village-162,Kota,Rajasthan,2024-12-21
721,Deepak,Singh,Male,1978-09-29,9415102233,farmer721@mail.com,Village-26,Varanasi,Uttar Pradesh,2023-02-26
722,Priya,Das,Male,1975-08-09,9595806291,farmer722@mail.com,Village-16,Karimnagar,Telangana,2023-06-04
723,Vijay,Das,Female,1970-05-14,9836339909,farmer723@mail.com,Village-367,Nagpur,Maharashtra,2025-03-14
724,Kiran,Kumar,Male,1978-12-10,9769735848,farmer724@mail.com,Village-199,Udaipur,Rajasthan,2025-03-05
725,Rahul,Reddy,Male,1967-12-29,9582782762,farmer725@mail.com,Village-163,Surat,Gujarat,2023-09-16
726,Meena,Singh,Female,1983-10-09,9937255733,farmer726@mail.com,Village-372,Udaipur,Rajasthan,2025-02-27
727,Anita,Kumar,Female,1967-04-17,9242861445,farmer727@mail.com,Village-20,Karimnagar,Telangana,2023-04-18
728,Rahul,Reddy,Male,1967-11-02,9422097332,farmer728@mail.com,Village-337,Lucknow,Uttar Pradesh,2024-04-22
729,Lakshmi,Reddy,Male,1999-07-30,9255508534,farmer729@mail.com,Village-202,Belagavi,Karnataka,2023-12-15
730,Arun,Singh,Male,1998-01-06,9669112032,farmer730@mail.com,Village-55,Belagavi,Karnataka,2023-02-22
731,Vijay,Reddy,Female,1972-05-10,9281583716,farmer731@mail.com,Village-123,Mysuru,Karnataka,2025-04-18
732,Lakshmi,Das,Female,1999-04-26,9489155716,farmer732@mail.com,Village-64,Amritsar,Punjab,2025-04-06
733,Kiran,Singh,Female,1989-10-04,9607631685,farmer733@mail.com,Village-116,Nagpur,Maharashtra,2023-04-30
734,Anita,Patel,Male,2001-05-17,9888118643,farmer734@mail.com,Village-67,Patiala,Punjab,2023-10-23
735,Vijay,Singh,Male,1969-10-20,9129697658,farmer735@mail.com,Village-131,Nagpur,Maharashtra,2025-06-07
736,Priya,Nair,Female,2001-07-09,9436556583,farmer736@mail.com,Village-89,Kanpur,Uttar Pradesh,2024-12-13
737,Lakshmi,Kumar,Male,1973-05-31,9348802015,farmer737@mail.com,Village-295,Karimnagar,Telangana,2024-11-06
738,Suresh,Reddy,Male,2000-04-28,9140289767,farmer738@mail.com,Village-168,Hyderabad,Telangana,2025-02-20
739,Ravi,Singh,Female,2001-09-26,9763389458,farmer739@mail.com,Village-181,Nagpur,Maharashtra,2023-09-30
740,Divya,Kumar,Female,1977-09-27,9912060571,farmer740@mail.com,Village-326,Surat,Gujarat,2023-04-23
741,Arun,Das,Male,2001-08-25,9910503123,farmer741@mail.com,Village-78,Kolkata,West Bengal,2024-10-21
742,Ravi,Patel,Female,1987-08-20,9429757560,farmer742@mail.com,Village-69,Kurnool,Andhra Pradesh,2024-11-02
743,Rahul,Nair,Male,1996-12-29,9470739637,farmer743@mail.com,Village-89,Nashik,Maharashtra,2023-12-11
744,Rahul,Reddy,Male,1998-05-21,9952113205,farmer744@mail.com,Village-281,Hyderabad,Telangana,2025-06-13
745,Anita,Nair,Male,1986-02-04,9883231863,farmer745@mail.com,Village-175,Kota,Rajasthan,2025-03-12
746,Kiran,Singh,Male,1967-11-15,9955287078,farmer746@mail.com,Village-14,Hyderabad,Telangana,2023-04-13
747,Kiran,Patel,Male,1968-03-03,9313073647,farmer747@mail.com,Village-237,Nagpur,Maharashtra,2024-09-21
748,Lakshmi,Singh,Female,2000-12-29,9442013759,farmer748@mail.com,Village-177,Surat,Gujarat,2024-05-03
749,Kiran,Reddy,Male,1980-10-20,9619718070,farmer749@mail.com,Village-229,Vijayawada,Andhra Pradesh,2024-08-10
750,Divya,Raj,Female,1994-11-09,9682792471,farmer750@mail.com,Village-186,Ahmedabad,Gujarat,2023-08-21
751,Anita,Reddy,Female,1990-07-01,9125377263,farmer751@mail.com,Village-368,Belagavi,Karnataka,2023-02-05
752,Vijay,Singh,Female,1969-02-21,9209041250,farmer752@mail.com,Village-114,Amritsar,Punjab,2023-07-08
753,Meena,Patel,Male,1974-10-29,9508657219,farmer753@mail.com,Village-327,Kolkata,West Bengal,2024-01-11
754,Suresh,Singh,Male,1974-01-19,9627500188,farmer754@mail.com,Village-280,Mysuru,Karnataka,2023-12-02
755,Priya,Reddy,Female,1994-12-26,9993001895,farmer755@mail.com,Village-288,Lucknow,Uttar Pradesh,2025-06-11
756,Vijay,Nair,Male,1965-10-15,9711067223,farmer756@mail.com,Village-186,Ludhiana,Punjab,2024-10-26
757,Arun,Reddy,Male,1974-04-21,9648465092,farmer757@mail.com,Village-237,Coimbatore,Tamil Nadu,2024-06-01
758,Priya,Das,Female,1974-07-29,9962650099,farmer758@mail.com,Village-16,Patiala,Punjab,2023-05-28
759,Suresh,Reddy,Female,1992-01-05,9351020033,farmer759@mail.com,Village-216,Ahmedabad,Gujarat,2024-12-05
760,Arun,Kumar,Male,1993-03-11,9961877085,farmer760@mail.com,Village-175,Nashik,Maharashtra,2024-04-24
761,Vijay,Singh,Male,2000-02-12,9654780733,farmer761@mail.com,Village-90,Patiala,Punjab,2023-08-31
762,Divya,Reddy,Male,1972-11-05,9904465239,farmer762@mail.com,Village-237,Nashik,Maharashtra,2025-06-12
763,Lakshmi,Reddy,Male,1974-09-07,9624416039,farmer763@mail.com,Village-1,Durgapur,West Bengal,2023-10-07
764,Vijay,Das,Female,1968-02-15,9252586690,farmer764@mail.com,Village-164,Jaipur,Rajasthan,2025-03-26
765,Vijay,Singh,Female,1993-08-26,9923113454,farmer765@mail.com,Village-370,Jaipur,Rajasthan,2023-08-10
766,Lakshmi,Singh,Female,1975-03-20,9425545676,farmer766@mail.com,Village-159,Pune,Maharashtra,2023-06-15
767,Kiran,Raj,Male,1974-10-21,9733219647,farmer767@mail.com,Village-162,Patiala,Punjab,2024-04-01
768,Lakshmi,Patel,Female,1978-04-14,9925384794,farmer768@mail.com,Village-304,Belagavi,Karnataka,2023-07-08
769,Vijay,Raj,Female,1977-06-06,9735620300,farmer769@mail.com,Village-261,Kota,Rajasthan,2024-04-27
770,Kiran,Singh,Female,1972-08-04,9174753602,farmer770@mail.com,Village-207,Patiala,Punjab,2023-08-27
771,Ravi,Singh,Female,1997-12-05,9793097392,farmer771@mail.com,Village-78,Mysuru,Karnataka,2024-03-11
772,Arun,Nair,Female,1989-07-30,9480611737,farmer772@mail.com,Village-261,Udaipur,Rajasthan,2023-01-07
773,Priya,Reddy,Male,1992-10-20,9837116320,farmer773@mail.com,Village-75,Surat,Gujarat,2023-11-02
774,Ravi,Reddy,Male,2003-03-15,9465135565,farmer774@mail.com,Village-81,Karimnagar,Telangana,2024-02-13
775,Priya,Singh,Male,1983-01-21,9246011797,farmer775@mail.com,Village-14,Varanasi,Uttar Pradesh,2024-10-28
776,Anita,Patel,Female,2001-03-07,9490248631,farmer776@mail.com,Village-267,Siliguri,West Bengal,2024-05-06
777,Ravi,Das,Female,1989-08-17,9224823644,farmer777@mail.com,Village-171,Salem,Tamil Nadu,2024-06-28
778,Deepak,Nair,Female,1992-05-08,9117993315,farmer778@mail.com,Village-190,Kurnool,Andhra Pradesh,2024-09-15
779,Rahul,Reddy,Male,1981-04-12,9396158818,farmer779@mail.com,Village-171,Ahmedabad,Gujarat,2025-04-09
780,Lakshmi,Kumar,Male,1972-03-10,9307390936,farmer780@mail.com,Village-108,Kurnool,Andhra Pradesh,2024-12-07
781,Divya,Raj,Male,1971-08-04,9568822262,farmer781@mail.com,Village-136,Erode,Tamil Nadu,2023-11-15
782,Priya,Reddy,Male,1997-04-21,9929891284,farmer782@mail.com,Village-77,Belagavi,Karnataka,2023-04-20
783,Anita,Nair,Female,1966-10-16,9553360112,farmer783@mail.com,Village-48,Ahmedabad,Gujarat,2025-02-05
784,Arun,Kumar,Male,1970-09-01,9272281711,farmer784@mail.com,Village-64,Patiala,Punjab,2023-11-05
785,Meena,Das,Male,1979-09-15,9220619813,farmer785@mail.com,Village-238,Coimbatore,Tamil Nadu,2024-12-26
786,Deepak,Singh,Male,1973-02-12,9487235641,farmer786@mail.com,Village-62,Ludhiana,Punjab,2023-07-22
787,Suresh,Patel,Male,1982-07-15,9618697413,farmer787@mail.com,Village-13,Surat,Gujarat,2024-02-23
788,Ravi,Das,Male,1973-01-26,9578384605,farmer788@mail.com,Village-272,Ludhiana,Punjab,2023-06-05
789,Anita,Reddy,Male,1966-07-04,9584887139,farmer789@mail.com,Village-225,Durgapur,West Bengal,2025-03-12
790,Vijay,Raj,Male,1994-08-13,9944467266,farmer790@mail.com,Village-288,Salem,Tamil Nadu,2024-02-10
791,Meena,Patel,Male,1987-04-14,9841606412,farmer791@mail.com,Village-331,Lucknow,Uttar Pradesh,2023-06-29
792,Ravi,Patel,Male,2002-11-18,9711904896,farmer792@mail.com,Village-195,Coimbatore,Tamil Nadu,2025-03-28
793,Deepak,Raj,Female,1986-07-07,9504370075,farmer793@mail.com,Village-98,Surat,Gujarat,2024-08-16
794,Deepak,Nair,Male,2000-07-15,9722655734,farmer794@mail.com,Village-353,Guntur,Andhra Pradesh,2024-11-11
795,Vijay,Singh,Female,1993-10-27,9270139401,farmer795@mail.com,Village-294,Warangal,Telangana,2025-02-14
796,Kiran,Patel,Male,1977-05-05,9260077084,farmer796@mail.com,Village-220,Kanpur,Uttar Pradesh,2025-05-29
797,Deepak,Reddy,Female,1983-08-03,9857004135,farmer797@mail.com,Village-3,Belagavi,Karnataka,2023-10-29
798,Kiran,Patel,Female,1999-11-10,9222072087,farmer798@mail.com,Village-311,Belagavi,Karnataka,2023-05-17
799,Suresh,Kumar,Female,1997-08-01,9796582068,farmer799@mail.com,Village-189,Surat,Gujarat,2025-04-08
800,Meena,Singh,Male,1987-02-26,9169834820,farmer800@mail.com,Village-336,Bengaluru,Karnataka,2025-05-04
801,Divya,Reddy,Female,2000-01-31,9925576148,farmer801@mail.com,Village-293,Kurnool,Andhra Pradesh,2024-01-15
802,Ravi,Patel,Female,1993-11-06,9227351393,farmer802@mail.com,Village-24,Kurnool,Andhra Pradesh,2025-06-03
803,Deepak,Nair,Male,1978-03-30,9477552753,farmer803@mail.com,Village-327,Patiala,Punjab,2023-02-24
804,Vijay,Kumar,Female,1976-08-26,9613154027,farmer804@mail.com,Village-14,Ahmedabad,Gujarat,2025-04-14
805,Arun,Raj,Female,2003-03-12,9745032798,farmer805@mail.com,Village-241,Bengaluru,Karnataka,2025-03-21
806,Deepak,Raj,Male,1978-01-20,9792789350,farmer806@mail.com,Village-389,Belagavi,Karnataka,2023-12-18
807,Vijay,Singh,Female,1973-05-05,9276355873,farmer807@mail.com,Village-84,Belagavi,Karnataka,2025-05-08
808,Suresh,Singh,Male,2000-04-02,9337464323,farmer808@mail.com,Village-83,Nagpur,Maharashtra,2023-08-18
809,Rahul,Patel,Female,1999-08-05,9327893183,farmer809@mail.com,Village-51,Siliguri,West Bengal,2023-03-06
810,Rahul,Kumar,Female,2001-02-19,9349143654,farmer810@mail.com,Village-335,Surat,Gujarat,2023-11-17
811,Divya,Singh,Male,2001-11-30,9659053184,farmer811@mail.com,Village-351,Kota,Rajasthan,2024-06-26
812,Priya,Raj,Female,1979-04-12,9604194172,farmer812@mail.com,Village-253,Belagavi,Karnataka,2024-02-19
813,Vijay,Patel,Female,1981-06-29,9274083739,farmer813@mail.com,Village-176,Vijayawada,Andhra Pradesh,2023-04-12
814,Priya,Patel,Female,1982-01-13,9454611880,farmer814@mail.com,Village-198,Mysuru,Karnataka,2023-04-25
815,Arun,Singh,Male,1972-12-29,9592097333,farmer815@mail.com,Village-64,Durgapur,West Bengal,2023-11-18
816,Deepak,Nair,Female,1993-03-28,9616161445,farmer816@mail.com,Village-325,Kurnool,Andhra Pradesh,2024-01-14
817,Priya,Singh,Male,1994-10-29,9749414306,farmer817@mail.com,Village-98,Nashik,Maharashtra,2024-11-16
818,Meena,Reddy,Male,1996-11-02,9551501275,farmer818@mail.com,Village-6,Kurnool,Andhra Pradesh,2023-09-08
819,Vijay,Reddy,Male,1968-03-07,9908749205,farmer819@mail.com,Village-122,Nashik,Maharashtra,2023-07-30
820,Divya,Das,Male,1977-11-11,9386223507,farmer820@mail.com,Village-26,Belagavi,Karnataka,2023-04-14
821,Deepak,Das,Male,1977-08-01,9653164309,farmer821@mail.com,Village-213,Ahmedabad,Gujarat,2023-11-17
822,Priya,Kumar,Male,1991-06-12,9292457439,farmer822@mail.com,Village-115,Karimnagar,Telangana,2024-06-29
823,Deepak,Das,Female,1970-06-16,9824584619,farmer823@mail.com,Village-197,Bengaluru,Karnataka,2023-10-01
824,Deepak,Nair,Female,1966-03-17,9218650855,farmer824@mail.com,Village-383,Rajkot,Gujarat,2023-03-10
825,Ravi,Nair,Male,1971-08-21,9129260096,farmer825@mail.com,Village-28,Vijayawada,Andhra Pradesh,2024-03-14
826,Lakshmi,Raj,Female,1988-11-01,9879608502,farmer826@mail.com,Village-188,Rajkot,Gujarat,2024-10-31
827,Suresh,Reddy,Male,1981-02-07,9274560519,farmer827@mail.com,Village-81,Lucknow,Uttar Pradesh,2024-01-14
828,Kiran,Raj,Female,1969-12-14,9639880130,farmer828@mail.com,Village-291,Ludhiana,Punjab,2024-08-25
829,Lakshmi,Patel,Male,1990-02-21,9881094874,farmer829@mail.com,Village-30,Kolkata,West Bengal,2024-05-23
830,Arun,Raj,Female,1971-04-21,9359282416,farmer830@mail.com,Village-397,Nagpur,Maharashtra,2023-08-31
831,Lakshmi,Singh,Female,1991-06-03,9921532239,farmer831@mail.com,Village-22,Mysuru,Karnataka,2024-02-01
832,Anita,Reddy,Male,2002-06-12,9140387681,farmer832@mail.com,Village-310,Nashik,Maharashtra,2023-02-20
833,Kiran,Nair,Female,1968-02-13,9910125680,farmer833@mail.com,Village-46,Ludhiana,Punjab,2023-09-24
834,Suresh,Kumar,Female,1968-07-15,9362404890,farmer834@mail.com,Village-352,Karimnagar,Telangana,2024-03-09
835,Ravi,Kumar,Female,1978-09-12,9278202099,farmer835@mail.com,Village-301,Ludhiana,Punjab,2024-03-18
836,Meena,Das,Male,1970-06-29,9979117722,farmer836@mail.com,Village-321,Madurai,Tamil Nadu,2025-05-17
837,Ravi,Kumar,Male,1987-09-27,9659327693,farmer837@mail.com,Village-381,Salem,Tamil Nadu,2023-02-10
838,Divya,Das,Male,1983-02-22,9565253472,farmer838@mail.com,Village-133,Nashik,Maharashtra,2023-06-22
839,Arun,Das,Male,1975-10-10,9810670120,farmer839@mail.com,Village-204,Jaipur,Rajasthan,2024-04-23
840,Vijay,Das,Female,1983-04-20,9491193044,farmer840@mail.com,Village-172,Bengaluru,Karnataka,2023-03-31
841,Ravi,Raj,Male,1994-09-02,9530309370,farmer841@mail.com,Village-214,Nagpur,Maharashtra,2024-11-17
842,Kiran,Kumar,Male,1971-12-27,9382541514,farmer842@mail.com,Village-322,Ahmedabad,Gujarat,2023-03-28
843,Anita,Singh,Male,1987-07-14,9206512182,farmer843@mail.com,Village-343,Mysuru,Karnataka,2024-11-27
844,Suresh,Kumar,Female,2001-04-12,9236277340,farmer844@mail.com,Village-73,Udaipur,Rajasthan,2024-04-03
845,Rahul,Das,Male,1984-08-14,9848899857,farmer845@mail.com,Village-95,Mysuru,Karnataka,2023-05-11
846,Meena,Nair,Male,1967-01-11,9221210706,farmer846@mail.com,Village-165,Durgapur,West Bengal,2025-03-19
847,Meena,Singh,Female,1974-11-30,9283123890,farmer847@mail.com,Village-357,Pune,Maharashtra,2024-08-19
848,Suresh,Raj,Female,1996-12-12,9570234879,farmer848@mail.com,Village-92,Warangal,Telangana,2025-04-27
849,Meena,Patel,Male,1969-02-07,9783685632,farmer849@mail.com,Village-80,Erode,Tamil Nadu,2024-07-10
850,Lakshmi,Kumar,Male,1970-04-01,9103889691,farmer850@mail.com,Village-79,Vijayawada,Andhra Pradesh,2023-04-28
851,Suresh,Reddy,Female,1968-10-11,9904161389,farmer851@mail.com,Village-287,Salem,Tamil Nadu,2025-06-14
852,Deepak,Reddy,Male,1993-11-22,9434104199,farmer852@mail.com,Village-266,Siliguri,West Bengal,2025-03-14
853,Priya,Singh,Female,1997-08-19,9648141720,farmer853@mail.com,Village-287,Nagpur,Maharashtra,2023-12-12
854,Rahul,Reddy,Male,1992-10-16,9641047636,farmer854@mail.com,Village-12,Kolkata,West Bengal,2023-10-12
855,Priya,Kumar,Female,1994-10-17,9396127033,farmer855@mail.com,Village-61,Surat,Gujarat,2024-09-04
856,Divya,Das,Female,1988-03-17,9684160115,farmer856@mail.com,Village-149,Kota,Rajasthan,2024-05-02
857,Arun,Nair,Female,2002-03-27,9618161716,farmer857@mail.com,Village-165,Kurnool,Andhra Pradesh,2024-12-26
858,Ravi,Das,Female,1985-04-12,9588566816,farmer858@mail.com,Village-185,Nashik,Maharashtra,2025-06-01
859,Divya,Nair,Male,1997-11-24,9942234701,farmer859@mail.com,Village-222,Mysuru,Karnataka,2024-10-31
860,Arun,Singh,Male,1981-06-09,9466967694,farmer860@mail.com,Village-185,Vijayawada,Andhra Pradesh,2024-12-11
861,Vijay,Das,Female,1984-08-16,9963729501,farmer861@mail.com,Village-118,Ahmedabad,Gujarat,2024-09-14
862,Meena,Nair,Male,1986-03-09,9623623724,farmer862@mail.com,Village-53,Warangal,Telangana,2023-04-22
863,Arun,Das,Male,1977-02-08,9463877684,farmer863@mail.com,Village-216,Hyderabad,Telangana,2024-05-13
864,Ravi,Raj,Male,1983-11-24,9865351167,farmer864@mail.com,Village-81,Kota,Rajasthan,2023-06-09
865,Divya,Singh,Male,1967-09-21,9285826623,farmer865@mail.com,Village-28,Warangal,Telangana,2024-11-21
866,Ravi,Reddy,Male,1973-08-17,9219578607,farmer866@mail.com,Village-140,Surat,Gujarat,2023-06-05
867,Suresh,Kumar,Female,1982-10-31,9518819159,farmer867@mail.com,Village-96,Udaipur,Rajasthan,2024-09-01
868,Kiran,Nair,Female,1998-01-02,9457506447,farmer868@mail.com,Village-65,Ahmedabad,Gujarat,2024-01-16
869,Deepak,Das,Male,1974-04-13,9415458556,farmer869@mail.com,Village-51,Erode,Tamil Nadu,2023-01-21
870,Divya,Patel,Female,2003-01-30,9230226490,farmer870@mail.com,Village-19,Nashik,Maharashtra,2023-09-04
871,Deepak,Kumar,Female,1988-02-24,9231363363,farmer871@mail.com,Village-122,Siliguri,West Bengal,2024-10-21
872,Ravi,Kumar,Male,1978-12-19,9224557604,farmer872@mail.com,Village-170,Nagpur,Maharashtra,2024-03-02
873,Lakshmi,Raj,Female,1994-05-02,9730547964,farmer873@mail.com,Village-124,Ahmedabad,Gujarat,2025-05-27
874,Vijay,Nair,Female,1966-09-14,9389030887,farmer874@mail.com,Village-241,Rajkot,Gujarat,2024-06-16
875,Rahul,Patel,Female,1965-08-12,9344631035,farmer875@mail.com,Village-307,Kota,Rajasthan,2023-02-25
876,Anita,Reddy,Female,1999-11-24,9271588233,farmer876@mail.com,Village-54,Kolkata,West Bengal,2024-09-05
877,Kiran,Singh,Female,1984-10-03,9328178332,farmer877@mail.com,Village-355,Vijayawada,Andhra Pradesh,2025-06-18
878,Priya,Singh,Male,1969-03-12,9564488610,farmer878@mail.com,Village-211,Coimbatore,Tamil Nadu,2023-04-04
879,Ravi,Reddy,Female,1977-12-23,9865666386,farmer879@mail.com,Village-87,Kanpur,Uttar Pradesh,2024-12-19
880,Kiran,Singh,Female,1988-09-05,9680962826,farmer880@mail.com,Village-108,Belagavi,Karnataka,2024-05-20
881,Ravi,Reddy,Female,1981-01-18,9404926539,farmer881@mail.com,Village-390,Nagpur,Maharashtra,2025-05-18
882,Kiran,Singh,Female,1997-02-22,9247699682,farmer882@mail.com,Village-169,Belagavi,Karnataka,2024-01-14
883,Arun,Singh,Male,1972-03-29,9531672081,farmer883@mail.com,Village-2,Mysuru,Karnataka,2024-03-03
884,Vijay,Patel,Female,1973-11-14,9535827769,farmer884@mail.com,Village-133,Patiala,Punjab,2024-11-11
885,Anita,Raj,Female,2000-06-08,9975174718,farmer885@mail.com,Village-376,Pune,Maharashtra,2024-12-22
886,Ravi,Das,Female,1981-11-23,9825525613,farmer886@mail.com,Village-22,Coimbatore,Tamil Nadu,2023-08-13
887,Divya,Reddy,Male,1986-03-10,9172445446,farmer887@mail.com,Village-331,Udaipur,Rajasthan,2025-03-31
888,Rahul,Reddy,Male,1973-05-10,9853914018,farmer888@mail.com,Village-314,Patiala,Punjab,2023-09-22
889,Ravi,Singh,Male,1987-11-10,9869370986,farmer889@mail.com,Village-248,Patiala,Punjab,2025-06-09
890,Suresh,Singh,Male,1971-01-17,9686464206,farmer890@mail.com,Village-316,Kolkata,West Bengal,2023-10-08
891,Meena,Nair,Female,1995-02-20,9708473924,farmer891@mail.com,Village-65,Kolkata,West Bengal,2024-03-29
892,Priya,Nair,Male,1985-02-12,9800963684,farmer892@mail.com,Village-55,Warangal,Telangana,2024-07-17
893,Deepak,Das,Male,1993-01-08,9387305413,farmer893@mail.com,Village-36,Belagavi,Karnataka,2023-02-03
894,Deepak,Raj,Female,1966-01-18,9193339688,farmer894@mail.com,Village-353,Patiala,Punjab,2023-01-17
895,Priya,Raj,Female,1975-09-16,9781085473,farmer895@mail.com,Village-174,Udaipur,Rajasthan,2025-06-02
896,Ravi,Kumar,Male,1970-11-28,9124125133,farmer896@mail.com,Village-320,Kolkata,West Bengal,2023-12-11
897,Suresh,Das,Female,1972-03-01,9422879573,farmer897@mail.com,Village-377,Bengaluru,Karnataka,2024-12-19
898,Suresh,Reddy,Male,1984-09-30,9970475444,farmer898@mail.com,Village-31,Bengaluru,Karnataka,2024-09-09
899,Rahul,Reddy,Female,1978-10-24,9757492994,farmer899@mail.com,Village-308,Guntur,Andhra Pradesh,2023-04-04
900,Anita,Patel,Female,1996-05-15,9990691819,farmer900@mail.com,Village-101,Amritsar,Punjab,2024-07-09
901,Vijay,Raj,Male,1977-02-22,9846284517,farmer901@mail.com,Village-157,Nagpur,Maharashtra,2025-02-01
902,Divya,Patel,Female,1975-01-20,9595529271,farmer902@mail.com,Village-262,Ahmedabad,Gujarat,2023-04-08
903,Deepak,Nair,Female,1986-09-29,9530791050,farmer903@mail.com,Village-108,Karimnagar,Telangana,2023-01-28
904,Rahul,Patel,Male,1987-04-06,9663337692,farmer904@mail.com,Village-392,Amritsar,Punjab,2025-01-19
905,Vijay,Raj,Male,1973-04-12,9801890462,farmer905@mail.com,Village-370,Amritsar,Punjab,2024-04-28
906,Kiran,Singh,Female,1990-08-14,9474305107,farmer906@mail.com,Village-326,Nagpur,Maharashtra,2025-04-11
907,Deepak,Reddy,Male,1977-08-24,9438997832,farmer907@mail.com,Village-224,Mysuru,Karnataka,2024-01-21
908,Priya,Reddy,Male,1976-05-23,9852356665,farmer908@mail.com,Village-398,Salem,Tamil Nadu,2025-03-23
909,Kiran,Nair,Female,1995-02-26,9975292084,farmer909@mail.com,Village-240,Amritsar,Punjab,2025-06-02
910,Divya,Nair,Male,1997-01-01,9267645902,farmer910@mail.com,Village-211,Rajkot,Gujarat,2024-03-23
911,Divya,Das,Female,1971-09-09,9516602593,farmer911@mail.com,Village-143,Patiala,Punjab,2023-11-22
912,Deepak,Nair,Male,1973-03-17,9273142690,farmer912@mail.com,Village-244,Ludhiana,Punjab,2025-01-09
913,Rahul,Reddy,Female,1973-08-31,9998525679,farmer913@mail.com,Village-51,Durgapur,West Bengal,2024-03-26
914,Rahul,Reddy,Male,1984-12-06,9677570823,farmer914@mail.com,Village-223,Erode,Tamil Nadu,2023-02-09
915,Deepak,Raj,Male,1993-04-12,9796021980,farmer915@mail.com,Village-178,Nagpur,Maharashtra,2025-01-14
916,Kiran,Das,Male,1986-07-13,9842246470,farmer916@mail.com,Village-158,Hyderabad,Telangana,2025-04-06
917,Meena,Nair,Male,1989-09-14,9164326993,farmer917@mail.com,Village-294,Amritsar,Punjab,2025-04-11
918,Kiran,Singh,Female,1976-02-22,9994983493,farmer918@mail.com,Village-45,Erode,Tamil Nadu,2023-07-30
919,Arun,Singh,Female,1973-03-08,9339633669,farmer919@mail.com,Village-191,Kurnool,Andhra Pradesh,2023-09-14
920,Divya,Nair,Male,1983-07-21,9222882816,farmer920@mail.com,Village-169,Nashik,Maharashtra,2023-04-27
921,Arun,Raj,Male,1996-04-10,9476573639,farmer921@mail.com,Village-19,Mysuru,Karnataka,2024-05-17
922,Vijay,Patel,Male,1983-06-22,9435511852,farmer922@mail.com,Village-214,Warangal,Telangana,2024-10-29
923,Meena,Patel,Female,2001-03-31,9728005666,farmer923@mail.com,Village-394,Belagavi,Karnataka,2024-06-08
924,Lakshmi,Nair,Female,1977-04-25,9326663249,farmer924@mail.com,Village-339,Kanpur,Uttar Pradesh,2023-07-02
925,Divya,Reddy,Male,1985-09-11,9185740454,farmer925@mail.com,Village-351,Erode,Tamil Nadu,2024-08-11
926,Suresh,Das,Female,1965-05-26,9778650499,farmer926@mail.com,Village-81,Warangal,Telangana,2023-01-14
927,Suresh,Patel,Male,2001-09-08,9253243561,farmer927@mail.com,Village-330,Nagpur,Maharashtra,2023-05-15
928,Suresh,Kumar,Female,1965-02-12,9574190242,farmer928@mail.com,Village-369,Rajkot,Gujarat,2024-11-04
929,Ravi,Kumar,Male,1991-10-16,9152113612,farmer929@mail.com,Village-344,Karimnagar,Telangana,2023-08-26
930,Suresh,Singh,Male,1966-12-07,9224097435,farmer930@mail.com,Village-47,Mysuru,Karnataka,2025-03-20
931,Meena,Singh,Male,1966-02-17,9761606314,farmer931@mail.com,Village-203,Mysuru,Karnataka,2025-03-08
932,Kiran,Reddy,Female,1983-08-13,9422240088,farmer932@mail.com,Village-250,Varanasi,Uttar Pradesh,2023-05-06
933,Divya,Patel,Male,1969-10-15,9445499600,farmer933@mail.com,Village-246,Kota,Rajasthan,2024-03-21
934,Vijay,Singh,Male,1988-04-14,9729526720,farmer934@mail.com,Village-22,Surat,Gujarat,2025-02-12
935,Anita,Patel,Female,1974-02-09,9488047094,farmer935@mail.com,Village-79,Kota,Rajasthan,2023-06-07
936,Priya,Singh,Male,1972-09-07,9231855949,farmer936@mail.com,Village-288,Durgapur,West Bengal,2024-03-11
937,Deepak,Patel,Female,1968-09-01,9729349177,farmer937@mail.com,Village-226,Madurai,Tamil Nadu,2023-02-04
938,Lakshmi,Singh,Male,2000-11-24,9970387898,farmer938@mail.com,Village-193,Bengaluru,Karnataka,2023-04-22
939,Kiran,Kumar,Male,2000-10-25,9262257679,farmer939@mail.com,Village-258,Hyderabad,Telangana,2024-04-29
940,Kiran,Reddy,Male,1968-08-28,9748936269,farmer940@mail.com,Village-266,Nashik,Maharashtra,2025-04-14
941,Lakshmi,Patel,Female,1977-12-29,9729184769,farmer941@mail.com,Village-124,Bengaluru,Karnataka,2025-04-20
942,Kiran,Reddy,Female,1990-04-08,9427827222,farmer942@mail.com,Village-306,Hyderabad,Telangana,2025-01-30
943,Kiran,Reddy,Male,1969-07-04,9730938874,farmer943@mail.com,Village-370,Coimbatore,Tamil Nadu,2024-03-14
944,Priya,Reddy,Female,1987-04-17,9122965870,farmer944@mail.com,Village-145,Vijayawada,Andhra Pradesh,2023-10-24
945,Vijay,Singh,Male,1979-08-06,9201063807,farmer945@mail.com,Village-265,Udaipur,Rajasthan,2023-11-03
946,Kiran,Singh,Female,1975-04-08,9872564134,farmer946@mail.com,Village-158,Kota,Rajasthan,2024-01-13
947,Suresh,Reddy,Male,1983-06-30,9566233965,farmer947@mail.com,Village-239,Hyderabad,Telangana,2024-06-09
948,Priya,Reddy,Male,2000-12-16,9969398054,farmer948@mail.com,Village-286,Vijayawada,Andhra Pradesh,2023-07-28
949,Meena,Raj,Female,1976-07-18,9378220517,farmer949@mail.com,Village-354,Coimbatore,Tamil Nadu,2025-06-03
950,Priya,Das,Male,1982-11-28,9422508682,farmer950@mail.com,Village-339,Kolkata,West Bengal,2024-04-18
951,Rahul,Reddy,Female,1986-05-03,9146305658,farmer951@mail.com,Village-98,Bengaluru,Karnataka,2024-10-19
952,Divya,Singh,Female,1995-09-26,9532018542,farmer952@mail.com,Village-338,Surat,Gujarat,2024-03-11
953,Divya,Patel,Male,1988-02-14,9650046143,farmer953@mail.com,Village-399,Siliguri,West Bengal,2024-02-10
954,Kiran,Raj,Male,1985-11-20,9867695343,farmer954@mail.com,Village-286,Karimnagar,Telangana,2023-02-07
955,Anita,Patel,Female,2000-01-22,9435527537,farmer955@mail.com,Village-308,Amritsar,Punjab,2023-10-02
956,Rahul,Raj,Male,2002-11-21,9195120679,farmer956@mail.com,Village-80,Hyderabad,Telangana,2024-07-12
957,Ravi,Nair,Male,1974-07-06,9663301805,farmer957@mail.com,Village-80,Durgapur,West Bengal,2024-05-04
958,Ravi,Nair,Female,1989-09-17,9424938516,farmer958@mail.com,Village-43,Patiala,Punjab,2023-08-18
959,Lakshmi,Raj,Female,1982-09-17,9600728320,farmer959@mail.com,Village-7,Guntur,Andhra Pradesh,2023-01-13
960,Arun,Kumar,Male,1981-10-30,9532889977,farmer960@mail.com,Village-130,Udaipur,Rajasthan,2025-03-16
961,Anita,Das,Female,1991-08-17,9724919103,farmer961@mail.com,Village-342,Pune,Maharashtra,2023-04-12
962,Suresh,Raj,Male,1976-01-17,9499685966,farmer962@mail.com,Village-294,Lucknow,Uttar Pradesh,2024-04-04
963,Deepak,Kumar,Female,1999-04-20,9690328716,farmer963@mail.com,Village-75,Coimbatore,Tamil Nadu,2025-05-18
964,Suresh,Singh,Female,1989-03-19,9272594759,farmer964@mail.com,Village-98,Ahmedabad,Gujarat,2024-04-18
965,Rahul,Das,Female,1990-09-16,9743371675,farmer965@mail.com,Village-223,Belagavi,Karnataka,2025-03-15
966,Ravi,Kumar,Female,1990-06-04,9644216606,farmer966@mail.com,Village-53,Nagpur,Maharashtra,2024-11-30
967,Meena,Das,Female,1976-05-27,9811363151,farmer967@mail.com,Village-141,Salem,Tamil Nadu,2024-12-24
968,Anita,Patel,Female,1984-12-25,9217895658,farmer968@mail.com,Village-353,Rajkot,Gujarat,2024-04-05
969,Divya,Das,Male,2001-04-16,9324960651,farmer969@mail.com,Village-70,Kolkata,West Bengal,2023-04-27
970,Divya,Singh,Female,1994-12-10,9617592118,farmer970@mail.com,Village-24,Nagpur,Maharashtra,2023-12-09
971,Kiran,Kumar,Female,1972-10-29,9133159296,farmer971@mail.com,Village-10,Ludhiana,Punjab,2024-04-01
972,Kiran,Patel,Male,1983-06-27,9248461865,farmer972@mail.com,Village-400,Udaipur,Rajasthan,2024-05-31
973,Suresh,Das,Female,1975-09-02,9546399259,farmer973@mail.com,Village-203,Madurai,Tamil Nadu,2023-12-14
974,Deepak,Nair,Female,1979-06-29,9317504922,farmer974@mail.com,Village-114,Coimbatore,Tamil Nadu,2023-02-08
975,Arun,Nair,Female,1966-03-16,9998207099,farmer975@mail.com,Village-251,Hyderabad,Telangana,2023-04-07
976,Deepak,Patel,Female,2002-07-18,9113456082,farmer976@mail.com,Village-197,Kota,Rajasthan,2023-04-12
977,Anita,Reddy,Female,1992-11-04,9211314512,farmer977@mail.com,Village-252,Kurnool,Andhra Pradesh,2023-03-09
978,Anita,Das,Female,1994-07-18,9959375274,farmer978@mail.com,Village-259,Mysuru,Karnataka,2023-04-15
979,Deepak,Patel,Female,1970-03-13,9149140193,farmer979@mail.com,Village-311,Kolkata,West Bengal,2025-01-19
980,Rahul,Kumar,Female,1991-09-30,9365759525,farmer980@mail.com,Village-180,Rajkot,Gujarat,2023-10-11
981,Suresh,Das,Male,1981-12-30,9456284111,farmer981@mail.com,Village-158,Siliguri,West Bengal,2023-04-16
982,Lakshmi,Reddy,Male,2002-01-17,9562195403,farmer982@mail.com,Village-236,Lucknow,Uttar Pradesh,2024-08-03
983,Priya,Reddy,Female,1997-08-09,9426366327,farmer983@mail.com,Village-325,Varanasi,Uttar Pradesh,2024-08-17
984,Rahul,Kumar,Male,1996-08-15,9444009852,farmer984@mail.com,Village-364,Lucknow,Uttar Pradesh,2023-10-24
985,Priya,Nair,Female,1966-05-22,9355647929,farmer985@mail.com,Village-376,Erode,Tamil Nadu,2024-10-25
986,Meena,Reddy,Female,1998-06-13,9759860340,farmer986@mail.com,Village-301,Ahmedabad,Gujarat,2024-12-22
987,Vijay,Patel,Female,1976-02-03,9264867250,farmer987@mail.com,Village-230,Ludhiana,Punjab,2024-03-25
988,Ravi,Kumar,Female,1999-09-22,9954791583,farmer988@mail.com,Village-253,Patiala,Punjab,2023-10-23
989,Arun,Patel,Male,1972-04-27,9450481807,farmer989@mail.com,Village-169,Coimbatore,Tamil Nadu,2025-05-08
990,Suresh,Reddy,Male,1982-01-13,9723211178,farmer990@mail.com,Village-63,Bengaluru,Karnataka,2023-05-18
991,Anita,Nair,Male,1998-09-07,9332751468,farmer991@mail.com,Village-79,Udaipur,Rajasthan,2023-05-27
992,Suresh,Kumar,Male,1965-01-17,9930167470,farmer992@mail.com,Village-225,Guntur,Andhra Pradesh,2023-02-25
993,Priya,Singh,Female,2002-05-30,9834831619,farmer993@mail.com,Village-75,Kanpur,Uttar Pradesh,2023-05-13
994,Suresh,Reddy,Male,1977-05-14,9245321049,farmer994@mail.com,Village-315,Siliguri,West Bengal,2025-04-05
995,Meena,Kumar,Male,1975-11-14,9316567187,farmer995@mail.com,Village-399,Hyderabad,Telangana,2024-12-12
996,Kiran,Das,Female,1978-09-29,9928514840,farmer996@mail.com,Village-348,Guntur,Andhra Pradesh,2023-11-27
997,Kiran,Kumar,Female,1972-02-28,9531609969,farmer997@mail.com,Village-93,Udaipur,Rajasthan,2024-03-29
998,Arun,Kumar,Female,1968-04-17,9189615377,farmer998@mail.com,Village-65,Ludhiana,Punjab,2025-02-09
999,Lakshmi,Das,Female,1994-10-08,9225317274,farmer999@mail.com,Village-16,Nagpur,Maharashtra,2023-02-23
1000,Deepak,Nair,Female,1974-01-09,9866904992,farmer1000@mail.com,Village-178,Surat,Gujarat,2023-09-05
