Production_ID,Land_ID,Crop_ID,Season_ID,Supplier_ID,Planting_Date,Harvest_Date,Area_Used_Acres,Quantity_Harvested_KG,Production_Cost
1,425,19,3,34,2025-10-01,2026-03-27,0.66,1507.52,13859.38
2,387,14,1,59,2025-11-08,2026-05-01,0.4,434.11,14623.25
3,1688,19,3,96,2025-09-10,2026-01-28,3.8,5777.36,199117.82
4,794,19,2,31,2025-08-09,2026-01-22,0.6,1186.96,20001.43
5,918,20,3,7,2025-02-03,2025-05-19,0.41,419.67,11928.85
6,75,19,3,22,2025-04-11,2025-10-06,2.84,4403.5,105660.57
7,183,14,1,53,2025-06-23,2025-12-09,11.03,19654.56,470849.09
8,476,1,3,16,2025-02-04,2025-07-01,0.71,742.95,19163.85
9,1271,20,2,14,2025-12-19,2026-04-08,6.33,13982.04,93183.84
10,449,1,3,93,2025-07-22,2025-12-25,4.96,6198.69,116925.46
11,1625,19,1,33,2025-01-24,2025-07-10,6.27,7040.98,269860.03
12,1652,23,3,40,2025-03-12,2025-05-29,0.5,560.45,13332.37
13,598,41,1,19,2025-10-08,2026-01-22,5.66,7044.03,295315.84
14,875,19,1,33,2025-04-07,2025-08-14,6.69,7762.95,188126.86
15,1084,2,1,16,2025-05-10,2025-09-23,0.7,824.66,30166.22
16,1315,19,1,2,2025-04-19,2025-07-20,1.71,3017.38,62829.49
17,753,23,1,66,2025-12-21,2026-03-15,2.99,6981.05,46142.42
18,1415,20,2,69,2025-05-16,2025-10-07,7.73,15763.42,277646.01
19,625,14,3,60,2025-12-15,2026-05-15,0.85,1844.52,14586.8
20,941,19,1,9,2025-06-18,2025-12-12,2.54,4756.58,83943.49
21,1565,14,2,87,2025-07-13,2025-10-24,3.9,4313.84,187800.44
22,331,20,2,90,2025-01-11,2025-06-14,4.96,5573.81,95936.11
23,1268,7,3,22,2025-04-14,2025-08-25,0.77,892.91,12590.56
24,716,23,1,65,2025-02-11,2025-06-11,5.83,10290.39,124658.32
25,770,14,1,40,2025-03-20,2025-08-22,1.93,3175.06,30090.59
26,1087,23,1,87,2025-05-21,2025-08-19,1.82,4227.19,36886.51
27,336,19,1,12,2025-02-11,2025-05-10,2,4255.8,82965.13
28,1442,20,3,94,2025-08-11,2025-11-17,0.83,1678.55,28589.64
29,1664,19,1,82,2025-01-15,2025-05-05,1.4,2419.17,54090.22
30,1693,41,3,91,2025-12-16,2026-06-12,9.58,19134.44,196684.07
31,1189,14,3,64,2025-12-11,2026-03-17,10.31,9287.62,358548.58
32,1038,19,1,91,2025-11-21,2026-02-20,8.89,16234.9,129813.54
33,38,1,1,12,2025-11-02,2026-04-21,6.25,13101.03,104519.17
34,1469,16,2,97,2025-07-02,2025-10-11,2.15,5038.28,47219.72
35,544,2,1,53,2025-11-07,2026-03-18,0.96,1937.43,21874.71
36,731,1,2,15,2025-07-05,2025-11-09,3.14,6967.17,40805.22
37,776,23,1,67,2025-04-19,2025-10-04,0.54,1181.78,16249.04
38,1488,1,1,93,2025-09-23,2025-12-08,2.33,4199.27,125458.33
39,420,19,1,21,2025-05-16,2025-09-18,2.46,4068.59,65713.96
40,1736,23,1,90,2025-03-10,2025-06-16,2.32,4397.23,116476.75
41,122,14,2,6,2025-04-25,2025-09-13,8.47,11800.3,196137.97
42,752,19,2,98,2025-12-06,2026-04-21,0.76,1556.83,15532.01
43,689,2,2,43,2025-05-08,2025-10-26,6.11,9438.8,134209.12
44,1131,20,3,8,2025-04-19,2025-09-22,5.84,7713.64,288620.88
45,1056,16,2,24,2025-12-07,2026-02-23,3.84,8585.49,155686.86
46,148,16,3,35,2025-04-10,2025-06-30,1.71,4012.89,30412.09
47,336,19,1,69,2025-11-24,2026-02-27,2.22,4141.09,84381.54
48,1165,2,2,68,2025-04-09,2025-09-25,2.62,6177.8,67174.35
49,71,14,3,98,2025-06-10,2025-10-22,3.71,3504.91,188074.22
50,883,2,3,24,2025-02-21,2025-05-11,4.72,4600.81,249153.53
51,681,19,1,25,2025-01-01,2025-06-16,7.08,8639.11,326150.89
52,1342,2,3,21,2025-03-18,2025-09-09,0.85,1773.59,12269.37
53,393,1,2,3,2025-03-11,2025-06-03,5.75,8074.68,223962.53
54,1481,1,3,23,2025-07-20,2026-01-03,1.92,2030.03,94511.42
55,435,20,2,96,2025-11-19,2026-05-04,4.69,10256.18,74843.06
56,11,19,2,39,2025-10-09,2026-03-19,2.56,5356.55,54095.2
57,1401,2,1,84,2025-11-19,2026-03-25,2.17,4565.71,99080.7
58,241,2,3,21,2025-02-22,2025-08-15,3.09,4086.56,115854.8
59,665,2,3,56,2025-09-04,2026-01-28,1.73,2573.55,42503.54
60,1697,7,2,9,2025-11-09,2026-02-16,1.62,3640.71,20122.61
61,565,1,3,10,2025-11-01,2026-03-19,8.39,7873.18,391904.01
62,125,1,3,12,2025-04-12,2025-10-01,0.5,708.92,21064.88
63,675,20,1,80,2025-02-23,2025-06-09,0.69,1558.26,9417.94
64,1075,19,3,54,2025-08-11,2025-12-28,3.02,4762.37,121681.05
65,371,2,3,33,2025-09-19,2026-03-06,0.95,1349.29,49320.74
66,614,19,1,65,2025-09-11,2026-02-12,1.44,2591.84,69714.24
67,724,14,3,39,2025-03-08,2025-08-21,0.79,824.42,42653.89
68,1635,1,3,52,2025-09-06,2025-12-18,0.84,1592.88,14557.81
69,304,19,2,62,2025-07-19,2026-01-15,3.1,5239.45,146565.99
70,125,19,2,16,2025-04-25,2025-09-23,2.9,4128.73,112772.97
71,234,41,1,43,2025-12-01,2026-05-03,5.58,11954.22,125206.18
72,1607,20,2,33,2025-03-15,2025-06-05,6.74,7609.39,335650.81
73,334,7,2,42,2025-12-23,2026-04-09,6.67,14674.68,346728.76
74,510,20,1,63,2025-06-04,2025-08-31,0.81,745.83,38986.52
75,374,2,2,35,2025-05-08,2025-08-17,1.92,3944.69,39940.39
76,281,19,2,17,2025-05-20,2025-10-15,2.86,3684.34,140650.02
77,372,20,1,82,2025-08-12,2025-11-16,1.22,2099.55,64303.39
78,1722,14,3,59,2025-09-17,2025-12-14,6.19,7395.9,317573.47
79,884,19,3,1,2025-09-13,2026-01-22,1.02,2148.1,17693.45
80,557,1,1,20,2025-05-01,2025-09-03,2.04,4158.95,58684.51
81,5,20,3,74,2025-09-13,2026-02-26,2.76,3549.06,139279.5
82,1480,19,2,61,2025-04-24,2025-09-30,4.02,9460.71,108643.43
83,661,2,2,39,2025-07-25,2025-11-02,1.65,1838.56,37515.48
84,847,19,1,57,2025-08-02,2026-01-29,6.56,9268.79,222059.4
85,987,14,3,47,2025-08-16,2026-01-14,3.39,3158.45,49360.43
86,1726,19,1,78,2025-08-25,2026-02-03,0.86,1469.33,27625.75
87,1135,20,2,54,2025-12-02,2026-04-21,4.35,4409.71,207645.72
88,1626,14,1,19,2025-05-15,2025-09-25,1.86,1873.17,60237.22
89,33,20,3,42,2025-07-04,2025-11-13,0.78,1715.58,36899.69
90,1338,20,1,68,2025-06-23,2025-12-02,0.48,710.85,6795.5
91,1357,1,3,28,2025-07-21,2025-11-19,1.59,3648.64,36059.85
92,427,20,1,29,2025-09-07,2025-12-21,0.84,1442.18,32980.99
93,856,2,1,22,2025-11-05,2026-02-18,2.91,4709.01,88821.5
94,713,2,2,26,2025-08-01,2025-11-11,0.73,1395.07,10302.95
95,1553,23,1,24,2025-09-14,2026-02-11,1.91,2638.57,27332.27
96,294,2,2,89,2025-07-04,2025-12-04,3.1,3560.52,49420.09
97,1542,7,1,21,2025-10-25,2026-02-11,5.07,7967.28,107125.51
98,1419,7,2,61,2025-05-09,2025-08-02,4.65,5570.76,175485.91
99,479,1,1,77,2025-04-06,2025-07-18,1.08,1248.4,49521.43
100,1630,19,1,50,2025-02-14,2025-07-22,2.82,5528.64,61005.73
101,45,20,2,36,2025-09-20,2025-12-21,4.63,10817.74,102805.78
102,1632,20,1,62,2025-04-24,2025-08-22,5.24,11227.52,162051.81
103,1114,23,3,26,2025-12-17,2026-05-10,7.6,17487.88,291576.25
104,1489,2,3,89,2025-10-12,2026-04-06,6.96,10164.29,173910.94
105,783,20,2,48,2025-09-17,2026-02-18,1.73,3659.16,86343.42
106,1452,2,1,34,2025-07-09,2025-10-18,1.7,3578.17,72324.07
107,223,20,2,79,2025-05-25,2025-09-21,9.81,12050.73,277147.47
108,150,19,2,92,2025-06-10,2025-09-22,1.12,2233.55,46209.51
109,1147,20,2,38,2025-11-01,2026-03-13,3.3,7511.58,61445.77
110,204,2,2,19,2025-07-23,2025-12-07,2.55,4554.92,46558.41
111,573,19,3,77,2025-09-06,2026-02-13,4.79,6294.87,242053.35
112,776,23,3,29,2025-02-25,2025-06-22,3.85,3551.86,154443.04
113,99,2,2,37,2025-01-06,2025-05-15,1.11,1982.89,51261.4
114,1398,1,3,88,2025-08-24,2025-12-27,8.07,14117.78,284449.92
115,1546,19,3,44,2025-05-08,2025-10-16,5.9,6350.7,313888.44
116,442,23,2,26,2025-05-24,2025-08-29,2.02,4793.11,90034.49
117,1687,2,2,75,2025-05-03,2025-10-22,5.93,8314.56,132666.92
118,1000,20,3,72,2025-06-10,2025-08-30,3.35,3468.13,44561.48
119,201,19,3,95,2025-03-06,2025-05-28,2.34,4965.11,122307.82
120,509,20,1,11,2025-01-10,2025-06-23,6.48,15331.63,133854.88
121,1733,2,3,56,2025-02-18,2025-05-27,6.55,11829.89,212749.72
122,1055,20,1,39,2025-03-16,2025-07-17,3.98,6820.79,192726.27
123,727,1,3,86,2025-03-06,2025-08-15,0.89,1243.03,47774.29
124,1610,19,1,5,2025-06-03,2025-11-19,3.64,7856.65,97519.23
125,1342,19,2,65,2025-03-17,2025-06-25,3.37,3577.6,162557.75
126,30,2,2,44,2025-04-07,2025-07-30,1.18,1356.8,44030.89
127,1144,41,3,19,2025-06-07,2025-09-12,2.65,4376.5,129521.26
128,1037,1,2,85,2025-03-04,2025-06-02,0.5,630.6,12860.16
129,399,7,2,33,2025-05-14,2025-09-15,0.77,1631.26,17432.75
130,1512,19,1,91,2025-11-22,2026-02-15,3.32,5184.13,98509.27
131,497,14,2,74,2025-03-16,2025-07-21,4.61,6181.6,138151.9
132,829,19,2,73,2025-06-08,2025-11-07,0.95,2212.69,16962.39
133,25,20,2,84,2025-08-01,2025-11-11,4.37,4927.37,146369.85
134,622,20,1,29,2025-06-03,2025-09-30,0.91,2018.41,15942.43
135,398,14,3,31,2025-01-16,2025-05-18,1.46,2709.25,73653.22
136,1358,2,1,28,2025-08-25,2025-12-10,4.12,6716.6,213377
137,732,1,1,58,2025-01-01,2025-06-06,8.33,7950.19,442402.58
138,875,19,3,91,2025-09-10,2025-12-28,1.46,2407.99,25255.46
139,1449,14,3,22,2025-10-22,2026-02-13,1.63,2730.02,72079.03
140,448,19,3,32,2025-01-08,2025-05-04,1.51,3495.67,47772.18
141,1326,19,3,63,2025-08-11,2026-02-03,3.17,7095.2,81088.61
142,324,19,3,84,2025-11-13,2026-04-02,3.6,8434.8,61083.6
143,1489,2,3,17,2025-06-04,2025-08-20,3,7199.21,48864.47
144,1113,1,1,52,2025-05-19,2025-09-23,3.95,7217.31,92127.86
145,668,19,2,19,2025-04-08,2025-08-24,0.73,1412.62,38942.65
146,161,1,1,43,2025-11-22,2026-05-18,8.57,11754.72,179004.99
147,745,1,2,5,2025-08-08,2025-12-04,2.99,5689.72,72378.55
148,1547,19,2,100,2025-06-10,2025-08-28,10.55,16774.42,222002.37
149,1459,20,3,53,2025-04-06,2025-09-04,4.98,9475.02,96729.75
150,1564,20,1,74,2025-02-09,2025-06-29,1.26,2811.53,15365.84
151,1743,23,1,20,2025-09-18,2026-01-24,1.33,2213.03,67636.15
152,955,20,1,18,2025-07-19,2025-10-25,5.55,5099.45,93872.53
153,657,20,3,45,2025-08-18,2025-12-15,9.8,22271.35,536597.72
154,233,41,1,84,2025-10-12,2026-03-09,1.31,2623.61,51315.48
155,101,20,3,83,2025-06-18,2025-10-25,4.9,6095.02,131355.99
156,813,19,1,86,2025-04-17,2025-09-19,2.16,3547.83,49710.53
157,428,16,2,42,2025-08-17,2025-12-04,7.44,7945.96,112490.12
158,786,19,1,65,2025-03-23,2025-07-21,1.61,3306.89,29881.79
159,1306,19,2,99,2025-07-02,2025-12-04,0.65,1495.15,15767.28
160,26,7,3,82,2025-03-20,2025-07-01,3.82,8644.99,173326.85
161,1117,1,1,70,2025-12-10,2026-05-27,6.11,6483.32,219873.89
162,1697,41,2,77,2025-06-10,2025-09-17,2.38,4544.62,66486.11
163,1265,1,2,16,2025-02-04,2025-06-26,1.01,1656.75,35041.08
164,1378,19,3,31,2025-11-24,2026-03-12,1.12,1445.38,58619.89
165,81,2,1,30,2025-02-18,2025-06-04,4.73,10226.33,258128.64
166,885,2,2,64,2025-10-17,2026-02-18,4.6,10671.14,210656.42
167,1491,19,1,57,2025-10-03,2026-02-07,1.92,3287.24,66370.32
168,1087,1,3,18,2025-05-11,2025-10-18,1.03,960.41,40259.05
169,168,2,3,89,2025-04-10,2025-09-19,1.45,2073.28,74258.29
170,53,2,2,42,2025-07-04,2025-12-07,0.52,739.28,27195.91
171,18,20,3,83,2025-09-13,2026-02-01,0.51,516.8,26282.75
172,1311,20,3,80,2025-05-16,2025-11-02,4.02,9025.58,144814.93
173,942,19,3,7,2025-01-23,2025-05-05,4.29,5578.98,148707.23
174,32,2,3,31,2025-09-07,2025-12-08,5.89,12806.84,167105.07
175,1565,14,2,84,2025-04-17,2025-08-03,6.92,6356.12,310033.61
176,1224,19,1,62,2025-10-19,2026-02-25,0.78,1775.37,28380.19
177,914,2,1,39,2025-04-16,2025-09-12,1.12,1027.45,34608.77
178,548,23,2,39,2025-02-08,2025-07-08,2.74,6115.45,119853.2
179,1552,1,1,58,2025-10-10,2026-01-01,3.5,7534.6,106159.91
180,1162,19,3,89,2025-10-17,2026-02-22,8.36,16925.43,263473.39
181,764,20,2,17,2025-12-23,2026-05-21,6.34,14559.24,336938.22
182,1343,2,1,16,2025-08-13,2025-12-01,0.94,1255.84,36579.49
183,1331,14,3,47,2025-11-23,2026-05-01,4.33,7264.63,178806.66
184,1289,19,3,17,2025-04-22,2025-08-03,0.96,1804.56,25988.3
185,1029,19,1,97,2025-08-16,2026-01-26,1.41,1817.58,47763.83
186,131,1,1,38,2025-04-08,2025-07-21,1.02,2293.01,33578.15
187,1004,19,3,98,2025-06-09,2025-11-25,6.4,7054.89,345513.03
188,737,19,1,35,2025-01-10,2025-04-07,0.81,1176.26,34595.55
189,902,19,1,43,2025-10-24,2026-02-06,1.85,3171.21,90708.42
190,273,20,1,88,2025-12-19,2026-03-23,7.16,10313.16,166860.19
191,212,2,1,42,2025-06-23,2025-09-06,1.28,1609.65,58336.1
192,1421,19,3,13,2025-12-02,2026-03-08,0.65,1373.69,13417.48
193,336,20,2,91,2025-10-05,2026-03-20,6.52,8938.65,350379.47
194,807,19,2,23,2025-02-16,2025-05-13,6.67,7175.26,289692.12
195,1049,2,3,27,2025-08-21,2025-12-25,3.37,5485.94,101789.47
196,1208,19,2,95,2025-05-22,2025-11-14,3.1,2858.72,63777.57
197,202,2,2,24,2025-10-20,2026-03-27,9.3,17753.67,499104.26
198,324,2,1,87,2025-01-07,2025-04-01,1.95,2172.79,78780.95
199,1729,19,3,42,2025-06-17,2025-12-12,7.95,16091.02,108350.25
200,254,19,2,93,2025-11-03,2026-02-15,1.32,2246.93,32836.21
201,690,19,3,95,2025-02-18,2025-06-26,5.27,12358.82,121042.83
202,1759,19,3,72,2025-06-08,2025-11-28,0.69,1138.36,30968.09
203,1613,19,2,69,2025-01-16,2025-06-01,2.33,2501.24,105044.12
204,1152,20,3,5,2025-06-15,2025-10-07,3.84,8945.98,177768.25
205,100,2,3,23,2025-09-25,2026-01-19,2.13,2603.05,93855.02
206,7,1,1,16,2025-04-23,2025-09-15,5.12,7054.02,69679.62
207,548,1,2,64,2025-05-16,2025-10-28,2.81,4633.16,41165.2
208,1192,7,3,26,2025-02-01,2025-07-10,10.85,25137.14,436604.56
209,1422,19,3,51,2025-04-08,2025-08-20,4.38,4288,171054.7
210,714,2,1,19,2025-06-11,2025-11-02,0.99,2150.13,53942.92
211,1645,20,2,2,2025-11-04,2026-03-07,1.57,1881.34,77459.24
212,636,19,2,20,2025-07-07,2025-12-15,1.12,1896.65,47706.11
213,1738,20,1,90,2025-03-13,2025-07-25,0.49,812.91,25820.23
214,81,20,1,95,2025-03-16,2025-07-22,1.11,1413.76,53943.82
215,1411,20,2,60,2025-01-16,2025-04-22,3.57,3904.52,161806.89
216,302,19,3,30,2025-01-12,2025-06-20,7.06,14989.16,330390.86
217,1020,19,2,92,2025-08-09,2025-10-29,2.9,6947.93,124647.29
218,446,19,3,22,2025-09-11,2026-01-04,3.37,7501.08,148941.94
219,210,20,2,98,2025-02-18,2025-05-12,2.92,3017.77,79980.95
220,1463,1,2,78,2025-06-08,2025-09-10,7.67,12474.75,150582.86
221,1508,41,2,71,2025-12-18,2026-04-13,7.62,15025.29,207746.82
222,1666,19,2,80,2025-06-25,2025-09-19,1.68,3579.45,82993.46
223,1054,1,1,42,2025-04-12,2025-08-25,3.7,4167.92,122384.38
224,300,14,3,60,2025-06-01,2025-10-19,0.86,1099.58,21482.65
225,1309,1,2,63,2025-01-18,2025-05-27,9.34,16063.81,299806.01
226,1362,7,3,3,2025-01-20,2025-05-04,5.62,7832.39,128548.3
227,1295,20,3,95,2025-02-03,2025-06-01,9.13,8972.51,458002.17
228,1453,14,2,35,2025-03-18,2025-07-11,1.06,2454.12,56783.61
229,413,1,1,24,2025-07-21,2026-01-15,2.07,2633.41,29088.5
230,1095,1,1,21,2025-09-09,2026-03-07,0.86,1696.58,20331.23
231,822,14,1,51,2025-08-09,2025-10-29,2.89,4111.82,95209.26
232,1189,19,2,3,2025-12-05,2026-02-22,7.53,14122.7,258186.42
233,1537,19,2,96,2025-05-04,2025-09-27,0.97,1797.49,49887.48
234,625,14,1,62,2025-07-19,2025-11-03,2,3579.42,70958.27
235,1341,2,2,55,2025-10-15,2026-01-29,4.85,5138.32,264303.5
236,992,20,3,97,2025-01-24,2025-04-23,3.27,3325.63,71928.48
237,180,23,1,95,2025-11-06,2026-02-20,1.34,2813.82,49868.13
238,1489,2,2,60,2025-09-23,2026-03-22,5.95,5727.59,312467.9
239,1566,14,3,13,2025-10-02,2025-12-24,1.83,2286.71,90497.05
240,1585,14,3,37,2025-07-12,2025-12-26,2.58,4281.04,71693.46
241,69,20,3,15,2025-12-20,2026-03-29,1.98,2518.64,30075.51
242,109,2,1,81,2025-11-03,2026-04-20,2.47,4998.42,44800.67
243,35,20,1,53,2025-12-22,2026-03-07,0.47,432.14,8677.08
244,107,19,3,84,2025-03-20,2025-06-16,10.29,9889.76,284091.42
245,114,1,1,98,2025-12-18,2026-04-06,8.75,20939.13,158713.06
246,1125,1,1,39,2025-12-22,2026-05-01,6.94,12328.41,198154.16
247,1119,14,2,22,2025-12-08,2026-02-23,3.6,5308.33,135463.81
248,129,16,3,8,2025-08-16,2025-11-16,4,9500.33,169552.06
249,287,1,1,99,2025-05-25,2025-10-22,3.05,6073.03,50507.66
250,424,14,2,93,2025-07-17,2025-12-15,2.66,3180.41,97270.56
251,492,2,2,71,2025-07-01,2025-09-27,3.42,6034.89,126090.72
252,385,1,2,96,2025-12-13,2026-04-30,0.57,1003.35,19215.16
253,1681,20,2,21,2025-01-07,2025-04-17,0.91,1497,35870.67
254,381,19,2,80,2025-02-12,2025-07-18,6.43,13349.9,228183.24
255,422,16,3,8,2025-01-15,2025-06-23,6.88,7630.38,148915.73
256,618,20,2,8,2025-10-22,2026-04-03,2.14,3420.87,85712.77
257,1208,20,3,32,2025-07-11,2025-11-11,0.74,1304.46,19724.78
258,954,19,3,46,2025-05-06,2025-08-17,1.18,2496.84,22595.43
259,1793,1,2,31,2025-07-16,2025-11-14,2.47,5436.23,43347.11
260,70,7,2,26,2025-08-16,2025-12-02,10.19,16275.44,547493.5
261,627,1,1,86,2025-10-14,2026-03-05,1.52,2200.17,21588.57
262,1723,41,1,77,2025-01-16,2025-05-31,4.89,7534.3,194175.92
263,462,20,1,35,2025-07-04,2025-12-26,6.35,12048.2,213653.78
264,331,1,1,97,2025-12-16,2026-03-17,3.69,4503.08,91259.15
265,189,19,1,77,2025-04-21,2025-09-14,3.21,4287.39,169104.39
266,696,7,2,35,2025-11-02,2026-04-13,1.23,2214.33,65102.72
267,1178,14,1,51,2025-11-01,2026-04-03,3.78,6298.73,178113.92
268,52,7,3,52,2025-09-20,2025-12-04,4.47,7078.17,226343.84
269,413,20,1,66,2025-01-05,2025-05-22,1.81,1907.67,58840.67
270,290,1,2,21,2025-10-12,2026-02-21,4.25,7646.2,72616.76
271,71,14,1,3,2025-03-21,2025-07-03,0.41,440.46,13629.84
272,1593,41,1,63,2025-06-01,2025-11-08,1.08,2382.1,26947.84
273,1495,19,1,39,2025-02-02,2025-07-14,1.34,1576.16,70569.69
274,1436,1,2,92,2025-12-07,2026-03-02,1.71,3895.28,78021.93
275,778,20,3,58,2025-01-09,2025-06-21,6.46,7141.03,349371.24
276,1547,14,2,91,2025-10-25,2026-01-09,0.68,1427.39,27024.41
277,808,19,1,97,2025-01-21,2025-04-24,7.43,6837.05,107528.05
278,1136,14,2,75,2025-06-11,2025-11-15,3.53,4844.13,67998.77
279,1110,20,1,37,2025-01-15,2025-07-02,0.75,1730.79,27370.1
280,113,1,3,57,2025-06-13,2025-12-09,1.6,2452.99,60969.04
281,1396,19,3,21,2025-04-18,2025-09-23,1.1,2423.69,34991.56
282,449,1,3,71,2025-09-24,2026-01-27,5.89,8528.89,89976.59
283,138,20,3,31,2025-10-06,2026-01-18,2.81,5347.45,134319.42
284,477,41,2,99,2025-04-17,2025-10-12,2.78,4146.37,131227.93
285,657,23,1,55,2025-11-05,2026-02-20,6.96,11230.13,195316.86
286,1740,20,1,59,2025-08-02,2025-12-06,6.54,8190.56,118007.03
287,276,1,3,66,2025-01-25,2025-05-17,2.45,5675.08,69670.37
288,36,20,1,15,2025-12-23,2026-05-16,0.53,768.42,17453.63
289,208,20,2,91,2025-10-15,2026-03-20,6.54,14462.38,160559.14
290,1461,20,1,52,2025-01-15,2025-06-12,1.33,2617.8,19311.67
291,1159,20,2,96,2025-12-24,2026-05-16,1.49,2610.34,78974.47
292,1331,19,3,15,2025-05-02,2025-08-23,0.81,1882.42,35479.63
293,1416,41,3,66,2025-05-08,2025-10-04,1.03,1016.46,30978.04
294,1499,14,3,89,2025-02-21,2025-05-17,0.92,872.94,23861.7
295,442,1,3,86,2025-02-20,2025-08-15,0.49,1028.09,25856.75
296,360,19,2,98,2025-06-12,2025-11-28,1.48,3131.36,55685.81
297,1059,20,3,78,2025-10-12,2026-01-19,3.39,8093.7,110591.07
298,827,16,3,21,2025-03-21,2025-07-21,3.76,8038.09,130427.78
299,1454,1,3,97,2025-08-02,2025-11-01,6.29,5844.95,195182.25
300,651,14,1,95,2025-02-13,2025-04-29,7.7,17417.35,243467.87
301,394,19,2,59,2025-09-16,2026-02-27,0.95,1000.72,14677.34
302,27,14,3,20,2025-07-10,2025-10-30,4.16,7898.38,157293.18
303,567,19,3,95,2025-08-07,2025-12-27,0.68,938.22,8596.79
304,122,1,2,89,2025-05-08,2025-07-29,4.35,8515.02,208207.18
305,346,23,2,77,2025-06-02,2025-11-05,1.17,1236.56,30168.25
306,492,1,3,31,2025-06-20,2025-11-03,4.81,9557.62,74275.79
307,1374,41,3,90,2025-10-11,2026-01-09,0.99,2082.19,24706.65
308,399,7,1,61,2025-10-10,2026-03-01,1.7,2672.74,50171.16
309,285,19,3,3,2025-03-05,2025-06-16,2.46,5875.83,46381.84
310,1403,20,1,24,2025-11-17,2026-04-07,1.13,2693.44,57450.86
311,1528,2,3,35,2025-07-05,2025-12-07,5.51,9739.83,227372.74
312,1681,20,3,57,2025-10-11,2026-04-05,1.19,2177.14,58330.39
313,299,19,1,25,2025-06-21,2025-09-08,0.53,976.89,14582.05
314,1220,19,1,76,2025-02-23,2025-08-14,6.75,8388.75,105841.32
315,1181,19,2,35,2025-06-08,2025-10-18,0.69,649.19,12619.53
316,388,14,2,82,2025-07-12,2025-10-11,9.6,22262.01,418430.59
317,1290,2,2,12,2025-06-10,2025-10-23,4.43,9698.82,54169.18
318,633,19,2,27,2025-05-10,2025-08-26,2.64,2719.88,107451.45
319,1262,19,2,77,2025-07-24,2026-01-04,6.68,11877.59,87745.71
320,266,19,3,63,2025-03-16,2025-08-14,1.7,2893.75,22815.08
321,457,2,2,92,2025-01-12,2025-07-03,2.92,3528,71416.27
322,1544,2,2,100,2025-01-01,2025-06-01,1.27,1955.12,60462.15
323,1432,20,2,23,2025-08-18,2025-11-20,1.68,3224.84,51485.01
324,312,2,1,33,2025-01-04,2025-03-28,2.92,5137.89,86663.77
325,368,1,1,80,2025-08-10,2025-12-02,0.49,696.62,25877.45
326,268,7,1,18,2025-06-05,2025-11-01,0.78,1295.47,21874.66
327,764,19,1,45,2025-07-04,2025-09-24,9.52,16886.97,136832.95
328,1081,1,3,30,2025-05-24,2025-08-12,2.19,2117.78,39989.79
329,364,20,2,60,2025-02-21,2025-08-01,4.21,5997.11,197249.61
330,98,20,2,88,2025-07-23,2025-12-27,1.14,2324.24,23359.59
331,712,1,2,55,2025-09-03,2025-11-27,2.86,2968.74,116440.87
332,426,19,3,98,2025-05-16,2025-10-07,4.78,9886,166208.43
333,1454,19,1,41,2025-03-10,2025-08-05,2.97,3465.62,55528.59
334,185,20,1,93,2025-05-15,2025-09-12,4.78,6949.81,71100.38
335,953,19,3,29,2025-07-07,2025-12-23,0.84,1439.94,18585.55
336,1593,7,3,87,2025-02-18,2025-08-16,3.43,5111.12,184569.56
337,1572,1,1,2,2025-07-03,2025-12-10,4.91,10294.33,236419.19
338,355,19,2,58,2025-09-20,2026-01-04,1.1,1969.65,25543.12
339,1645,7,1,6,2025-07-17,2025-10-13,1.28,2282.7,57847.68
340,88,1,2,82,2025-12-12,2026-06-07,0.92,2037.16,13525.15
341,462,7,3,30,2025-11-02,2026-02-26,6.83,7842.58,244396.28
342,791,1,3,50,2025-02-18,2025-06-12,0.62,774.68,26261.75
343,484,16,3,37,2025-04-01,2025-08-22,1.08,1438.34,39351.76
344,686,2,2,51,2025-05-09,2025-09-14,4.3,9988.61,126520.56
345,1471,1,1,5,2025-12-14,2026-04-10,3.58,3715.87,190498.27
346,1067,2,2,47,2025-01-20,2025-05-06,1.78,2366.52,53051.51
347,67,1,2,77,2025-11-22,2026-04-02,5.01,4712.71,249945.13
348,974,19,1,66,2025-11-10,2026-03-16,1.37,2093.9,50429.56
349,637,1,2,42,2025-05-14,2025-11-01,2.62,3658.87,126830.58
350,869,14,1,61,2025-10-23,2026-02-10,0.59,759.9,9347.9
351,966,1,3,29,2025-05-05,2025-09-16,4.68,8292.34,94556.6
352,1209,20,2,20,2025-08-11,2025-10-31,10.24,16124.37,130580.47
353,722,1,1,3,2025-09-17,2026-01-21,6.22,7114.89,177126.35
354,106,20,1,31,2025-01-12,2025-04-25,4.62,6887.26,201453.77
355,1409,1,2,70,2025-06-23,2025-09-19,1.17,1296.33,60727.95
356,621,16,2,40,2025-06-21,2025-11-15,10.22,14632.52,270192.33
357,166,19,3,36,2025-04-01,2025-09-21,3.54,5909.7,45975.53
358,343,41,1,39,2025-06-07,2025-10-27,11.38,18678.48,552184.97
359,1272,41,2,12,2025-05-12,2025-08-01,8.3,11549.04,144528.41
360,312,2,2,62,2025-10-04,2026-01-14,2.61,2800.03,64216.48
361,842,20,3,22,2025-07-01,2025-11-26,5.29,5274.93,244316.84
362,315,19,1,29,2025-03-14,2025-07-26,2.9,5717.1,45509.11
363,1094,23,3,30,2025-11-04,2026-04-13,5.74,12735.08,106996.01
364,184,1,1,60,2025-03-20,2025-08-06,1.65,2182.58,51201.04
365,1103,20,1,54,2025-08-13,2026-01-16,2.6,4482.63,117514.26
366,1151,2,3,93,2025-08-02,2025-12-12,5.24,6333.22,105813.97
367,1274,1,3,35,2025-09-19,2025-12-26,1.21,2335.23,18365.57
368,632,14,3,15,2025-04-02,2025-09-03,0.89,1944.81,42584.91
369,416,7,2,6,2025-02-19,2025-08-16,9.71,21719.97,141439.84
370,1566,14,1,50,2025-06-15,2025-10-16,0.48,612.64,12159.32
371,1505,23,2,53,2025-01-12,2025-05-02,4.62,8957.15,247022.96
372,1193,14,1,30,2025-01-03,2025-06-16,0.78,1818.28,10406.42
373,643,41,1,88,2025-01-18,2025-06-11,0.5,751.39,23214.94
374,786,14,1,45,2025-04-15,2025-06-30,1.32,2674.72,32197.9
375,581,14,2,26,2025-11-03,2026-04-26,3.95,4308.53,191019.51
376,779,20,3,49,2025-08-13,2026-01-27,5.97,11627.3,145189.92
377,162,19,1,73,2025-05-05,2025-09-19,1.69,3194.65,69536.49
378,746,2,3,100,2025-05-14,2025-09-28,0.81,742.57,42231.91
379,920,1,2,89,2025-08-15,2026-01-20,7.92,15622.71,273062.03
380,454,19,1,64,2025-11-13,2026-02-08,6.88,15196.81,172431.02
381,501,1,1,17,2025-11-22,2026-03-08,0.77,768.84,26492.56
382,326,1,3,77,2025-05-11,2025-09-08,0.93,2168.38,12413.68
383,1377,20,3,29,2025-03-19,2025-07-02,2.98,5781.25,107657.19
384,476,23,1,22,2025-10-10,2026-02-11,5.85,7136.79,288765.11
385,1297,19,1,36,2025-08-01,2025-11-13,2.39,4824.58,108265.91
386,1624,19,3,12,2025-01-24,2025-04-24,0.62,1366.55,21816.1
387,1303,14,3,95,2025-12-01,2026-03-14,2.24,5021.48,105472.88
388,816,20,1,65,2025-01-23,2025-05-24,2.76,4958.93,117483.25
389,385,1,2,42,2025-07-07,2025-10-01,2.77,6571.74,88167.64
390,1591,20,2,98,2025-06-07,2025-09-27,1.99,3685.75,62595.39
391,1513,14,3,57,2025-10-03,2026-02-06,1.42,1725.25,22148.22
392,757,19,2,29,2025-08-18,2026-01-08,2.01,3768.83,105583.76
393,476,23,1,69,2025-04-11,2025-06-29,0.74,1079.27,10355.29
394,664,1,3,94,2025-08-16,2025-11-06,8.08,8325.4,147663.27
395,635,16,2,59,2025-08-12,2026-02-02,1.27,1976.22,38906.23
396,317,41,1,70,2025-11-21,2026-02-27,2.39,3513.57,99319.88
397,231,19,3,26,2025-03-17,2025-06-23,1.45,1813.47,47419.75
398,248,7,1,100,2025-09-15,2026-02-18,3.13,7466.15,134876.73
399,1487,14,1,54,2025-09-07,2026-02-13,6.54,14208.01,156295.03
400,848,19,2,78,2025-10-08,2026-02-25,7.34,7713.51,371561.38
401,200,1,2,36,2025-10-08,2026-02-03,4.26,9405.05,140567.7
402,1204,19,1,49,2025-08-10,2026-02-01,0.68,1383.08,15608.54
403,983,1,1,10,2025-02-08,2025-05-10,2.01,4304.41,104998.9
404,780,20,3,69,2025-05-06,2025-08-20,1.08,1087.26,48298.76
405,404,20,1,46,2025-08-13,2025-10-27,7.44,10773.71,383310.15
406,1591,1,1,42,2025-09-05,2025-12-21,3.41,7351.94,161209.73
407,265,1,2,4,2025-01-16,2025-04-07,5.32,12072.12,145202.85
408,923,14,2,35,2025-12-17,2026-05-17,7.88,18665.24,197716.03
409,1450,14,3,68,2025-06-16,2025-11-30,3.7,8693.44,183960.44
410,1767,14,2,39,2025-12-03,2026-03-13,1.1,1106.12,56730.63
411,15,19,2,70,2025-11-08,2026-02-05,2.92,6916.57,102985.88
412,753,1,1,43,2025-06-01,2025-11-26,1.72,3729.03,76060.25
413,752,2,2,12,2025-06-08,2025-11-14,2.39,5065.86,77777.84
414,1211,19,2,48,2025-05-03,2025-08-16,2,4112.19,27052.12
415,921,1,2,19,2025-11-05,2026-04-07,2.27,4625.84,118740.57
416,1209,1,3,17,2025-07-14,2025-11-19,8.9,13452.74,429306.29
417,1296,23,2,53,2025-07-15,2025-10-09,6.1,8801.42,79456.96
418,962,14,1,95,2025-06-24,2025-12-12,6.33,10414.41,157571.28
419,1523,20,2,66,2025-01-23,2025-05-14,5.36,5908.41,139583.92
420,520,19,2,54,2025-03-12,2025-07-23,0.66,694.03,30446.5
421,917,7,3,51,2025-06-20,2025-09-17,1.5,2958.98,45742.81
422,1174,1,1,69,2025-12-13,2026-06-03,4.56,6858.41,134145.05
423,1701,20,1,62,2025-10-11,2025-12-27,1.95,2200.57,81875.84
424,745,1,1,80,2025-11-17,2026-04-06,6,11373.4,276477.23
425,893,19,3,28,2025-09-12,2026-03-11,1.71,3677.86,60700.79
426,1678,14,2,6,2025-12-14,2026-04-28,3.99,6510.14,188713.89
427,327,14,3,33,2025-11-20,2026-04-12,7.42,9548.67,127842.53
428,1625,1,3,87,2025-01-23,2025-06-12,6.01,10583.27,84444.53
429,1172,19,2,55,2025-03-16,2025-08-25,4.6,9436.23,73188.51
430,1549,2,3,6,2025-12-17,2026-05-29,6.2,6465.26,212833.02
431,1313,2,1,92,2025-03-16,2025-06-12,1.71,1784.74,52024.31
432,687,23,2,43,2025-01-01,2025-04-11,5.32,9138.89,171587.6
433,630,19,3,23,2025-07-18,2025-11-15,3.82,5741.76,176757.69
434,716,1,1,93,2025-10-24,2026-04-13,0.57,854.52,26443.68
435,1204,20,2,55,2025-11-07,2026-02-01,2.66,5842.7,121780.61
436,1610,19,3,34,2025-04-02,2025-09-22,3.19,3512.57,85094.6
437,1384,1,2,94,2025-05-17,2025-11-05,0.65,1456.17,13322.75
438,566,23,2,27,2025-07-12,2025-10-04,0.6,1240.9,23663.85
439,1398,19,1,91,2025-04-11,2025-06-25,7.21,12123.47,283621.86
440,959,1,1,65,2025-01-08,2025-05-13,4.56,6523.33,160824.78
441,1016,14,1,38,2025-12-10,2026-05-10,1.34,1374.2,42706.37
442,940,1,3,57,2025-08-07,2025-11-07,0.85,1104.47,13919.46
443,139,20,2,96,2025-03-13,2025-08-18,4.79,6982.5,74529.83
444,1275,20,1,54,2025-12-20,2026-04-13,3.38,5070.59,182155.9
445,830,19,2,38,2025-02-19,2025-06-23,2.13,2297.67,40891.06
446,9,1,3,19,2025-11-21,2026-05-12,0.99,2248,36692.33
447,967,19,1,44,2025-01-02,2025-04-02,6.36,6031.86,251370.85
448,1549,1,2,86,2025-03-20,2025-08-01,4.07,5173.75,206513.58
449,1144,20,2,46,2025-01-12,2025-06-09,1.83,3056.21,40063.3
450,227,19,1,83,2025-10-23,2026-03-23,3.27,3655.97,60871.83
451,752,2,3,48,2025-10-25,2026-01-26,4,7257.19,213450.43
452,285,2,1,22,2025-12-15,2026-03-30,7.03,12159.27,336403.47
453,146,20,3,36,2025-06-24,2025-11-20,1,2070.92,13881.69
454,371,2,3,73,2025-04-10,2025-08-02,0.56,692.22,15001.13
455,1140,14,2,93,2025-01-19,2025-06-25,3.27,4477.52,68767.97
456,1227,20,2,98,2025-01-17,2025-06-10,2.02,2841.18,51036.83
457,1511,2,3,49,2025-01-03,2025-06-25,2.52,2696.63,73316.81
458,1531,20,2,86,2025-11-04,2026-01-18,0.75,1152.71,13185.6
459,108,14,3,40,2025-06-08,2025-11-06,3.43,7086.91,84393.17
460,1303,14,2,42,2025-04-25,2025-08-01,10.39,16829.9,539770.83
461,437,14,1,50,2025-04-21,2025-08-31,1.09,1151.51,53465.24
462,1577,23,1,19,2025-09-11,2026-02-06,0.6,687.81,27161.2
463,1451,2,1,25,2025-09-14,2026-01-05,1.68,2170.65,76008.52
464,1012,20,1,100,2025-01-25,2025-06-19,0.47,775.24,21691.69
465,903,1,3,44,2025-08-08,2025-11-18,2.68,6428.81,86841.74
466,1740,20,2,94,2025-06-10,2025-11-10,2.46,2350.19,59110.59
467,1223,1,2,23,2025-12-07,2026-03-14,0.54,528.43,22414.84
468,663,1,1,78,2025-03-13,2025-07-26,1.4,3184.92,59982.97
469,793,16,2,26,2025-05-20,2025-08-13,2.47,4351.1,95788.99
470,1568,1,1,90,2025-11-04,2026-02-02,4.47,7999.14,83382.82
471,740,2,2,43,2025-12-22,2026-04-03,7.58,11326.89,348991.1
472,1633,2,2,59,2025-09-12,2026-02-15,6.15,11722.76,245157.72
473,960,1,2,79,2025-02-24,2025-07-09,1.2,2302.08,16210.49
474,409,20,2,26,2025-01-04,2025-04-12,1.41,1425.59,34949.73
475,656,20,3,74,2025-06-18,2025-12-03,2.68,5444.35,123886.32
476,651,19,3,15,2025-03-08,2025-05-30,6.23,8958.12,77665.66
477,912,19,2,76,2025-05-13,2025-09-07,1.44,2902.93,66051.28
478,985,19,2,24,2025-03-02,2025-06-09,1.31,1994.93,33369.54
479,448,2,2,78,2025-01-14,2025-05-21,2.28,2649.46,44696.86
480,762,23,3,9,2025-11-23,2026-02-28,1.8,3470.58,35524
481,102,19,1,20,2025-10-14,2026-01-31,2.34,4308.45,62460.8
482,881,1,1,81,2025-06-24,2025-09-16,3.74,5152.42,168758.59
483,450,2,1,29,2025-11-12,2026-02-04,6.99,10885.95,255958.93
484,1038,1,3,30,2025-02-16,2025-05-31,7.89,8847.13,378976.37
485,854,20,1,25,2025-01-02,2025-04-06,1.87,3214.75,86920.59
486,1293,20,3,56,2025-09-12,2026-01-10,4.99,8224.81,60543.77
487,677,14,2,72,2025-07-08,2025-10-09,2.69,4394.74,120679.61
488,122,19,3,96,2025-09-07,2026-03-06,2.77,4241.46,94131.56
489,421,20,1,89,2025-11-19,2026-04-15,3.16,5656.82,76455.32
490,1662,1,2,91,2025-01-08,2025-05-17,1.32,1558.4,50794.64
491,116,1,2,44,2025-02-13,2025-08-06,1.74,3283.41,68581.57
492,1125,20,1,50,2025-12-17,2026-04-12,6.47,6929.32,112488.74
493,466,19,1,50,2025-11-23,2026-04-25,0.57,1227.2,9549.2
494,972,14,1,4,2025-03-24,2025-06-25,2.46,5760.95,34048.98
495,265,1,2,54,2025-11-05,2026-03-04,6.44,10745.4,329495.13
496,116,2,3,76,2025-12-16,2026-04-18,6.28,8956.58,93721.05
497,1173,1,2,67,2025-02-17,2025-06-06,0.85,1490.51,21912.44
498,191,20,3,90,2025-07-16,2025-10-30,1.85,2565.22,65477.75
499,374,19,1,22,2025-07-14,2025-11-19,4.1,5786.49,132003.91
500,244,2,1,50,2025-03-01,2025-06-15,2.51,3895.54,43951.96
501,749,1,2,1,2025-10-21,2026-02-08,6.95,14429.06,338681.22
502,733,23,2,6,2025-05-10,2025-07-25,1.48,1369.68,50463.44
503,912,19,3,70,2025-07-23,2025-12-14,6.5,12589.98,140128.04
504,1081,2,3,18,2025-07-15,2025-10-22,1.55,1455.57,20132.49
505,1469,16,1,54,2025-09-13,2026-01-14,1.65,3128.19,78070.67
506,1697,20,3,34,2025-04-01,2025-06-28,4.26,6767.14,217692.13
507,1231,23,1,59,2025-04-09,2025-07-16,3.49,6672.08,56056.39
508,905,14,2,46,2025-05-25,2025-08-21,8.74,10721.31,356247.82
509,337,1,3,91,2025-10-13,2026-02-15,2.31,3808.94,114058.88
510,384,20,3,86,2025-03-12,2025-06-11,0.88,2045.51,42159.39
511,87,23,3,24,2025-08-08,2025-12-03,0.53,1262.54,18314.29
512,860,19,1,78,2025-06-12,2025-12-05,3.75,5262.71,94419.69
513,2,14,3,94,2025-06-19,2025-12-16,7.6,15529.19,396512.7
514,1519,16,3,24,2025-09-09,2026-01-03,2.09,4224.01,102062.17
515,379,20,3,55,2025-08-11,2026-01-08,4.4,4396.69,81146.11
516,617,16,3,62,2025-04-10,2025-07-30,2.32,3157.7,67308.96
517,1160,19,2,51,2025-06-06,2025-09-07,9.64,20177.69,250576.6
518,1514,23,3,23,2025-01-14,2025-05-19,4.03,5722.63,138914.18
519,1351,2,2,93,2025-09-23,2026-02-16,1.07,2443.19,31859.73
520,511,7,3,11,2025-06-17,2025-09-27,2,3909.26,44100.75
521,1538,19,2,40,2025-09-20,2026-03-02,6.48,10975.9,210795.06
522,1350,19,3,71,2025-08-24,2026-01-16,9.59,16015.01,383556.86
523,1660,19,3,65,2025-10-03,2026-02-12,6.28,13675.56,297960.61
524,154,1,3,67,2025-07-10,2025-09-28,4.81,11154.53,127073.7
525,852,19,3,1,2025-09-19,2026-02-09,5.78,7398.58,263646
526,226,16,1,34,2025-04-24,2025-07-20,7.14,9905.7,100640.71
527,679,23,3,79,2025-12-15,2026-03-11,3.78,6558.45,52895.96
528,726,41,1,48,2025-03-18,2025-07-21,4.67,6115.92,141524.47
529,310,14,2,65,2025-05-12,2025-09-10,0.83,1080.82,33315.7
530,1019,19,2,93,2025-09-11,2026-01-08,5.04,10698.38,199856.87
531,123,20,1,90,2025-11-25,2026-03-27,1.5,2906.61,28676.42
532,713,20,3,56,2025-05-16,2025-08-17,1.23,2704.42,38296.87
533,1566,14,1,59,2025-05-09,2025-10-06,1.78,2843.58,44024.2
534,1007,19,3,16,2025-01-13,2025-05-03,3.98,4859.77,131192.98
535,1529,19,1,17,2025-05-23,2025-10-23,6.6,7184.22,313166.36
536,400,7,1,37,2025-03-25,2025-08-03,6.21,11851.63,143798.17
537,239,19,2,47,2025-11-15,2026-04-28,1.34,2609.51,68405.71
538,745,20,1,27,2025-07-01,2025-12-01,5.58,13013.27,166086.58
539,1074,20,1,8,2025-12-18,2026-05-30,1.18,1287.52,60980.75
540,1261,16,1,32,2025-10-01,2026-01-12,3.57,7639.96,143869.59
541,854,7,1,40,2025-04-08,2025-07-25,5.04,7360.02,106429.7
542,292,19,3,67,2025-07-16,2026-01-11,7.58,8023.62,389803.2
543,561,23,2,79,2025-06-14,2025-10-24,2.66,4400.19,137433.18
544,1748,1,2,47,2025-01-04,2025-06-10,1.82,2384.14,28525.67
545,1625,1,1,7,2025-02-11,2025-07-02,4.28,9697.36,96784.44
546,1712,19,1,34,2025-12-22,2026-05-25,2.51,4154.78,84611.58
547,127,23,3,49,2025-06-02,2025-09-05,1.75,3689.46,78170.73
548,560,19,1,50,2025-04-18,2025-09-19,0.55,609.2,17643.13
549,385,23,2,72,2025-01-08,2025-06-02,6.59,12252.94,270301.27
550,93,2,1,21,2025-02-23,2025-06-08,2.88,3255.97,87379.55
551,999,2,3,18,2025-08-06,2025-11-23,1.27,1743.47,59525.54
552,623,20,2,84,2025-11-18,2026-03-08,5.75,13197.64,158823.36
553,8,23,1,29,2025-10-19,2026-03-23,2.8,5356.02,151133.19
554,810,41,3,78,2025-10-17,2026-01-19,0.87,1640.74,23149.16
555,555,41,1,70,2025-11-22,2026-05-15,2.82,4199.75,54727.5
556,1694,19,2,63,2025-09-17,2025-12-01,8.75,9089.25,342068.67
557,888,1,2,57,2025-09-05,2026-01-20,6.06,13110.48,251389.14
558,113,1,1,8,2025-04-19,2025-10-01,2.3,3253.51,50669.9
559,1667,19,1,71,2025-06-06,2025-09-21,1.73,2031.45,91392.41
560,1697,41,2,23,2025-12-21,2026-04-03,4.85,5267.77,128836.85
561,1132,2,2,57,2025-09-13,2026-03-10,1.04,989.69,46052.08
562,1232,23,3,85,2025-05-10,2025-11-01,3.6,4569.76,184656.68
563,1021,19,2,5,2025-07-24,2025-10-19,3.39,4481.47,86229.41
564,114,1,2,28,2025-02-22,2025-08-01,4.99,5479.12,98493.47
565,1297,19,2,77,2025-07-25,2025-12-05,4.34,6380.81,131373.95
566,1034,19,1,55,2025-06-01,2025-11-19,1.03,2464.46,45166.79
567,640,1,3,20,2025-09-19,2025-12-26,6.04,7221.19,241695
568,156,1,3,20,2025-01-17,2025-05-13,9.66,22587.91,412048.39
569,982,19,1,37,2025-09-24,2026-01-07,2.93,4533.23,146098.04
570,1137,19,3,66,2025-01-24,2025-05-18,1.67,2077,67399.05
571,1163,2,2,21,2025-10-18,2026-03-13,1.5,2893.19,40153.87
572,1784,20,1,4,2025-09-08,2026-02-09,7.97,14211.22,229324.26
573,129,16,1,50,2025-12-05,2026-06-03,0.53,701.06,17984.56
574,1190,1,2,8,2025-04-22,2025-09-20,3.62,6731.8,191451.61
575,1590,19,1,47,2025-10-14,2026-01-01,3.75,4108.01,119541.38
576,203,20,2,64,2025-02-18,2025-07-17,8.39,10552.18,290611.43
577,545,14,1,67,2025-07-15,2025-12-03,1.32,1439.38,57960.25
578,1524,16,3,78,2025-09-12,2026-03-01,2.62,5111.76,75012.42
579,1318,14,1,49,2025-07-17,2025-11-16,2.29,3108.62,28694.38
580,100,2,1,60,2025-06-07,2025-09-25,1.82,2710.67,92622.3
581,564,20,1,3,2025-12-16,2026-03-25,2.16,2180.18,92135.06
582,829,2,1,6,2025-06-18,2025-12-15,0.53,869.5,17034.61
583,1728,19,3,93,2025-01-21,2025-06-17,7.98,11829.76,383950.72
584,1577,1,2,56,2025-07-21,2025-12-20,1.38,3059.09,32045.68
585,224,19,1,56,2025-04-23,2025-08-27,6.98,11094.28,178337.12
586,84,23,2,53,2025-11-19,2026-04-10,3.77,5685.79,141453.66
587,1020,2,3,21,2025-04-17,2025-09-13,4.92,7522.57,107179.55
588,245,14,1,91,2025-09-25,2026-02-24,5.22,9726.04,111729.42
589,1580,1,3,29,2025-03-06,2025-05-20,6.45,13091.26,344398.98
590,394,19,2,35,2025-06-14,2025-11-04,0.71,750.55,31954.45
591,371,20,1,15,2025-08-01,2026-01-10,1.37,3031.32,69511.51
592,788,20,2,33,2025-05-04,2025-10-18,2.05,3928.1,26848.39
593,107,14,2,16,2025-01-22,2025-04-18,4.2,6350.26,196666.72
594,261,19,1,18,2025-12-17,2026-04-27,0.83,780.08,16411.15
595,889,1,3,47,2025-07-25,2026-01-14,1.91,2617.43,66681.47
596,785,19,2,11,2025-12-08,2026-02-27,3.36,4542.36,89344.58
597,1382,2,3,35,2025-07-10,2025-11-17,5.22,10091.04,249466.02
598,1704,2,1,3,2025-03-06,2025-06-17,0.44,566.35,12465.16
599,300,1,2,62,2025-05-19,2025-10-30,0.8,1184.89,27418.69
600,1382,19,1,73,2025-09-01,2026-02-20,1.89,2500.35,87702.2
601,897,19,2,15,2025-01-21,2025-07-07,0.58,1171.69,27403.07
602,257,1,2,65,2025-09-13,2026-01-31,1.49,1804.78,51466.59
603,162,1,3,58,2025-02-04,2025-06-09,1.32,1856.81,22499.4
604,1637,20,1,77,2025-08-09,2025-12-11,0.91,1381.5,17412.71
605,675,16,2,82,2025-05-11,2025-08-19,2.3,2267.52,31474.62
606,1258,2,1,37,2025-04-06,2025-07-30,0.73,914.59,28015.99
607,863,1,1,89,2025-12-18,2026-05-23,2.23,5349.82,56193.6
608,1562,23,3,79,2025-07-04,2025-12-25,4.39,8703.22,183422.27
609,1415,7,3,72,2025-08-14,2026-01-13,7.27,13186.8,203416.58
610,198,19,1,89,2025-10-23,2026-01-30,2.3,2092.15,114467.2
611,347,20,2,83,2025-07-22,2025-11-12,2.56,4686.15,126145.25
612,1058,7,2,98,2025-06-08,2025-12-04,0.41,427.22,17863.48
613,1397,2,3,20,2025-05-21,2025-08-08,1.53,3330.16,80551.42
614,1455,20,3,53,2025-07-15,2026-01-01,2.25,3067.45,85897.24
615,753,23,2,53,2025-12-04,2026-03-21,2.6,4126.98,32514.64
616,399,7,2,70,2025-10-22,2026-03-26,1.18,2623.27,61543.54
617,684,20,3,94,2025-05-04,2025-08-27,3.88,8107.44,157285.49
618,601,19,1,98,2025-09-03,2025-11-17,3.38,8069.79,61585.78
619,522,1,1,34,2025-11-17,2026-04-06,0.81,880.68,28741
620,1327,19,1,17,2025-11-02,2026-04-12,3.05,3835.98,115471.29
621,1016,1,2,55,2025-04-25,2025-08-05,8.17,8854.69,382382.71
622,1021,2,1,27,2025-10-19,2026-01-27,1.43,2901.47,60576.97
623,1156,1,1,20,2025-05-01,2025-10-17,6.04,11813.6,284701.55
624,402,20,3,16,2025-09-20,2025-12-07,10.13,20441.86,458760.62
625,1169,14,2,64,2025-10-16,2026-01-29,3.2,7302.35,91608.32
626,1527,2,3,94,2025-11-24,2026-04-16,5.52,11816.89,78532.14
627,316,19,1,29,2025-05-18,2025-08-22,10.93,17200.45,591058.4
628,588,2,2,95,2025-12-14,2026-04-27,7.61,9490.89,299517.74
629,46,1,3,1,2025-08-10,2025-10-28,2.97,5051.91,121016.45
630,810,7,1,63,2025-02-14,2025-06-05,1.25,1851.76,26891.34
631,889,20,1,81,2025-11-02,2026-04-22,0.73,1531.07,11505.26
632,1366,19,1,82,2025-03-09,2025-06-27,2.39,4468.41,42399.52
633,1733,2,3,74,2025-01-19,2025-06-11,6.95,13249.09,184711.17
634,903,14,3,14,2025-10-08,2026-03-25,7.77,15303.79,248143.32
635,874,2,3,8,2025-05-25,2025-11-16,1.81,2661.77,93992.79
636,1050,2,2,13,2025-05-13,2025-11-09,1.88,2922.7,50438.88
637,320,7,1,54,2025-09-22,2026-01-19,0.45,941.81,5513.88
638,1766,20,2,84,2025-05-04,2025-07-25,8.98,19847.83,382495.05
639,1293,20,1,68,2025-03-01,2025-07-12,6.7,12362.52,164108.64
640,1623,7,2,68,2025-04-19,2025-09-03,1.24,1851.18,30666.84
641,1600,41,2,92,2025-07-08,2025-11-01,6.48,5911.66,174752.47
642,782,1,1,33,2025-08-17,2026-01-06,1.75,1821.64,28834.79
643,585,1,2,84,2025-02-18,2025-07-28,2.99,4490.54,161931.35
644,1576,2,1,94,2025-10-09,2026-02-12,0.6,1418.86,28645.25
645,648,14,1,14,2025-09-01,2025-11-23,2.32,5305.42,94275.23
646,863,1,1,4,2025-04-25,2025-08-20,0.78,887.3,41859.28
647,274,20,3,41,2025-06-17,2025-09-05,0.54,1077.1,29275.35
648,1057,41,2,27,2025-11-02,2026-02-09,4.08,5463.12,63455.01
649,1513,14,1,44,2025-11-04,2026-04-28,7.63,9046.8,402564.45
650,1225,23,1,33,2025-11-21,2026-02-10,5.16,12379.98,255069.09
651,1084,2,2,14,2025-09-07,2026-02-03,0.52,591.09,14175.43
652,683,19,1,42,2025-02-06,2025-07-13,3.57,4195.07,59256.04
653,892,1,2,36,2025-09-13,2025-12-04,4.81,10479.95,147884.36
654,1163,2,1,2,2025-12-03,2026-05-08,2.17,4944.24,99842.46
655,434,19,2,63,2025-03-13,2025-06-15,1.9,2871.56,41223.64
656,105,16,2,46,2025-04-24,2025-07-11,0.5,987.12,22101.04
657,1214,2,3,87,2025-12-14,2026-06-11,1.96,4155.96,33884.43
658,18,16,3,20,2025-03-05,2025-08-14,4.3,5314.89,114659.77
659,477,7,2,48,2025-04-12,2025-08-05,2.35,2289.95,105818.17
660,24,14,1,26,2025-09-12,2026-02-03,1.48,1905.16,28807.4
661,951,20,3,83,2025-02-06,2025-05-26,6.22,7818.12,294970.58
662,1147,23,1,92,2025-08-17,2026-01-15,9.08,11734.48,318177.51
663,1198,2,3,47,2025-11-19,2026-04-30,0.84,1132.19,37334.21
664,1595,41,2,8,2025-10-02,2026-02-14,2.3,2680.86,76890.88
665,941,2,2,16,2025-03-05,2025-08-26,1.78,2695.57,46166.55
666,731,23,3,85,2025-09-10,2026-02-07,1.26,2944.76,32460.4
667,1270,19,2,30,2025-03-23,2025-07-23,0.63,1110.91,28860.88
668,960,23,1,37,2025-07-16,2025-09-29,5.38,8521.01,172372.8
669,1173,1,2,96,2025-09-25,2026-02-28,0.6,836.02,11652.91
670,133,2,3,18,2025-08-07,2025-11-26,1.07,1721.63,49016.06
671,1204,20,2,65,2025-01-24,2025-05-14,0.88,1230.62,11293.72
672,1155,1,3,3,2025-06-06,2025-11-26,2.14,4921.95,95842.56
673,1221,14,1,68,2025-02-21,2025-07-06,0.71,649.33,21694.07
674,842,19,1,6,2025-05-08,2025-09-16,6.09,9847.57,317448.71
675,153,20,1,68,2025-01-03,2025-05-23,6.1,7865.61,189112.49
676,622,19,1,90,2025-11-03,2026-04-12,7.49,11930.86,244759.23
677,268,7,1,60,2025-04-05,2025-07-30,0.74,1048.02,37194.38
678,970,2,3,75,2025-05-23,2025-09-09,0.66,1194.85,16087.41
679,1443,14,1,85,2025-12-22,2026-03-18,6.92,13468.23,318028.51
680,449,2,1,14,2025-11-16,2026-04-06,4.29,8549.15,222254.13
681,49,1,3,4,2025-08-17,2026-01-17,0.8,1470.98,32373.51
682,1737,23,2,99,2025-02-16,2025-07-15,4.11,8594.98,103431.54
683,1439,2,3,35,2025-10-09,2026-01-21,3.9,5953.36,201586.69
684,154,1,3,34,2025-05-17,2025-08-17,7.17,15724.15,177593.61
685,1095,1,2,53,2025-10-12,2026-02-17,3.71,5515.47,165644.16
686,548,1,1,18,2025-09-19,2026-01-08,2.61,3658.98,112608.38
687,1516,2,1,69,2025-10-11,2026-02-08,4.86,6706.3,96309.04
688,531,1,2,18,2025-09-11,2025-12-17,5.83,5493.02,157490.03
689,27,14,3,91,2025-11-11,2026-01-27,4.17,8146.02,223186.04
690,840,1,3,57,2025-07-13,2025-11-21,3.74,5416.61,56376.33
691,1753,23,2,74,2025-09-03,2025-12-17,6.77,9681.29,321570.55
692,441,23,3,80,2025-11-16,2026-04-28,8.61,11138.29,415177.13
693,1373,41,2,12,2025-02-05,2025-07-28,3.69,3583.07,181535.02
694,1095,1,3,56,2025-08-08,2025-10-29,1.09,1118.65,47669.03
695,754,1,3,55,2025-10-24,2026-01-16,11.62,11040.84,288408.11
696,1706,20,1,30,2025-11-15,2026-03-03,0.9,1596.61,21815.09
697,1784,20,3,21,2025-06-18,2025-10-08,6.26,14696.06,320079.8
698,505,19,2,39,2025-09-13,2025-12-26,2.36,3419.5,32881.19
699,541,19,3,69,2025-07-13,2025-10-07,0.7,996.2,28763.78
700,1324,23,3,69,2025-05-07,2025-09-17,0.87,1156.07,21935.58
701,1717,19,1,25,2025-09-12,2025-12-08,1.81,3204.03,49861.89
702,1640,20,3,30,2025-02-17,2025-07-03,2.83,3160.6,128231.54
703,599,2,1,85,2025-07-25,2025-11-04,10.68,14529.79,574945.59
704,569,23,3,46,2025-06-11,2025-11-12,1.1,1259.66,43814.26
705,820,20,3,51,2025-12-16,2026-05-29,1.52,3538.67,28354.11
706,376,2,3,19,2025-11-12,2026-04-19,1.28,2087.93,42325.86
707,819,1,3,41,2025-10-03,2025-12-21,6.68,15791.18,344978.56
708,1038,19,3,95,2025-01-17,2025-04-05,6.89,8296.74,220982.01
709,452,19,3,72,2025-08-25,2026-02-03,0.61,657.64,12167.27
710,530,7,2,76,2025-10-19,2026-02-11,1.17,1436.3,61324.68
711,791,20,2,9,2025-09-22,2025-12-19,1.92,4152.32,36120.85
712,1189,19,2,8,2025-08-14,2026-01-28,8.33,10792.94,161486.93
713,906,14,3,87,2025-04-11,2025-09-15,0.82,1820.45,36219.89
714,701,1,2,31,2025-03-08,2025-07-02,8.92,14946.5,246420.9
715,122,1,1,91,2025-12-22,2026-05-25,7.37,7104.55,168455.72
716,879,19,1,27,2025-11-08,2026-04-13,3.77,7938.79,154402.72
717,1358,1,3,14,2025-08-22,2025-12-06,0.79,871.06,13695.73
718,1314,1,3,49,2025-07-09,2026-01-03,5.79,13642.62,139689.66
719,260,23,2,59,2025-10-06,2026-04-02,6.81,15172.02,230827.4
720,631,19,1,66,2025-06-12,2025-09-15,5.21,4968.02,106905.21
721,311,19,2,6,2025-10-18,2026-02-13,4.38,6856.94,128154.78
722,1136,23,1,28,2025-04-25,2025-10-08,11.04,16713.06,547382.22
723,643,41,3,8,2025-03-06,2025-07-22,0.65,1133.79,21919.84
724,1077,1,3,11,2025-03-16,2025-07-27,1.06,1214.48,37535.63
725,196,20,2,34,2025-08-18,2026-01-31,0.54,781.15,13724.15
726,1489,2,2,98,2025-07-22,2025-11-22,4.22,5446.85,64618.43
727,1694,1,2,52,2025-08-17,2026-01-16,4.19,9308.32,59045.73
728,260,1,1,84,2025-09-20,2026-01-21,4.64,9167.67,217409.75
729,353,23,2,30,2025-11-20,2026-04-25,6.81,11813.29,107224.5
730,451,14,3,66,2025-04-08,2025-06-22,3.69,4259.26,182450.76
731,910,1,2,13,2025-01-11,2025-06-29,0.95,1125.42,25719.67
732,529,7,1,45,2025-01-14,2025-05-26,1.42,2280.71,21879.56
733,620,2,2,62,2025-05-13,2025-08-28,6.66,12177.64,134579.91
734,140,20,1,5,2025-11-18,2026-03-14,1.52,1424.85,61532.32
735,1751,7,3,33,2025-12-15,2026-05-26,3.48,3342.59,176672.48
736,111,20,1,7,2025-01-25,2025-05-10,2.78,4825.74,101995.47
737,374,2,3,67,2025-09-07,2025-12-12,1.78,2536.27,56188.8
738,1425,14,2,97,2025-06-01,2025-08-28,0.63,674.6,27136.36
739,1309,23,1,98,2025-11-16,2026-03-22,8.46,19131.66,245034.52
740,217,23,1,13,2025-09-01,2025-11-30,0.88,1508.91,27814.81
741,319,41,2,59,2025-09-18,2025-12-19,6.11,9319.08,222703.34
742,1008,1,1,8,2025-10-19,2026-04-04,0.45,438.74,22104.93
743,378,2,3,41,2025-04-07,2025-07-18,1.42,2115.15,67738.38
744,1477,20,3,24,2025-12-22,2026-03-23,3.74,4440.45,82813.63
745,1130,19,3,65,2025-03-09,2025-06-20,1.78,1844.45,26704.08
746,1119,14,1,29,2025-03-11,2025-07-13,2.56,5814.77,56166.65
747,1528,19,1,99,2025-12-02,2026-04-01,1.48,2881.76,46960.08
748,1221,19,3,24,2025-09-24,2026-02-04,0.75,1149.12,38082.48
749,431,16,3,62,2025-06-13,2025-09-05,0.5,786.33,18621.98
750,1782,1,1,12,2025-06-12,2025-11-02,3.59,5115.97,83981.63
751,1791,19,1,31,2025-06-07,2025-09-27,2.6,3185.79,55827.9
752,1332,14,3,64,2025-09-19,2026-02-06,0.8,864.77,13532.18
753,162,1,2,98,2025-03-14,2025-08-15,0.55,1227.52,28035.28
754,1703,19,3,89,2025-04-19,2025-07-09,2.59,4449.57,90794.36
755,724,19,2,87,2025-06-05,2025-09-23,1.58,2893.52,39136.5
756,607,20,3,36,2025-04-25,2025-08-05,2.16,4449.44,46225.49
757,10,1,2,53,2025-02-10,2025-05-06,1.99,3946.1,25306.32
758,56,23,3,39,2025-05-08,2025-11-03,6.66,13747.06,336049.74
759,1522,19,1,63,2025-07-25,2025-10-24,5.76,7105.94,298482.21
760,361,1,3,50,2025-09-20,2026-01-27,4.1,4008.25,56878.47
761,882,23,1,50,2025-06-09,2025-09-07,2.55,4796.32,118583.98
762,1449,19,1,26,2025-03-13,2025-08-27,2.05,4238.75,67399.3
763,220,19,3,23,2025-10-14,2026-01-18,2.89,4948.2,101570.24
764,316,19,2,11,2025-09-17,2026-03-04,9.2,15633.89,122886.3
765,1362,7,1,3,2025-10-01,2026-03-17,5.55,7183.73,239927.19
766,429,20,2,60,2025-11-17,2026-03-21,1.07,2336.34,28522
767,643,41,2,94,2025-02-09,2025-07-25,1.01,2206.06,18469.06
768,1666,14,2,16,2025-03-09,2025-09-03,7.24,12866.42,315334.23
769,1389,20,3,2,2025-04-16,2025-09-01,6.64,11215.88,364154.98
770,1487,14,3,82,2025-03-15,2025-09-11,2.98,3204.87,71425.85
771,930,14,1,98,2025-03-16,2025-06-30,4.84,9121.56,154991.58
772,709,1,2,37,2025-02-21,2025-07-16,2.77,4107.54,83309.01
773,1043,2,1,88,2025-04-14,2025-07-20,3.54,6083.07,52075.83
774,1361,20,2,87,2025-11-03,2026-04-13,4.46,5461.76,211448.82
775,618,20,2,52,2025-01-23,2025-06-16,4.38,9020.46,234624.69
776,1414,20,1,2,2025-08-09,2025-12-31,6.88,14477.79,155779.69
777,803,14,2,95,2025-06-13,2025-09-06,3.75,7383.96,162791.05
778,957,1,2,90,2025-04-14,2025-10-08,2.93,5521.79,68458.6
779,1237,2,1,13,2025-07-21,2025-11-07,2.2,3906.95,105737.73
780,1128,19,1,56,2025-06-16,2025-10-31,0.42,692.28,13157.92
781,1561,23,3,20,2025-08-15,2026-01-08,1.11,1529.55,36411.82
782,84,23,2,88,2025-05-09,2025-09-06,3.26,3988.7,66339.67
783,219,1,3,40,2025-06-03,2025-10-30,4.04,5420.77,174639.3
784,1029,19,1,89,2025-02-13,2025-08-04,2.24,4722.12,114323.65
785,1380,41,2,37,2025-10-25,2026-03-30,1.1,1169.96,16842.84
786,35,20,1,67,2025-09-02,2025-12-18,1.89,3054.35,84772.69
787,472,19,1,67,2025-12-18,2026-03-23,0.48,680.87,7299.24
788,1048,1,1,83,2025-10-17,2026-03-22,2.14,4419.39,58853.32
789,377,2,2,100,2025-08-11,2026-01-21,8.08,9945.67,344945.05
790,578,14,1,72,2025-11-08,2026-03-30,0.56,881.03,16964.11
791,817,19,2,71,2025-03-10,2025-06-11,2.77,5242.7,74616.58
792,99,19,1,20,2025-10-24,2026-03-14,0.65,641.44,13316.15
793,1784,20,3,35,2025-04-04,2025-07-08,9.21,19891.57,178134.69
794,585,1,1,49,2025-09-11,2026-01-15,2.12,4667.5,49177.57
795,1206,14,2,21,2025-08-12,2025-12-23,4.1,8432.32,219065.06
796,1587,19,1,40,2025-05-25,2025-10-04,5.01,7613.48,131918.2
797,1248,41,2,79,2025-10-14,2026-02-05,4.82,10694.61,95393.46
798,798,16,2,27,2025-02-05,2025-04-26,2.06,4671.63,41346.52
799,486,19,2,98,2025-03-22,2025-08-14,2.2,2422.31,75241.3
800,401,16,2,37,2025-03-09,2025-08-14,5.29,4954.61,222058.88
801,609,20,3,72,2025-09-01,2026-01-29,1.64,2192.68,75291.79
802,44,14,3,84,2025-08-18,2026-01-29,0.42,684.87,17534.51
803,1618,1,1,37,2025-03-06,2025-05-30,1.38,3044.09,74419.31
804,1349,1,2,51,2025-12-23,2026-04-16,0.78,1000.97,37100.98
805,1019,1,2,80,2025-08-02,2025-11-20,2.09,2004.19,112048.93
806,719,7,2,83,2025-05-09,2025-08-03,6.43,9275.77,344033.28
807,739,19,3,36,2025-04-08,2025-07-24,7.17,14700.11,252408.01
808,1495,14,2,67,2025-11-07,2026-02-14,1.3,2205.44,46018.87
809,459,14,1,83,2025-12-21,2026-03-19,8.88,19821.32,158632.4
810,47,1,3,35,2025-01-23,2025-06-14,1.77,3177.77,48668.45
811,1440,19,2,6,2025-11-19,2026-03-27,1.22,2354.88,41712.03
812,501,14,3,98,2025-06-25,2025-11-23,1.1,2009.45,53982.33
813,1400,14,2,81,2025-04-19,2025-09-11,4.51,4587.14,101927.14
814,148,16,2,2,2025-09-03,2025-12-19,2.53,3026.06,134912.03
815,891,1,3,52,2025-06-22,2025-10-14,4.2,4175.14,207185.72
816,573,14,1,23,2025-03-15,2025-07-12,4.04,9180.89,209505.15
817,1628,1,1,67,2025-02-09,2025-08-01,0.5,678.02,6257.78
818,432,16,3,68,2025-06-14,2025-09-24,6.39,13820.22,245644.64
819,1202,1,1,74,2025-09-23,2026-01-06,6.1,8751.11,112540.28
820,752,19,2,45,2025-05-01,2025-09-20,0.67,1438.43,30176.06
821,914,1,2,37,2025-12-24,2026-04-02,1.39,1885.23,63537.53
822,631,19,1,68,2025-03-23,2025-09-03,9.15,12969.09,289404.62
823,462,20,3,87,2025-07-15,2025-10-13,4.91,6026.75,193032.77
824,100,19,2,91,2025-05-16,2025-11-07,2.31,5073.34,57809.92
825,480,14,3,41,2025-01-06,2025-04-20,4.96,11025.4,258270.78
826,399,7,1,84,2025-07-16,2025-11-14,2.38,5708.53,89443.33
827,1540,1,2,79,2025-09-08,2026-01-10,2.08,4073.1,75037.15
828,359,20,1,23,2025-12-21,2026-05-09,4.04,9101.52,61709.7
829,1443,1,2,99,2025-01-13,2025-03-31,4.6,9239.57,102921.22
830,285,2,3,88,2025-04-23,2025-07-13,5.61,7584.61,108767.64
831,144,20,1,30,2025-07-23,2025-10-24,3.23,3865.99,79841.86
832,1073,1,2,70,2025-12-19,2026-05-22,1.69,2911.48,55691.7
833,989,7,1,50,2025-07-05,2025-12-08,1.46,3399.61,64209.65
834,1218,2,3,85,2025-03-17,2025-09-05,0.92,1455.79,25021.26
835,1244,19,2,34,2025-09-13,2026-01-10,1.02,1077.49,51918.39
836,924,19,2,86,2025-02-20,2025-06-04,9.86,14348.27,419232.46
837,62,19,3,75,2025-07-04,2025-09-17,3.19,4322.97,105928.09
838,934,23,1,40,2025-08-12,2025-12-17,6.65,7847.62,233779.75
839,501,14,2,82,2025-08-14,2025-11-19,1.36,2566.68,68068
840,1471,20,3,52,2025-01-02,2025-05-22,5.7,13229.8,227152.33
841,474,19,2,1,2025-09-11,2026-02-08,0.71,838.58,10181.1
842,835,1,1,34,2025-05-01,2025-09-21,1.44,3193.55,70983.08
843,1259,41,2,76,2025-11-17,2026-04-02,9.74,18662.67,167728.23
844,1719,1,1,90,2025-11-19,2026-03-04,2.15,2590.77,80973.8
845,1592,2,3,36,2025-11-10,2026-04-26,11.25,23616.3,185935
846,821,1,3,81,2025-03-18,2025-06-01,7.99,18764.06,109463.65
847,977,19,3,6,2025-05-23,2025-08-15,6.77,11534.77,144113.68
848,165,1,2,3,2025-12-04,2026-03-11,2.5,5100.86,70579.8
849,1312,1,1,29,2025-08-01,2025-12-24,1.36,2330.7,64781.99
850,520,19,1,17,2025-05-13,2025-08-17,1.97,3901.56,45181.3
851,68,23,1,29,2025-04-22,2025-10-15,2.64,5813.09,135688.35
852,1642,19,2,65,2025-10-15,2026-04-13,2.69,4311.34,116148.33
853,838,20,1,11,2025-02-12,2025-07-23,0.45,478.08,18821.66
854,1047,1,3,88,2025-09-05,2026-01-06,1.43,2437.14,44209.08
855,190,19,2,15,2025-05-25,2025-10-31,3.99,4752.65,212719.8
856,1305,19,1,37,2025-06-18,2025-10-03,4.98,11210.46,189525.21
857,1250,1,1,54,2025-03-14,2025-08-14,4.6,8312.02,220822.04
858,282,2,3,99,2025-06-09,2025-11-20,4.99,7321.77,79429.66
859,490,1,2,44,2025-08-19,2026-01-18,2.87,5648.93,84897.53
860,1281,1,1,86,2025-03-13,2025-07-30,6.92,13326.24,180517.69
861,1427,1,1,18,2025-02-11,2025-05-02,2.02,3371.28,96731.44
862,742,19,3,81,2025-06-14,2025-09-17,2,1938.49,70664.58
863,1189,14,1,50,2025-01-15,2025-06-18,1.65,3008.3,82699.12
864,1750,1,1,40,2025-04-11,2025-07-24,2.66,5427.67,81113.7
865,304,14,3,98,2025-01-12,2025-06-16,2.71,3802.25,74354.4
866,1632,19,1,75,2025-12-22,2026-04-18,5,11907.64,111793.47
867,1049,20,2,83,2025-06-10,2025-11-16,2.8,3351.44,110934.7
868,791,20,1,8,2025-03-17,2025-06-17,2.61,4293.52,136417.94
869,1231,23,3,64,2025-04-04,2025-09-01,3.57,4317.07,65553.72
870,145,41,3,58,2025-07-25,2025-11-19,1.12,2547.6,47862.7
871,679,14,2,55,2025-07-18,2025-12-07,1.87,3697.88,93482.59
872,1223,1,3,63,2025-11-12,2026-03-14,2.48,4843.42,107778.43
873,356,1,1,22,2025-10-25,2026-04-04,4.85,4518.54,79644.36
874,1623,20,1,35,2025-09-09,2025-12-31,2.19,4730.38,117602.26
875,1304,14,3,80,2025-06-18,2025-12-01,2.36,5227.75,124391.84
876,432,19,2,89,2025-10-01,2026-01-17,1.28,2783.58,56042.81
877,1059,20,3,16,2025-09-21,2026-02-22,4.44,8228.54,157741.94
878,175,7,3,57,2025-01-19,2025-04-18,1.66,3308.5,46937.26
879,1780,19,3,42,2025-12-21,2026-05-31,9.12,12474.05,358433.96
880,233,41,2,59,2025-11-09,2026-02-04,2.91,4327.66,92578.48
881,1514,1,1,46,2025-11-12,2026-04-26,3,2708.3,126270.24
882,1765,7,3,32,2025-02-19,2025-06-07,4.02,5163.9,192513.95
883,280,19,3,64,2025-08-13,2025-10-29,2.02,1983.16,29317.69
884,1571,2,3,76,2025-03-24,2025-06-19,2.82,4074.53,45296.28
885,883,19,3,72,2025-06-04,2025-09-05,7.5,7519.2,251923.81
886,511,41,2,52,2025-09-22,2026-02-02,5.98,7933.45,85560.02
887,248,41,2,100,2025-10-05,2026-02-15,0.96,1309.92,27752.58
888,33,2,3,63,2025-07-12,2026-01-08,7.68,13619.95,281158.94
889,1712,2,1,4,2025-04-15,2025-09-26,1.39,2107.42,36511.85
890,1726,1,1,5,2025-04-07,2025-07-06,0.68,1289.95,24563.51
891,645,23,2,76,2025-11-05,2026-02-20,2.49,3624.84,77492.81
892,173,41,2,64,2025-11-10,2026-05-03,5.69,9543.66,144331.23
893,1701,16,3,54,2025-02-12,2025-06-26,8.29,14579.66,322370.97
894,1290,19,3,77,2025-06-03,2025-11-06,1.03,1303.04,44618.04
895,1251,19,2,40,2025-06-14,2025-10-09,3.79,7240.35,207871.82
896,1721,20,3,77,2025-05-12,2025-08-24,0.6,577.81,29771.29
897,1010,14,1,4,2025-11-13,2026-04-26,3.94,5887.96,124297.76
898,1745,19,3,31,2025-02-04,2025-07-31,4.16,8663.15,55341.03
899,119,7,2,61,2025-10-25,2026-03-25,0.97,1707.39,48917.79
900,421,20,1,70,2025-10-07,2026-03-09,3.61,4422.36,136792.5
901,383,20,3,74,2025-10-04,2026-02-09,0.68,1115.59,29738.7
902,391,41,1,58,2025-08-16,2026-01-19,2.03,3849.43,48577.75
903,954,1,3,49,2025-09-15,2026-01-18,0.74,1565.21,15660.73
904,571,20,3,10,2025-03-25,2025-08-18,1.68,1963.55,74570.4
905,1390,14,2,40,2025-03-06,2025-08-29,1.78,3067.77,57839.05
906,620,19,3,81,2025-08-25,2025-11-24,1.45,1560.28,76301.67
907,319,20,1,21,2025-05-10,2025-08-24,1.37,2563.64,63644.44
908,1651,1,1,78,2025-03-23,2025-07-12,4.07,8059.3,213433.08
909,1466,19,3,65,2025-07-06,2025-11-14,4.51,6531.87,145851.91
910,13,7,3,55,2025-11-15,2026-02-07,7.69,12099.3,217391.95
911,490,1,2,24,2025-09-16,2025-12-26,1.6,1639.28,28655.19
912,887,19,3,51,2025-11-14,2026-02-19,5.17,4854.17,199827.42
913,623,2,2,74,2025-11-10,2026-03-16,3.11,6294.73,149124.48
914,1705,19,1,34,2025-08-15,2026-01-01,2.34,5210.2,51092.38
915,1667,2,2,95,2025-06-06,2025-09-09,2.64,2732.83,119188.48
916,567,19,1,77,2025-10-03,2026-03-03,0.58,845.59,16570.84
917,520,1,2,62,2025-07-13,2025-12-06,2.65,5641.28,60961.62
918,782,1,3,19,2025-05-13,2025-09-17,1.06,1648.31,20253.14
919,1579,23,3,60,2025-04-09,2025-06-23,7.09,16097.45,323480.66
920,1607,20,3,40,2025-03-03,2025-05-20,3.76,7679.17,186277.93
921,272,2,1,27,2025-02-03,2025-07-17,3.87,4491.91,80262.15
922,331,20,1,19,2025-05-23,2025-08-21,9.8,19108.28,299786.63
923,394,1,3,55,2025-02-12,2025-06-03,0.56,1208.8,24097.23
924,1022,19,3,100,2025-10-13,2026-01-16,3.78,8228.16,165441.2
925,619,19,1,7,2025-02-05,2025-06-19,0.98,2329.74,29941.21
926,620,19,2,36,2025-11-19,2026-05-14,4.3,5324.81,107754.71
927,295,2,2,94,2025-09-19,2026-01-21,3.12,6719.67,166792.58
928,1683,7,3,65,2025-10-20,2026-01-18,4.49,10264.74,117409.71
929,1279,41,3,50,2025-05-24,2025-10-21,3.75,8959.89,67345.1
930,1533,1,3,73,2025-11-21,2026-04-05,1.11,1108.82,22603.6
931,919,23,3,7,2025-08-12,2026-01-04,3.68,8753.67,102917.82
932,832,14,1,94,2025-05-02,2025-08-14,7.12,14404.12,341263.53
933,382,1,1,69,2025-04-02,2025-06-26,8.11,7589.02,442336.17
934,692,23,1,18,2025-11-02,2026-04-27,0.98,1148.88,26323.13
935,983,2,1,16,2025-01-20,2025-07-03,0.83,1002.78,39885.04
936,919,1,1,66,2025-05-25,2025-11-13,1.04,2033.53,35525.31
937,1478,20,1,16,2025-03-07,2025-08-23,1.38,3074.47,38913.74
938,1557,14,1,52,2025-09-23,2025-12-16,2.68,6151.06,121969.45
939,454,19,1,46,2025-08-23,2026-01-03,6.04,7668.19,147995.51
940,965,1,1,63,2025-03-15,2025-06-19,2.42,4274.12,122136.03
941,1414,16,3,23,2025-10-16,2026-02-06,5.71,7553.25,187161.1
942,625,14,3,7,2025-11-11,2026-03-03,3.74,5909.79,143969.16
943,587,1,3,85,2025-08-24,2025-12-22,1.28,2946.79,42918.39
944,276,19,2,28,2025-05-18,2025-08-14,5.06,6315.08,172178.65
945,1800,14,2,83,2025-11-09,2026-04-17,5.41,8962.18,187748.72
946,848,20,3,12,2025-03-11,2025-06-30,6.32,12137.02,233815.29
947,437,19,2,50,2025-11-05,2026-03-18,2.24,2599.36,80421.76
948,1788,2,3,62,2025-08-11,2025-12-20,5.7,13535.75,258248.25
949,732,23,3,23,2025-02-11,2025-08-08,6.44,12809.76,264903.68
950,658,1,1,68,2025-01-11,2025-06-24,1.48,1757.21,31837
951,890,1,1,49,2025-11-22,2026-05-13,1.66,2865.42,20831.85
952,1445,19,1,100,2025-12-21,2026-05-27,5.73,11386.88,217136.03
953,1777,20,2,22,2025-12-08,2026-04-07,1.41,3374.98,75856.08
954,1346,19,3,67,2025-05-03,2025-08-31,1.63,3832.84,84508.3
955,1614,20,1,21,2025-01-21,2025-04-08,2.81,4845.57,46627.27
956,1019,19,1,12,2025-11-11,2026-02-24,0.97,935.07,31507.05
957,1763,20,3,56,2025-06-22,2025-09-08,1.48,3314.53,43161.98
958,542,19,2,4,2025-03-03,2025-08-16,1.25,2461.95,60829.48
959,1740,19,1,80,2025-06-21,2025-11-14,2.94,6590.32,112566.5
960,715,1,3,37,2025-11-18,2026-04-30,0.87,2011.85,15176.92
961,239,20,3,74,2025-09-23,2026-03-01,2.22,3728.8,81771.79
962,215,1,1,48,2025-01-13,2025-06-27,4.24,6006.66,137095.42
963,154,2,2,67,2025-05-05,2025-10-26,9.36,14618.79,235589.93
964,450,1,3,71,2025-03-02,2025-08-25,7.27,14199.45,313179.37
965,1384,2,2,79,2025-08-22,2026-01-27,1.36,2352,37246.29
966,1529,2,1,30,2025-06-22,2025-09-24,8.64,12715.29,407408.35
967,1787,2,3,24,2025-02-25,2025-05-12,2.81,4339.69,153482.55
968,780,2,3,29,2025-01-11,2025-05-16,0.76,1532.97,33444.06
969,1213,2,1,98,2025-06-24,2025-09-20,3.48,6472.53,111065.2
970,1761,16,2,24,2025-08-09,2026-01-02,0.95,1059.09,17739.73
971,1280,41,3,16,2025-11-15,2026-04-17,0.48,660.32,21894.43
972,1381,19,3,5,2025-08-08,2025-10-31,2.05,4484.3,37656.84
973,1306,19,3,27,2025-12-02,2026-05-03,0.94,1748.53,22851.26
974,1793,1,2,36,2025-06-09,2025-11-24,4.13,8092.98,108342.71
975,1574,19,2,52,2025-09-08,2025-12-09,0.63,1466.78,12701.88
976,592,14,1,17,2025-11-17,2026-04-05,0.6,1385.73,8619.51
977,1714,23,1,51,2025-05-11,2025-09-07,3.84,5615.76,175216.07
978,1019,2,3,88,2025-04-20,2025-08-29,1.06,1738.03,43919.04
979,598,41,3,34,2025-04-04,2025-08-07,3.64,4896.87,103865.61
980,240,16,1,78,2025-07-01,2025-09-22,1.2,1943.59,57295.34
981,567,19,2,23,2025-11-17,2026-02-07,0.47,480.4,9979.93
982,525,2,3,70,2025-07-11,2025-10-19,0.75,1614.75,36958.73
983,519,1,1,67,2025-11-01,2026-01-15,2.42,2467.57,114358.17
984,1245,1,1,97,2025-08-02,2025-12-30,2.15,3525.15,55712.95
985,642,1,2,73,2025-09-05,2026-02-04,1.09,2042.26,17093.85
986,998,41,2,29,2025-06-20,2025-09-15,1.76,3054.25,55306.49
987,1097,19,1,53,2025-01-22,2025-04-09,0.86,2036.45,34714.53
988,476,23,3,4,2025-02-09,2025-05-19,2.1,2145.87,27016.23
989,381,1,1,40,2025-06-09,2025-09-07,8.96,12781.81,149490.08
990,402,16,3,99,2025-12-24,2026-06-06,9.58,21024.65,211018.7
991,1089,14,1,38,2025-11-08,2026-03-25,1.59,1472.31,71032.26
992,1142,14,2,79,2025-06-19,2025-09-12,9.62,16509.25,232869.96
993,83,23,2,81,2025-05-20,2025-09-14,5.88,12009.53,301647.8
994,361,1,2,3,2025-06-18,2025-09-11,6.25,9364.53,153439.03
995,668,1,2,39,2025-03-19,2025-06-06,4.25,9825.61,132271.14
996,1458,41,2,3,2025-08-14,2026-01-13,2.71,5600.51,95660.27
997,1785,14,1,7,2025-03-20,2025-06-14,1.09,1971.58,13721.75
998,1720,19,3,19,2025-12-18,2026-05-29,7.03,13567.15,347799.12
999,776,1,1,78,2025-02-25,2025-06-26,3.74,8368.5,117509.58
1000,796,19,1,57,2025-03-02,2025-07-19,5.73,11008.05,78174.81
1001,1674,19,1,90,2025-08-01,2025-10-31,8,9075.06,201482.57
1002,1654,1,2,83,2025-09-24,2025-12-11,1.89,1912.79,93885.68
1003,323,19,1,52,2025-06-19,2025-12-08,2.2,5274.39,85897.23
1004,1660,19,2,100,2025-10-08,2026-03-18,5.59,11772.56,160076.49
1005,52,7,1,22,2025-02-13,2025-05-09,7.89,17194.13,227429.83
1006,78,20,2,99,2025-05-12,2025-08-06,2.15,3415.65,41530.41
1007,1507,41,3,46,2025-11-07,2026-04-10,1.61,2348.18,32566.27
1008,1763,14,2,84,2025-05-15,2025-09-27,2.81,3270.77,76644.71
1009,940,1,3,100,2025-07-07,2025-11-10,2.53,2413.36,60619.98
1010,6,2,3,3,2025-07-09,2025-09-23,3.03,5808.04,36566.06
1011,934,1,3,99,2025-06-21,2025-10-22,7.75,12522.46,316428.28
1012,193,14,1,94,2025-05-16,2025-10-15,2.94,6177.22,65660.91
1013,1678,1,2,93,2025-01-07,2025-05-20,5.56,9071.39,114051.66
1014,1577,1,2,93,2025-05-03,2025-07-25,1.74,2896.27,25029.44
1015,992,20,1,68,2025-03-03,2025-07-01,4.89,9919.72,130111.97
1016,179,14,1,90,2025-09-23,2026-01-26,1.08,2007.2,58562.71
1017,138,19,2,23,2025-04-18,2025-08-27,7.62,8320.58,134368.42
1018,1641,20,3,60,2025-01-13,2025-05-05,2.26,4352.71,115066
1019,993,23,1,50,2025-05-07,2025-07-26,10.3,19721.87,229041.71
1020,51,7,3,16,2025-11-16,2026-05-03,3.1,3628.99,153494.5
1021,1416,20,3,38,2025-10-19,2026-03-19,11.8,20131.52,255749.24
1022,1751,41,2,23,2025-05-24,2025-09-01,1.1,2182.29,48854.04
1023,1256,14,1,26,2025-01-20,2025-04-20,4.4,6204.63,120094.76
1024,1133,16,2,71,2025-10-09,2026-01-05,1.17,1613.93,33432.35
1025,415,41,3,86,2025-01-18,2025-06-08,2.15,2265.97,101193.24
1026,1465,16,2,87,2025-12-15,2026-04-27,9.36,11376.22,158020.69
1027,640,1,2,88,2025-07-25,2025-11-29,2.77,4842.08,80023.33
1028,1602,20,3,47,2025-03-11,2025-06-09,4.25,7111.82,189809.24
1029,384,16,1,61,2025-03-24,2025-07-13,0.95,2257.35,18322.02
1030,291,14,1,44,2025-03-04,2025-08-24,5.92,5646.87,95181.02
1031,105,20,1,17,2025-03-11,2025-08-09,1.3,2823.39,48123.22
1032,1429,23,2,41,2025-05-11,2025-08-22,0.85,1569.49,43601.03
1033,1401,2,2,11,2025-01-22,2025-05-29,3.56,6836.87,55528.43
1034,564,20,2,68,2025-12-08,2026-05-05,3.38,7437.31,129096.29
1035,674,16,1,92,2025-03-06,2025-06-03,3.07,3994.2,141696.74
1036,603,23,2,34,2025-06-18,2025-12-07,1.08,1959.44,37541.61
1037,707,23,3,60,2025-03-19,2025-08-24,4.01,5865.38,102716.08
1038,78,2,3,14,2025-03-23,2025-06-20,0.81,1700.71,23168.14
1039,1117,19,2,38,2025-06-09,2025-09-18,7.22,7813.83,274796.9
1040,808,2,2,87,2025-10-18,2026-02-09,1.54,2089.53,69401.37
1041,445,20,3,93,2025-12-19,2026-05-01,2.92,3642.49,57182.81
1042,499,23,1,29,2025-09-24,2025-12-31,1.44,2356.19,63639.56
1043,614,19,3,37,2025-05-23,2025-09-03,2,3851.03,59824.4
1044,251,19,2,48,2025-10-06,2026-03-04,1.6,3602.51,20093.88
1045,868,41,1,49,2025-02-16,2025-06-11,1.27,1787.83,48911.7
1046,789,20,3,26,2025-04-10,2025-06-30,6.73,6079.98,361227.83
1047,572,16,1,99,2025-09-06,2026-01-30,5.37,11425.3,103674.69
1048,914,20,3,84,2025-07-11,2025-12-24,2.5,5283.66,129131.26
1049,1400,19,2,62,2025-12-19,2026-05-13,2.96,4986.83,48843.52
1050,1114,23,1,73,2025-03-09,2025-06-28,9.86,23296.18,294077.28
1051,1425,20,2,82,2025-03-01,2025-06-02,0.58,571.42,22286.04
1052,400,20,3,40,2025-06-10,2025-10-18,11.3,12108.31,285223.89
1053,443,23,1,30,2025-06-14,2025-11-18,4.09,6300.4,152576.12
1054,1198,1,2,21,2025-01-05,2025-05-13,0.75,1214.59,15030.54
1055,590,2,1,58,2025-11-16,2026-02-12,4.33,6373.83,116453.58
1056,828,19,3,54,2025-07-25,2025-10-22,5.85,9360.82,109936.1
1057,1318,19,1,76,2025-07-01,2025-09-21,1.11,1064.52,39995.42
1058,327,19,3,41,2025-10-21,2026-03-16,5.15,6338.88,190042.69
1059,1057,7,3,78,2025-04-09,2025-09-21,2.83,4398.74,59208.54
1060,1774,1,3,93,2025-05-19,2025-09-22,2.79,6373.08,132358.56
1061,328,14,1,10,2025-10-19,2026-04-01,2.58,5712.69,67707.72
1062,713,20,1,47,2025-05-19,2025-11-03,0.73,917.3,25373.37
1063,1111,19,3,7,2025-11-07,2026-03-30,2.63,2850.46,47988.18
1064,525,19,1,25,2025-03-06,2025-05-24,1.81,3464.45,98060.2
1065,575,19,1,75,2025-08-25,2025-12-01,0.55,934.95,29846.58
1066,688,1,3,35,2025-05-01,2025-08-14,6.05,14112.34,277513.62
1067,255,1,2,45,2025-07-14,2026-01-06,1.75,2555.19,86893.2
1068,1378,20,3,32,2025-04-23,2025-09-17,8.2,12780.75,411380.86
1069,1594,7,1,54,2025-03-24,2025-06-07,4.48,6515.38,201374.69
1070,645,1,2,86,2025-06-04,2025-10-22,0.49,900.15,7272.23
1071,111,7,3,17,2025-01-22,2025-06-16,5.04,5460.19,90192.79
1072,180,14,1,42,2025-01-03,2025-03-31,3.84,4853.31,132412.96
1073,910,1,2,89,2025-04-18,2025-09-04,1.95,3844.75,31525.75
1074,654,1,2,61,2025-12-17,2026-05-04,1.15,1091.54,42838.75
1075,335,20,2,30,2025-04-08,2025-08-05,1.12,1731.04,44917.44
1076,1541,41,1,5,2025-02-05,2025-05-16,1.11,1811.76,40500.96
1077,1048,20,3,54,2025-12-07,2026-03-11,4.32,8744.39,66273.69
1078,764,19,2,29,2025-04-23,2025-09-21,3.41,6489.74,41368.35
1079,614,2,3,86,2025-12-25,2026-06-15,1.73,3892.92,89593.44
1080,40,14,2,38,2025-08-14,2025-11-12,1.14,1088.83,58413.2
1081,1502,41,2,92,2025-04-19,2025-08-27,2.63,5842.51,134850.9
1082,773,7,3,24,2025-04-13,2025-08-07,2.31,2657.94,86664.91
1083,81,20,3,92,2025-07-16,2025-10-10,2.76,3499.97,125537.41
1084,927,14,1,11,2025-07-18,2025-12-29,2.82,2789.34,152694.31
1085,1123,14,3,68,2025-02-18,2025-05-20,3.94,5922.71,59437.48
1086,794,19,3,53,2025-08-23,2025-11-29,1.77,3282.56,25926.17
1087,1176,20,2,25,2025-07-10,2025-11-22,0.99,1836.78,50574.04
1088,1577,1,2,11,2025-08-03,2025-10-20,0.85,1670.08,18891.13
1089,88,23,3,4,2025-06-05,2025-10-19,1.13,1914.8,16497.54
1090,978,19,2,39,2025-06-18,2025-09-01,0.47,742.51,14458.58
1091,976,1,1,40,2025-01-22,2025-04-22,7.92,14573.44,282451.91
1092,391,7,1,38,2025-07-23,2026-01-02,2.03,3289.21,42294.26
1093,1795,14,1,34,2025-08-22,2026-02-11,2.14,3314.87,110038.89
1094,931,20,3,5,2025-09-25,2026-03-18,8.97,18792.24,163463.14
1095,355,19,2,12,2025-02-02,2025-07-29,0.42,496.35,15196.13
1096,1165,2,1,31,2025-06-25,2025-09-16,8.29,10213.88,332290.87
1097,833,2,2,30,2025-04-12,2025-09-21,9.01,10507.92,128669.49
1098,1694,1,1,63,2025-09-16,2026-01-21,2.58,4055.36,49011.45
1099,416,41,3,63,2025-05-18,2025-09-02,4,6429.87,87249.69
1100,864,1,1,92,2025-09-04,2025-12-27,1.32,1985.27,40247.05
1101,1073,2,1,73,2025-10-22,2026-03-05,1.23,2190.63,32456.55
1102,1491,14,3,3,2025-06-09,2025-10-03,0.88,1096.66,47212.6
1103,1146,7,2,91,2025-04-03,2025-07-25,1.21,1873.05,65066.29
1104,191,23,3,66,2025-01-09,2025-05-26,2.67,6085.86,85075.06
1105,409,14,2,7,2025-02-05,2025-06-17,1.63,2970.68,83262
1106,1750,1,3,23,2025-04-16,2025-10-03,2.15,4889.5,92438.44
1107,1152,20,2,87,2025-11-15,2026-01-29,5.87,13048.5,103542.22
1108,1040,20,2,75,2025-09-07,2026-01-21,1.77,3326.36,68839.21
1109,215,19,2,4,2025-11-22,2026-04-17,3.76,7660.2,59042.72
1110,556,20,2,96,2025-12-12,2026-05-20,1.74,3609.11,22043.5
1111,1108,20,2,21,2025-12-14,2026-03-17,9.83,23049.28,231518.4
1112,380,20,3,6,2025-08-04,2026-01-22,7.15,9881.26,301611.85
1113,326,1,1,1,2025-07-20,2025-12-12,3.34,7099.36,183669.9
1114,104,2,2,38,2025-03-11,2025-07-22,1.31,2768.73,54785.26
1115,1413,20,2,9,2025-09-04,2026-01-25,3.66,3833,48372.29
1116,955,16,3,76,2025-08-25,2025-11-21,9.73,13753.43,419751.97
1117,1478,20,3,5,2025-08-19,2025-12-10,0.64,1161.9,17157.67
1118,984,2,1,68,2025-11-23,2026-03-13,2.22,4361.71,73593.63
1119,422,19,2,44,2025-06-24,2025-10-23,2.79,6414.67,99694.48
1120,397,14,3,61,2025-08-08,2025-10-30,0.69,722.86,22010.33
1121,724,19,3,19,2025-12-02,2026-05-03,0.92,1528.27,43528.56
1122,139,19,1,48,2025-03-24,2025-07-13,3.69,8403.14,129775.62
1123,72,14,1,57,2025-05-23,2025-08-25,1.55,3141.32,18771.13
1124,1004,1,1,5,2025-02-21,2025-07-29,2.01,3434.53,66266.07
1125,1652,1,2,71,2025-06-16,2025-09-12,1.13,2343.5,50423.29
1126,664,19,3,98,2025-09-22,2025-12-15,5.85,7140.04,133993.51
1127,175,20,3,64,2025-03-17,2025-07-25,3.09,3621.67,50482.6
1128,1366,19,1,68,2025-01-18,2025-05-21,2.06,3155.61,102403.8
1129,142,1,1,12,2025-04-23,2025-09-17,8.49,19575.25,136644.56
1130,1282,20,1,23,2025-04-03,2025-07-30,3.13,4919.05,154482.08
1131,1723,20,1,76,2025-01-24,2025-04-10,2.67,3891.74,136162.56
1132,1498,1,1,94,2025-03-20,2025-06-14,2.85,6363.79,40061.94
1133,798,20,3,78,2025-08-02,2026-01-27,0.49,770.27,21494.27
1134,417,19,3,68,2025-10-20,2026-02-23,1.36,3138.27,69936.46
1135,752,19,2,44,2025-10-24,2026-03-03,5.43,12748.6,131235.36
1136,936,1,2,88,2025-08-15,2026-01-31,4.57,7554.54,197296.26
1137,620,2,1,86,2025-03-22,2025-06-13,8.18,12742.63,147065.18
1138,734,23,1,28,2025-07-25,2026-01-05,10.05,12375.56,266724.81
1139,21,19,1,79,2025-01-18,2025-04-11,8.54,12783.62,334222.75
1140,62,2,2,97,2025-08-19,2026-01-19,0.44,497.01,5447
1141,1023,19,3,14,2025-10-09,2026-04-01,7.26,7674.26,99120.81
1142,611,19,3,50,2025-12-12,2026-05-01,7.03,11504.59,371053.84
1143,1588,19,1,90,2025-11-02,2026-03-24,0.46,788.16,17666.59
1144,1562,14,2,43,2025-05-13,2025-10-22,2.18,2240.15,112436.96
1145,1655,19,3,66,2025-09-17,2025-12-18,2.5,4823.75,88288.79
1146,1032,19,2,41,2025-11-17,2026-02-22,5.88,7095.15,203294.15
1147,1165,19,1,3,2025-03-16,2025-07-06,3.28,4136.9,65795.04
1148,730,1,1,61,2025-02-13,2025-07-12,3.71,4555.13,68102.75
1149,1411,19,3,41,2025-01-07,2025-06-29,6.47,15448.27,296082.45
1150,663,2,1,88,2025-01-20,2025-05-04,0.74,1249.52,39058.36
1151,597,7,3,71,2025-02-08,2025-05-26,4.36,6206.18,59620.54
1152,725,7,2,40,2025-08-05,2025-11-28,2.26,2821.33,121953.87
1153,1658,19,1,63,2025-06-24,2025-11-05,4.56,6996.89,227797.69
1154,1375,1,1,85,2025-02-11,2025-07-13,0.45,685.6,6148.3
1155,88,23,3,41,2025-06-05,2025-08-24,0.75,677.61,18615.68
1156,1701,19,1,8,2025-09-14,2026-01-16,3.74,7981.19,153877.38
1157,376,1,1,26,2025-02-08,2025-05-26,10.98,17965.59,473096.65
1158,422,19,2,44,2025-05-09,2025-08-27,5.79,11943.96,132438.65
1159,1351,19,3,24,2025-12-06,2026-04-27,1.43,3249.54,27918.79
1160,1560,19,3,68,2025-08-22,2026-01-02,3.4,7023.69,43886.09
1161,919,1,3,16,2025-02-14,2025-05-18,2.49,2662.96,113077
1162,1447,19,1,78,2025-10-14,2026-01-31,6.36,9088.48,189080.04
1163,416,41,1,29,2025-11-19,2026-02-06,9.5,18387.39,332352.6
1164,1393,14,1,60,2025-11-20,2026-03-24,2.59,3568.24,115996.62
1165,709,1,1,89,2025-11-08,2026-04-04,2,4292.09,75658.66
1166,795,1,1,13,2025-01-11,2025-05-21,4.3,7000.18,94864.26
1167,1772,19,2,19,2025-06-18,2025-11-01,0.62,1356.07,27418.95
1168,639,1,1,50,2025-02-13,2025-05-10,3.49,5415.42,50694.38
1169,603,1,1,19,2025-12-22,2026-05-21,2.2,2725.02,33872.73
1170,316,19,1,84,2025-02-01,2025-05-05,6.07,8860.56,83847.5
1171,1668,14,2,79,2025-05-03,2025-08-22,3.34,4633.7,146647.33
1172,726,41,3,7,2025-03-21,2025-09-16,5.66,10859.01,189232.86
1173,1492,14,2,93,2025-10-12,2026-01-21,2.11,2175.75,35473.99
1174,813,14,2,79,2025-08-17,2025-12-11,3.39,3298.91,83895.49
1175,1259,20,1,86,2025-05-23,2025-08-06,5.45,12439.73,147855.67
1176,120,7,3,100,2025-01-24,2025-06-25,1.53,2030.05,51963.31
1177,561,1,3,12,2025-10-20,2026-04-06,4.12,6471.13,94671.11
1178,1475,19,1,77,2025-02-06,2025-08-01,1.76,4093.5,69960.49
1179,657,20,2,78,2025-09-22,2026-02-01,4.32,9657.1,60448.45
1180,1757,1,1,73,2025-10-21,2026-02-11,6.6,8100.09,142716.91
1181,113,20,1,71,2025-03-15,2025-07-24,0.6,1105.56,8404.89
1182,1438,19,3,12,2025-11-13,2026-02-07,4.32,7744.26,124484.4
1183,1053,1,2,57,2025-07-24,2025-10-15,0.62,1228.55,13638.44
1184,1086,19,1,28,2025-04-18,2025-08-23,1.73,1613.05,72263.91
1185,310,19,3,30,2025-04-20,2025-08-26,0.86,1271.01,24513.41
1186,289,20,2,32,2025-09-08,2025-12-03,1.32,1610.48,18040.62
1187,1209,1,1,32,2025-12-18,2026-05-16,7.24,8095.23,287539.64
1188,3,23,3,14,2025-07-16,2025-10-06,0.96,1207.66,17663.55
1189,561,1,1,10,2025-06-10,2025-11-16,3.45,4448.81,65790.06
1190,1535,41,1,64,2025-11-06,2026-03-19,3.93,7635.11,169597.64
1191,233,7,3,32,2025-05-10,2025-09-29,3.29,6435.68,51522.8
1192,101,20,2,15,2025-04-06,2025-08-16,8.26,7496.21,387180.22
1193,987,1,2,82,2025-04-13,2025-09-13,2.16,3497.21,36061.22
1194,346,23,2,71,2025-10-01,2026-01-16,2.9,4590.82,132229.89
1195,310,19,2,2,2025-07-14,2025-11-03,1.03,1883.68,30876.9
1196,1145,41,3,71,2025-03-12,2025-08-13,7.34,9045.33,100758.41
1197,1250,1,3,4,2025-12-18,2026-05-26,0.52,960.76,11589.79
1198,556,20,3,88,2025-01-12,2025-05-02,1.36,2774.37,40416.59
1199,1534,1,1,70,2025-12-03,2026-04-17,1.38,3036.92,17385.16
1200,1249,23,2,100,2025-12-05,2026-04-29,7.85,16667.11,255485.05
1201,619,2,1,59,2025-01-15,2025-05-05,1.97,2564.37,86937.73
1202,1270,1,2,27,2025-05-25,2025-11-08,1.05,1688.3,31523.86
1203,973,14,1,94,2025-10-07,2026-03-02,0.58,715.96,11569.69
1204,608,20,3,64,2025-09-18,2026-03-09,4.49,9387.79,219672.94
1205,1528,19,3,95,2025-05-04,2025-07-22,4.84,7639.83,74053.67
1206,1420,41,2,51,2025-07-23,2025-11-03,3.59,7675.09,161948.48
1207,1434,20,1,36,2025-03-10,2025-06-25,1.7,3862.58,23926.66
1208,426,19,1,14,2025-11-22,2026-04-08,2.69,2909.19,138823.47
1209,245,19,2,46,2025-07-23,2025-11-07,2.98,6415.38,146414.13
1210,508,2,2,93,2025-09-10,2026-01-07,4.31,9148.98,75831.68
1211,836,14,2,73,2025-03-01,2025-08-24,3.99,6151.92,112817.91
1212,1500,14,3,42,2025-02-04,2025-04-21,0.48,1072.06,22692.21
1213,1407,20,1,22,2025-02-03,2025-05-20,0.69,1479.72,12551.34
1214,1260,7,3,89,2025-11-15,2026-02-24,2.02,4168.78,89197.39
1215,1189,14,2,99,2025-02-02,2025-07-08,7.35,6706.14,158518.67
1216,1086,19,3,18,2025-12-09,2026-05-05,2.76,3462,51873.31
1217,610,16,2,94,2025-12-11,2026-05-14,2.67,2911.25,144853.16
1218,877,1,3,69,2025-08-17,2026-01-17,9,17990.06,417506.75
1219,885,2,1,25,2025-05-11,2025-10-14,8.55,7827.77,296887.41
1220,984,2,2,59,2025-08-22,2025-11-28,2.43,4341.55,59520.69
1221,19,20,3,93,2025-02-11,2025-07-20,1.74,2066.78,69868.51
1222,162,20,3,48,2025-02-25,2025-06-01,1.96,2058.54,28879.83
1223,948,2,3,45,2025-10-04,2026-01-12,6.93,7618.98,119071.41
1224,1212,1,2,9,2025-04-12,2025-08-25,4.88,7134.15,76831.18
1225,1548,1,2,93,2025-09-11,2025-12-31,0.52,842.51,23948.36
1226,1335,19,1,28,2025-03-06,2025-07-23,1.78,3414.16,43246.01
1227,735,19,3,45,2025-11-07,2026-03-18,7.02,16292.95,261851.89
1228,198,20,3,15,2025-10-20,2026-03-10,0.65,1140.63,33353.86
1229,983,1,2,45,2025-06-11,2025-11-12,1.58,2540.86,67931.27
1230,1421,19,1,40,2025-10-19,2026-02-22,1.04,2253.72,32890.33
1231,1540,2,1,76,2025-05-07,2025-08-21,0.6,1179.66,7777.83
1232,1602,1,1,4,2025-05-13,2025-08-05,3.92,7032.41,96825.25
1233,685,1,2,21,2025-11-24,2026-04-12,1.3,1665.78,55915.8
1234,95,1,3,55,2025-03-16,2025-06-20,6.33,9683.22,168789.78
1235,872,19,1,92,2025-02-25,2025-06-05,1.74,3490.41,67855.89
1236,1676,23,1,26,2025-08-02,2025-12-03,4.07,3753.75,119378.41
1237,78,20,3,70,2025-05-02,2025-08-12,2.04,4345.95,102615.31
1238,1574,19,1,77,2025-07-10,2025-11-10,1.97,4196.35,30556.86
1239,543,19,1,77,2025-04-16,2025-07-14,0.46,517.4,16105.78
1240,889,23,2,35,2025-09-01,2026-02-19,4.21,7088.27,214355.53
1241,1124,20,2,85,2025-04-05,2025-07-03,2.25,2099.69,53653.6
1242,641,2,3,15,2025-05-21,2025-08-04,3.07,5738.22,77973.83
1243,302,14,3,21,2025-11-03,2026-02-16,1.91,2291.53,25241.58
1244,1292,19,3,69,2025-04-15,2025-08-06,0.47,1057.21,9533.25
1245,158,23,2,57,2025-12-11,2026-05-27,6.78,10118.15,224834.22
1246,963,19,3,8,2025-06-15,2025-12-03,1.04,1737.38,31916.51
1247,1766,16,2,32,2025-09-18,2026-02-20,0.42,696.49,11573.58
1248,1745,19,2,3,2025-02-07,2025-06-12,3.66,6391.36,101016.79
1249,1058,7,2,49,2025-02-22,2025-08-15,0.61,1066.94,21271.31
1250,784,7,3,61,2025-09-22,2026-02-15,7.74,16506.22,340994.28
1251,1370,2,1,97,2025-11-10,2026-02-28,2.42,5194.83,77560.21
1252,1268,41,1,55,2025-03-12,2025-07-11,5.6,6150.04,174255.44
1253,929,19,1,34,2025-03-24,2025-09-07,0.57,813.13,21230.85
1254,1419,41,3,100,2025-11-10,2026-02-02,4.58,10106.22,204330.57
1255,1336,20,1,70,2025-07-20,2026-01-01,5.61,13443.89,265762.53
1256,1079,19,1,98,2025-05-04,2025-07-30,3.75,5307.53,174995.89
1257,54,19,1,59,2025-09-23,2026-02-19,0.8,893.47,41367.97
1258,558,1,1,79,2025-01-22,2025-04-23,1.21,1947.92,38654.64
1259,1647,16,1,33,2025-06-16,2025-09-13,2.06,3104.41,82008.79
1260,370,7,1,98,2025-10-14,2026-01-20,0.46,1047.32,11833.49
1261,678,14,3,9,2025-12-24,2026-06-21,3.12,6481.25,134274.84
1262,1079,14,2,72,2025-12-17,2026-05-11,10.86,19751.03,357911.19
1263,1368,20,1,37,2025-07-17,2025-11-22,0.46,972.37,8145.88
1264,485,1,3,24,2025-02-12,2025-06-20,3.05,5663.52,65133.1
1265,1715,20,1,26,2025-04-24,2025-09-29,2.88,3043.13,63221.36
1266,1113,1,1,28,2025-06-18,2025-09-04,4.11,3864.9,221997.97
1267,595,19,3,3,2025-06-14,2025-10-30,5.28,11410.79,287999.04
1268,181,19,3,32,2025-09-15,2025-12-06,1.79,2041.48,73658.63
1269,1687,19,1,31,2025-03-24,2025-06-22,2.87,6306.88,118078.05
1270,251,19,2,91,2025-10-16,2026-03-22,5.71,9146.28,286346.42
1271,966,19,2,6,2025-01-01,2025-06-23,1.54,2357.8,33495.49
1272,734,23,3,15,2025-12-11,2026-05-29,7.47,13248.82,390917.05
1273,589,2,2,52,2025-01-22,2025-06-20,0.51,827.64,7348.69
1274,37,1,1,21,2025-04-01,2025-08-19,1.92,2060.09,39004.35
1275,891,1,1,58,2025-08-24,2026-02-07,4.1,8636.17,141247.66
1276,397,19,2,46,2025-10-16,2026-02-19,0.73,788.02,28093.57
1277,1379,41,1,96,2025-11-02,2026-03-18,0.43,622.59,18681.67
1278,1379,41,1,25,2025-09-07,2026-02-13,1.9,4256.42,87745.86
1279,1547,14,1,87,2025-06-14,2025-11-08,6.61,10999.77,132453.33
1280,837,20,2,3,2025-06-21,2025-11-08,0.41,465.9,8079.79
1281,788,7,1,25,2025-02-04,2025-07-12,2.09,4475.46,106695.35
1282,1703,14,2,19,2025-06-07,2025-09-26,1.5,2516.01,78040.87
1283,91,7,1,50,2025-02-23,2025-07-25,4.17,5284.61,213562.57
1284,1261,20,2,57,2025-05-21,2025-10-16,3.78,6309.52,201732.99
1285,1664,2,3,60,2025-09-08,2025-12-01,3.38,6634.08,71360.85
1286,1181,19,3,19,2025-08-25,2026-01-22,1.24,2459.75,49171
1287,655,20,2,20,2025-01-09,2025-04-15,4.62,4949.69,160418.13
1288,360,1,3,74,2025-09-20,2026-03-16,1.46,3366.26,76633.94
1289,1476,19,3,33,2025-10-16,2026-02-07,2.01,3181.48,64434.1
1290,193,19,2,95,2025-09-07,2026-02-14,5.1,11979.66,171119.83
1291,817,19,1,54,2025-09-18,2026-01-10,1.01,1916.13,34903.62
1292,27,19,2,42,2025-08-20,2025-12-17,5.04,12062.56,88290.1
1293,1335,16,3,74,2025-07-14,2025-12-10,0.72,913.88,29094.29
1294,388,23,2,67,2025-01-09,2025-03-28,1.12,1639.57,39801.37
1295,971,20,1,91,2025-04-17,2025-08-01,1.49,1384.58,54128.35
1296,184,19,1,74,2025-02-17,2025-07-01,1.41,3048.9,29217.44
1297,839,1,3,3,2025-06-14,2025-12-05,3.95,6127.62,114878.5
1298,1118,19,1,63,2025-01-17,2025-05-12,2.55,5954.29,128481.57
1299,966,19,2,7,2025-08-22,2025-11-10,2.37,5129.29,34353.04
1300,1492,14,3,75,2025-11-17,2026-03-14,2.32,5018.21,56384.34
1301,1542,20,3,5,2025-10-09,2026-01-10,4.32,4415.36,132257.34
1302,420,19,3,55,2025-10-25,2026-03-14,6.34,12228.37,275702.24
1303,1534,1,3,43,2025-03-03,2025-05-27,2.02,4303.78,57613.06
1304,623,20,1,15,2025-07-12,2026-01-03,3.18,6076.76,120113.98
1305,1646,23,3,96,2025-12-12,2026-03-08,1.92,2848.2,57591.72
1306,1222,14,2,55,2025-03-11,2025-07-06,0.52,645.81,28512.64
1307,1729,1,3,27,2025-07-10,2026-01-02,10.15,22982.64,378428.5
1308,1462,41,2,53,2025-10-03,2026-02-26,1.07,1305.91,22161.37
1309,1062,19,1,70,2025-03-24,2025-07-14,1.4,3121.46,38906.15
1310,1252,14,3,9,2025-08-17,2026-01-27,2.16,4453.3,53958.24
1311,1088,23,3,85,2025-12-07,2026-04-04,5.48,9514.57,300320.74
1312,446,20,2,21,2025-06-25,2025-10-20,2.64,2432.58,100024.12
1313,1489,2,2,36,2025-05-15,2025-10-04,3.4,6364.45,133722.6
1314,1202,19,1,59,2025-12-14,2026-03-26,9.09,16651.32,374057.91
1315,558,23,2,50,2025-07-19,2025-10-05,0.87,1866.31,45124.37
1316,91,41,1,82,2025-09-21,2026-02-26,4.59,4781.7,144217.19
1317,1102,19,2,42,2025-04-07,2025-07-01,1.11,1729.55,31164.1
1318,160,1,2,9,2025-09-13,2026-02-24,6.81,12957.91,101202.35
1319,318,7,3,26,2025-02-01,2025-07-23,1.43,1823.9,19536.35
1320,189,16,3,61,2025-03-02,2025-08-26,3.69,7878.32,99617.2
1321,1247,7,1,62,2025-02-23,2025-07-23,3.25,2930.04,131287.54
1322,843,2,1,87,2025-04-20,2025-07-25,4.62,6042.79,124462.89
1323,1466,20,3,60,2025-08-15,2025-11-14,4.75,7065.85,131412.99
1324,1185,1,1,15,2025-08-09,2025-12-02,0.59,1051.37,16792.95
1325,1311,20,3,47,2025-09-10,2025-11-30,3.3,4400.19,102973.34
1326,1163,19,3,91,2025-12-15,2026-04-02,0.64,653.2,18057.54
1327,620,19,1,22,2025-08-02,2026-01-13,4.55,5508.87,229236.68
1328,1405,20,1,88,2025-11-03,2026-04-24,1.01,1772.31,34555.79
1329,1674,19,2,21,2025-05-12,2025-10-23,8.34,11944,237111.35
1330,1306,20,2,87,2025-05-16,2025-10-19,1.67,3494.3,29283.28
1331,871,16,1,85,2025-11-13,2026-05-12,2.29,2648.73,71012.24
1332,1666,14,3,50,2025-10-06,2026-02-09,4.35,9973.55,195458.27
1333,962,1,3,53,2025-08-23,2026-01-29,5.86,13566.65,163286.87
1334,1409,23,3,30,2025-09-17,2026-01-05,0.86,1053.11,13333.44
1335,147,16,1,67,2025-08-19,2025-11-09,1.03,2311.67,16179.45
1336,1752,19,1,53,2025-12-23,2026-03-11,6.91,8323.73,125746.71
1337,73,19,2,62,2025-11-16,2026-04-19,3.92,6713.06,163996.13
1338,1090,19,3,17,2025-09-06,2026-01-19,2.76,3306.91,88251.73
1339,213,14,1,84,2025-06-08,2025-08-29,3.58,5768.88,119533.22
1340,916,19,1,9,2025-06-20,2025-12-07,5.53,9524.84,116726.92
1341,634,2,3,49,2025-02-23,2025-06-24,0.61,888.44,10143.47
1342,75,1,2,21,2025-02-11,2025-05-16,2.65,5287.43,47337.62
1343,1091,19,1,95,2025-09-18,2026-02-05,4.47,5176.17,152368.5
1344,1434,2,2,61,2025-07-14,2025-12-19,7.39,14611,326746.98
1345,962,14,3,66,2025-12-08,2026-05-09,0.5,654.64,11401.18
1346,976,2,3,94,2025-02-16,2025-05-07,6.43,8306.3,265068.49
1347,1575,1,2,13,2025-01-05,2025-03-29,2.75,4272.29,136040.43
1348,1097,2,2,11,2025-02-13,2025-05-02,0.68,880.2,14622.31
1349,439,2,3,60,2025-01-25,2025-05-18,3.24,3494.28,59878.14
1350,1480,19,2,94,2025-07-16,2025-12-04,1.04,1422.21,16806.21
1351,1042,16,1,50,2025-11-11,2026-04-11,2.95,5270.15,63646.28
1352,568,19,3,16,2025-12-05,2026-05-15,5.82,5618.64,141260.99
1353,645,1,1,27,2025-01-05,2025-04-30,1.97,2344.49,63232.42
1354,1693,41,2,53,2025-09-10,2026-01-18,6.22,10422.3,205321.06
1355,1522,19,2,95,2025-12-15,2026-03-15,7.48,7615.17,316086.61
1356,1328,19,2,36,2025-12-05,2026-04-16,6.88,7081.81,357401.29
1357,591,14,2,62,2025-10-16,2026-01-27,4.42,10302.79,127786.83
1358,503,19,3,8,2025-07-07,2025-09-29,1.09,1887.65,38361.29
1359,334,41,3,73,2025-04-06,2025-09-19,2.14,4354.68,88031.61
1360,442,1,1,47,2025-02-03,2025-06-27,5.25,12480.87,169074.62
1361,476,1,3,93,2025-02-09,2025-07-05,2.86,6621.69,143629.33
1362,581,19,2,2,2025-11-09,2026-02-11,8.39,18317.83,131341.28
1363,664,1,2,44,2025-07-18,2025-10-06,10.02,9317.53,291230.96
1364,444,1,2,19,2025-01-24,2025-07-10,3.07,6254.92,80753.45
1365,1451,19,2,61,2025-10-01,2026-03-30,1.09,2190.55,40488.02
1366,216,2,1,41,2025-12-09,2026-03-20,7.54,11750.92,361381.31
1367,1086,2,2,25,2025-06-09,2025-09-01,2.15,2690.62,108887.11
1368,417,1,2,24,2025-04-16,2025-08-15,0.55,722.75,26143.76
1369,789,16,1,77,2025-10-17,2025-12-31,3.76,6234.09,170034.95
1370,1606,41,3,100,2025-01-21,2025-07-02,1.38,1851.21,63582.86
1371,1196,1,3,27,2025-05-07,2025-09-07,2.68,6392.12,98416.71
1372,1563,20,2,1,2025-06-08,2025-09-24,6.56,15712.38,359245.02
1373,266,14,3,33,2025-01-23,2025-06-11,1.61,1749.73,22741.16
1374,1729,14,2,81,2025-07-04,2025-10-17,5.79,7873.72,313542.71
1375,1083,2,1,87,2025-12-16,2026-03-11,4.22,7138.4,99588.82
1376,219,20,1,55,2025-10-24,2026-02-11,5.07,7839.11,275165.07
1377,389,14,3,77,2025-09-11,2026-03-09,4.48,6527.93,191674.56
1378,300,1,1,89,2025-08-03,2025-11-30,1.24,2356.08,34188.5
1379,782,1,3,100,2025-05-16,2025-08-31,1.8,4119.65,86445
1380,1178,14,1,82,2025-12-07,2026-03-27,0.9,1099.04,33564.13
1381,495,7,1,63,2025-11-05,2026-02-13,1.06,1909.75,46491.5
1382,563,20,2,5,2025-07-15,2025-12-23,2.46,5663.87,46706.92
1383,1214,19,2,29,2025-12-19,2026-06-07,1.08,1995.09,42661.56
1384,1312,20,2,65,2025-01-16,2025-06-25,5.51,5631.83,163768.94
1385,722,20,3,88,2025-02-12,2025-06-19,5.55,10448.59,202681.12
1386,1319,14,3,76,2025-12-25,2026-06-16,8.48,14640.71,268444.56
1387,496,41,2,75,2025-11-01,2026-04-06,1.77,2457.5,92509.89
1388,1599,41,3,71,2025-01-21,2025-05-11,0.71,766.64,32917.39
1389,35,41,3,56,2025-07-14,2025-11-13,0.78,736.24,14692.99
1390,1553,14,1,2,2025-07-16,2025-09-30,2.18,2358.73,41202.74
1391,815,20,2,80,2025-09-20,2026-02-05,1.74,3862.1,88506.63
1392,1174,2,3,67,2025-11-09,2026-02-26,5.35,12591.47,183455.48
1393,473,1,3,1,2025-10-03,2026-02-02,2.24,4729.71,36531.05
1394,527,20,2,47,2025-04-18,2025-10-08,0.55,1118.75,18701.69
1395,794,16,2,55,2025-11-21,2026-04-18,1,2017.05,30773.08
1396,63,19,1,21,2025-02-24,2025-06-07,8.46,12142.12,340053.61
1397,315,2,3,55,2025-04-22,2025-09-08,2.62,3406.13,113031.6
1398,1232,23,3,88,2025-03-10,2025-09-03,2.94,4825.15,45576.46
1399,132,1,2,45,2025-07-24,2025-12-19,9.73,11189.15,347934.95
1400,721,2,1,59,2025-11-17,2026-04-20,1.2,2067.06,24439.97
1401,1375,20,1,84,2025-11-08,2026-04-09,1.05,1022.65,30978.39
1402,1573,19,1,90,2025-05-01,2025-08-19,7.37,15894.53,93474.42
1403,138,19,3,21,2025-04-10,2025-09-23,7.06,9104.56,200088.26
1404,1076,16,3,40,2025-08-19,2026-01-08,5.22,9464.14,243437.28
1405,955,20,1,93,2025-11-03,2026-03-20,1.02,1664.37,33143.6
1406,1209,1,3,25,2025-01-21,2025-05-07,1.73,1825.9,53327.09
1407,304,19,3,74,2025-03-03,2025-07-27,1.12,2072.4,55200.97
1408,1511,1,2,100,2025-06-17,2025-11-15,2.46,2828.74,130111.25
1409,462,7,2,2,2025-03-15,2025-06-11,10.29,23138.81,361674
1410,1693,20,3,24,2025-07-22,2025-12-11,8.8,19475.39,366990.78
1411,1362,7,1,62,2025-08-19,2025-12-28,2.04,2604.99,97806.92
1412,1609,1,1,15,2025-10-24,2026-04-17,3.21,6210.53,72203.25
1413,1119,14,3,45,2025-05-12,2025-11-01,1.97,3659.72,58869.07
1414,409,14,2,22,2025-03-22,2025-08-18,1.75,1611.7,59588.16
1415,372,20,2,67,2025-01-08,2025-05-28,1.2,2532.19,33328.57
1416,1112,14,3,53,2025-06-04,2025-10-05,9,12186.5,162473.82
1417,314,19,2,81,2025-08-25,2026-01-18,6.79,14442.71,192010.48
1418,1690,23,1,41,2025-08-05,2025-12-16,3.75,5902.51,85524.06
1419,1200,1,1,30,2025-01-02,2025-06-10,7.03,9390.09,89774.25
1420,1341,2,3,100,2025-03-22,2025-08-29,2.51,2454.9,98596.8
1421,39,19,1,29,2025-10-07,2026-02-17,1.49,2917.21,53653.35
1422,1303,19,1,27,2025-04-13,2025-07-24,3.32,7692.32,84254.37
1423,1783,1,2,30,2025-11-24,2026-02-21,2.29,4431,45568.24
1424,646,1,1,27,2025-02-16,2025-07-24,4.76,9031.4,227475.75
1425,1265,14,3,100,2025-06-04,2025-11-07,9.08,21083.26,142630.78
1426,27,19,3,96,2025-01-24,2025-06-30,0.65,795.83,35514.11
1427,1595,41,1,41,2025-03-19,2025-07-07,2.27,2334.3,74140.02
1428,38,19,2,73,2025-06-04,2025-11-25,1.59,2402.29,59466.25
1429,1360,23,2,36,2025-04-24,2025-09-22,9,18511.07,364297.93
1430,1081,20,1,95,2025-08-23,2026-02-16,2.34,2671.32,91299.56
1431,655,20,1,34,2025-05-04,2025-09-24,4.88,7071.3,206677.24
1432,1477,16,2,2,2025-08-09,2025-12-07,0.48,826.18,18065.18
1433,1475,14,3,16,2025-08-23,2026-01-02,3.24,4844.23,107161.35
1434,484,19,2,89,2025-07-25,2025-10-13,1.94,2231.62,31935.17
1435,262,14,2,25,2025-07-12,2025-12-28,4.23,5417.43,135096.25
1436,930,14,1,59,2025-05-14,2025-09-21,5.83,13779.01,273319.86
1437,1319,14,3,22,2025-09-22,2026-03-18,4.67,6545.38,250657.36
1438,1403,20,2,86,2025-06-11,2025-09-29,1.04,2384.46,31198.42
1439,192,23,1,83,2025-09-23,2026-01-05,3.26,4254.74,156956.04
1440,1467,19,3,10,2025-01-25,2025-04-22,4.62,11017.1,211456.62
1441,283,14,3,72,2025-06-18,2025-10-16,1.93,2032.59,80244.44
1442,1121,19,2,92,2025-06-12,2025-10-13,8.88,13489.7,420334.88
1443,1727,16,3,32,2025-10-21,2026-04-17,7.41,15699.31,157477.58
1444,1290,2,2,20,2025-11-09,2026-04-20,5.62,12200.35,211739.36
1445,1249,23,3,86,2025-07-03,2025-11-23,4.7,4969.24,249747.29
1446,988,1,1,99,2025-01-20,2025-05-26,2.58,4001.66,74315.35
1447,1583,1,3,77,2025-05-01,2025-09-18,10.63,15552.62,378174.3
1448,323,19,3,16,2025-01-14,2025-06-14,0.47,629.66,12196.22
1449,1482,23,3,38,2025-11-03,2026-02-18,2.81,3202.36,154036.15
1450,1625,19,2,5,2025-02-16,2025-06-23,4.27,9262.5,92563.06
1451,241,2,2,3,2025-08-06,2025-12-09,1,1716.32,48815.11
1452,159,2,3,44,2025-04-01,2025-09-10,2.95,4144.42,67949.68
1453,736,2,1,12,2025-10-04,2026-02-22,0.99,1393.35,34031.92
1454,926,7,2,65,2025-12-10,2026-04-29,3.94,7494.45,55868.34
1455,1297,19,2,17,2025-01-24,2025-05-06,5.3,6691.56,122024.51
1456,1138,14,2,98,2025-07-09,2025-09-22,3.08,3567.28,87072.9
1457,564,20,2,38,2025-12-08,2026-03-29,4.19,7432.39,178594.5
1458,467,1,1,2,2025-08-08,2025-12-19,8.55,15565.46,336900.43
1459,148,16,3,38,2025-01-16,2025-05-27,3.22,7362.45,110661.78
1460,1589,14,3,55,2025-02-07,2025-07-01,1.41,1846.42,47228.78
1461,391,41,1,31,2025-05-21,2025-10-24,3.24,6742.06,125926.19
1462,560,2,1,68,2025-11-21,2026-02-09,0.77,776.06,13167.95
1463,1242,1,1,20,2025-07-04,2025-10-05,5.31,11091.34,157527.79
1464,1382,19,3,78,2025-03-18,2025-07-28,8,8873.43,283562.02
1465,1740,19,2,23,2025-06-13,2025-12-04,3.95,7314.46,161676.71
1466,989,7,1,91,2025-05-17,2025-09-06,2.89,3643.12,52667.99
1467,1380,41,3,22,2025-02-16,2025-05-22,1.17,2751.07,30474.09
1468,1382,1,3,52,2025-07-05,2025-10-03,3.49,5118.52,79049.24
1469,269,7,2,43,2025-03-12,2025-06-18,1.01,2291.17,43095.31
1470,1111,14,1,47,2025-11-12,2026-03-06,2.88,3932.12,116965.3
1471,656,2,3,4,2025-04-14,2025-08-29,1.65,2038.6,33840.79
1472,1152,2,1,47,2025-01-10,2025-06-07,0.79,933.7,28959.54
1473,176,41,3,20,2025-01-19,2025-05-16,6.84,12494.52,275440.86
1474,676,16,2,78,2025-12-23,2026-04-22,1.03,1015.28,27101.65
1475,1437,2,2,62,2025-01-13,2025-04-05,2.06,4379.85,47439.55
1476,196,20,3,98,2025-11-03,2026-04-10,3.27,6184.54,174136.53
1477,1115,20,2,49,2025-11-11,2026-02-28,7.1,15606.04,298460.64
1478,338,1,2,80,2025-07-04,2025-11-21,2.98,5873.89,147713.49
1479,434,19,2,6,2025-11-17,2026-04-27,8.68,17946.19,165412.09
1480,751,2,3,70,2025-08-01,2026-01-09,3.36,4322.99,181149.43
1481,700,20,2,76,2025-01-10,2025-03-28,0.91,1569.87,38162.41
1482,451,14,2,65,2025-12-23,2026-03-25,1.58,1721.25,32332.51
1483,1691,1,3,83,2025-04-19,2025-08-26,1.27,2702.25,23018.11
1484,1738,7,2,57,2025-03-16,2025-08-19,0.98,1196.69,29114.38
1485,1205,19,3,28,2025-11-03,2026-03-13,7.1,11813.08,260946.53
1486,12,19,3,10,2025-09-15,2026-02-08,0.54,1295.16,28913.59
1487,1795,1,1,88,2025-06-19,2025-12-08,1.23,2016.49,66302.63
1488,587,1,3,11,2025-12-23,2026-04-14,3.4,7959.17,145795.29
1489,1501,41,1,90,2025-07-10,2025-10-23,2.01,3709.64,106480.85
1490,36,20,3,12,2025-09-20,2026-02-27,1.78,3847.77,85157.81
1491,1017,19,1,26,2025-02-11,2025-06-21,3.81,6641.99,172990.18
1492,1419,7,2,22,2025-06-05,2025-09-11,11,21488.16,143060.11
1493,897,16,1,90,2025-09-01,2026-02-25,1.18,2030.4,29853.87
1494,274,7,1,76,2025-05-06,2025-07-20,1.12,2268.1,30644.12
1495,155,23,2,1,2025-06-12,2025-12-01,2.12,3731.14,53338
1496,1357,1,3,44,2025-06-18,2025-10-13,5.24,9396.36,192469.03
1497,1442,20,2,47,2025-12-13,2026-03-17,3.03,4094.87,111199.48
1498,761,1,1,34,2025-04-22,2025-08-02,1.6,1478.47,49509.27
1499,1130,1,2,11,2025-07-02,2025-12-19,1.18,1238.24,19576.77
1500,472,19,2,40,2025-07-08,2025-12-17,0.5,780,22927.56
1501,897,20,3,72,2025-04-14,2025-09-12,2.13,4665.13,32348.35
1502,1552,1,2,80,2025-03-19,2025-08-01,6.76,9876.01,201499.93
1503,995,14,3,4,2025-01-03,2025-04-15,1.11,1694.42,41879.27
1504,442,1,3,69,2025-07-16,2025-11-04,0.45,980.37,6956
1505,1550,1,3,55,2025-10-03,2026-01-27,3.83,3961,155681.9
1506,4,20,1,76,2025-01-05,2025-06-30,3.83,3814.32,208432.49
1507,958,20,3,89,2025-01-03,2025-04-25,0.64,879.39,24007.31
1508,1581,1,1,28,2025-04-12,2025-08-23,6.86,16353.62,122027.91
1509,1170,19,3,13,2025-06-08,2025-11-23,5.19,6212.89,276940.13
1510,55,1,3,27,2025-06-14,2025-09-07,7.85,12678.46,196861.8
1511,1547,14,2,34,2025-10-16,2026-01-25,4.67,7599.51,165566.85
1512,868,20,3,8,2025-01-13,2025-06-11,1.84,3025.45,39745.06
1513,1483,20,3,30,2025-12-01,2026-02-20,9.12,11617.42,335200.35
1514,509,20,2,54,2025-05-14,2025-10-06,1.76,2024.86,64436.23
1515,1553,23,2,85,2025-11-21,2026-05-04,2.23,4463.81,91828.92
1516,1617,16,1,23,2025-03-06,2025-05-27,1.21,1284.54,37103.88
1517,1170,19,2,98,2025-03-17,2025-09-11,4.19,6200.93,147368.97
1518,785,19,2,65,2025-07-24,2025-11-01,3.47,7185.57,90868.81
1519,1155,2,1,78,2025-03-24,2025-09-18,1.87,4244.46,33421.06
1520,1159,20,2,76,2025-08-17,2026-02-04,1.4,2337.72,30016.74
1521,1015,1,3,48,2025-06-25,2025-11-10,0.51,1014.32,16928.86
1522,1683,20,2,68,2025-05-12,2025-09-27,3.28,6180.32,61094.59
1523,610,20,2,5,2025-01-15,2025-06-16,0.65,1170.63,11573.39
1524,347,19,3,14,2025-06-14,2025-12-04,0.93,2223.03,26030.92
1525,1446,20,1,42,2025-10-08,2026-02-19,1.63,1482.44,72331.7
1526,1205,14,2,1,2025-09-01,2026-01-02,2.56,2522.05,126960.02
1527,668,19,2,12,2025-11-05,2026-01-27,4.69,7947.36,74657.19
1528,282,19,2,7,2025-01-11,2025-07-06,4.7,4426.85,122129.23
1529,1343,19,2,57,2025-04-13,2025-07-18,1.39,2854.86,62249.54
1530,108,19,1,78,2025-05-06,2025-09-15,0.81,798.69,10743.37
1531,1743,20,1,48,2025-01-18,2025-05-21,3.68,8595.84,116627.95
1532,899,1,2,44,2025-01-13,2025-07-05,2.45,5044.2,91218.06
1533,807,2,2,65,2025-03-07,2025-09-01,3.5,6657.04,119727.23
1534,1785,23,2,100,2025-04-16,2025-09-22,1.43,1578.53,40165.86
1535,1313,20,3,10,2025-02-13,2025-06-16,1.9,2289.39,86172.58
1536,715,23,2,87,2025-01-25,2025-05-12,1.02,1981.52,33323.77
1537,1077,20,3,24,2025-06-03,2025-09-06,2.23,3139.35,69525.74
1538,1444,1,3,45,2025-08-03,2025-12-15,1.14,2026.3,27067.29
1539,842,19,1,52,2025-09-11,2026-01-05,5.51,8085.73,255097.75
1540,1663,1,1,24,2025-01-07,2025-06-16,0.77,925.22,15212.36
1541,1281,20,3,1,2025-05-05,2025-09-17,2.87,2661.09,44231.75
1542,1744,19,1,94,2025-07-24,2025-10-30,10.05,17483.12,138576.99
1543,261,14,1,5,2025-02-17,2025-07-03,2.18,1993.31,103149.59
1544,1331,19,2,63,2025-06-25,2025-10-13,3.35,5124.27,142679.5
1545,495,20,1,50,2025-11-21,2026-02-09,2.92,5365.94,144454.86
1546,843,1,3,76,2025-04-16,2025-09-17,5.2,5119.34,168696.9
1547,1056,19,1,70,2025-12-19,2026-05-28,1.1,2492.42,49469.63
1548,300,14,2,13,2025-04-22,2025-09-29,1.11,1504.5,20792.73
1549,1420,41,1,82,2025-09-19,2026-01-23,9.67,18515.39,281410.15
1550,909,23,1,40,2025-09-03,2026-02-16,8.9,17890.11,248149.23
1551,1240,14,3,34,2025-03-19,2025-08-12,0.53,750.9,28499.47
1552,509,20,2,23,2025-04-19,2025-08-11,9.83,23323.67,476908.62
1553,122,19,1,64,2025-04-11,2025-07-19,2.53,5478.7,99427.4
1554,1684,19,2,20,2025-04-13,2025-08-12,2.2,4093.23,84746.26
1555,158,1,2,61,2025-09-04,2026-01-09,6.79,7644.6,181459.7
1556,1052,1,3,23,2025-10-19,2026-02-28,0.5,1173.47,6975.71
1557,278,1,1,28,2025-04-06,2025-09-09,6.96,13363.78,196206.85
1558,519,20,2,15,2025-01-18,2025-05-09,0.43,441.87,22728.99
1559,1644,19,3,14,2025-02-08,2025-07-20,1.51,2911.1,76381.4
1560,1780,19,3,30,2025-10-17,2026-01-06,7.02,7469.7,295551.61
1561,595,1,1,5,2025-05-13,2025-08-18,1.76,2193.64,28979.96
1562,1469,20,2,55,2025-05-10,2025-08-14,2.3,3715.93,49192.62
1563,755,19,1,87,2025-06-15,2025-09-30,2.2,2423.32,29969.13
1564,379,19,3,55,2025-01-16,2025-05-27,7.39,15812.78,271684.6
1565,1610,14,3,50,2025-03-24,2025-07-31,3.16,4478.43,83485.9
1566,1458,41,3,19,2025-03-02,2025-07-01,5.26,9388.54,250233.34
1567,1158,14,1,91,2025-04-09,2025-08-29,5.58,7107.98,185021.4
1568,1098,19,3,28,2025-11-18,2026-03-04,1.19,2429.28,22950.7
1569,124,19,2,21,2025-02-09,2025-08-07,1.39,2407.23,70775.02
1570,376,2,3,99,2025-04-21,2025-09-23,2.48,3304.89,40959.38
1571,275,20,3,11,2025-06-18,2025-12-03,7.04,7235.21,234582.31
1572,1522,19,3,31,2025-01-01,2025-04-23,3.16,3169.33,145325.4
1573,1748,19,3,62,2025-06-06,2025-09-28,0.51,958.68,9321.76
1574,1313,20,2,82,2025-02-25,2025-07-16,0.51,1101.89,9334.44
1575,1441,20,1,30,2025-01-19,2025-05-10,1.58,1678.7,20584.98
1576,658,20,1,59,2025-12-23,2026-05-24,5.65,11628.77,105980.41
1577,707,23,2,61,2025-03-18,2025-08-01,0.62,966.11,23186.44
1578,125,20,3,82,2025-11-08,2026-02-15,2.76,3660.5,143890.03
1579,1524,19,1,89,2025-03-10,2025-06-20,2.29,3440.29,45982.76
1580,1357,19,1,17,2025-06-02,2025-11-04,2.48,5429.52,88611.71
1581,1408,1,2,53,2025-12-04,2026-05-25,0.74,1058.21,11500.53
1582,945,14,2,39,2025-06-24,2025-09-13,3.3,7582.07,121367.36
1583,1641,19,1,76,2025-10-24,2026-02-08,2.59,2930.6,141641.07
1584,1210,20,1,73,2025-01-23,2025-06-21,2,4608.14,95513.58
1585,1472,20,2,95,2025-12-15,2026-03-26,6.82,10014.5,192386.58
1586,415,7,1,13,2025-10-19,2026-04-15,2.21,3689.25,117990.99
1587,1764,14,3,58,2025-08-09,2025-12-20,0.72,1032.17,21171.59
1588,541,1,2,40,2025-01-03,2025-04-09,0.64,1358.87,18002.55
1589,351,19,3,72,2025-07-18,2025-11-12,7.47,9400.49,102769.17
1590,963,19,3,80,2025-02-22,2025-06-30,4.42,5080.45,169033.6
1591,419,14,2,97,2025-12-06,2026-06-01,5.78,13414.95,236640.36
1592,1750,23,3,94,2025-04-20,2025-07-18,0.51,1089.54,12217.26
1593,802,1,3,48,2025-02-05,2025-06-18,1.58,1884.83,86424.15
1594,851,20,1,55,2025-10-19,2026-01-25,0.44,499.75,22606.81
1595,1561,23,3,19,2025-12-03,2026-02-22,1.11,1837.06,41203.86
1596,1659,20,3,31,2025-05-09,2025-08-01,1.39,2867.97,39358.73
1597,1435,23,1,14,2025-04-22,2025-07-19,2.39,3987.79,63255.54
1598,1037,1,1,91,2025-05-20,2025-11-08,0.48,924.32,25033.7
1599,1130,20,1,60,2025-09-06,2026-01-05,3.12,5213.82,47997.08
1600,709,14,2,78,2025-01-15,2025-06-29,1.91,1752.08,86231.6
1601,738,14,1,27,2025-08-16,2025-11-18,0.63,1173.54,8613.81
1602,1635,2,2,8,2025-11-06,2026-03-14,1.18,1174.06,43966.83
1603,1098,19,3,63,2025-04-11,2025-09-03,10.12,11302.85,530963.13
1604,1027,14,1,70,2025-04-12,2025-07-16,5.24,7525.72,217789.67
1605,207,20,2,48,2025-12-06,2026-04-25,11.5,17668.64,341824.46
1606,1408,20,3,97,2025-12-07,2026-05-02,0.89,2098.52,35424.97
1607,676,16,1,75,2025-09-02,2026-01-03,5.51,8109.04,100402.38
1608,1272,7,2,5,2025-12-07,2026-05-17,2.55,5701.87,82552.37
1609,146,41,1,14,2025-10-17,2026-03-07,6.23,6442.3,219428.54
1610,236,16,1,27,2025-07-23,2025-12-08,0.73,721.07,25637.48
1611,66,16,2,9,2025-05-20,2025-09-16,9.02,17545.6,188811.07
1612,125,20,3,7,2025-07-04,2025-11-24,2.54,4394.17,77476.6
1613,562,23,3,9,2025-10-15,2026-02-23,5.61,10640.24,131881.04
1614,966,19,1,34,2025-03-01,2025-07-28,1.87,3061.21,52330.6
1615,815,20,3,46,2025-05-20,2025-11-08,1.99,3418.96,62107.79
1616,1648,1,3,91,2025-02-14,2025-07-04,0.54,900.86,19739.28
1617,696,7,3,67,2025-10-16,2026-01-11,1.83,3710.23,44145.04
1618,1313,1,3,2,2025-06-06,2025-11-19,1.08,2247.47,51676.89
1619,1331,14,3,56,2025-03-11,2025-08-14,1.46,2274.46,53220.36
1620,305,1,3,93,2025-03-16,2025-08-19,0.63,912.48,22561.48
1621,1106,19,2,17,2025-08-24,2025-12-19,2.35,2837.33,115969.51
1622,188,1,1,86,2025-09-09,2026-02-07,6.29,14613.4,101090.91
1623,163,7,2,40,2025-09-05,2026-02-01,0.44,541.56,6924.15
1624,1068,2,2,9,2025-11-20,2026-04-28,0.88,1131.2,48057.65
1625,68,23,2,91,2025-07-08,2025-12-03,6.23,8231.26,99671.15
1626,206,14,3,76,2025-09-11,2026-01-29,9.9,13989.37,394911.36
1627,1295,1,3,56,2025-05-21,2025-09-24,1.05,1788.22,22347.59
1628,1145,20,2,51,2025-05-24,2025-09-17,6.89,15197.92,286884.63
1629,1089,19,1,34,2025-01-12,2025-05-26,0.64,597.27,22706.35
1630,1749,1,1,83,2025-08-09,2025-11-20,1.51,1853.46,64342.85
1631,798,20,1,52,2025-07-12,2025-12-04,1.67,2679.61,22140.41
1632,1342,19,2,78,2025-04-24,2025-09-02,1.24,1223.87,21924.72
1633,984,1,3,84,2025-11-01,2026-02-03,3.63,5606.82,186544.77
1634,478,41,3,87,2025-06-04,2025-09-15,3.61,7625.24,125919.56
1635,457,2,3,49,2025-04-10,2025-10-06,4.6,10022.5,231709.64
1636,1262,19,2,57,2025-01-03,2025-06-15,6.81,14145.24,226393.58
1637,84,14,2,26,2025-11-16,2026-02-13,1.33,1781.56,42004.08
1638,82,1,2,30,2025-08-17,2025-12-12,4.08,4743.6,67407.71
1639,440,2,2,100,2025-04-10,2025-08-18,0.88,1860.34,33127.13
1640,178,20,2,64,2025-03-07,2025-08-03,1.14,1345.99,49125.35
1641,1563,41,1,86,2025-08-06,2026-01-03,1.99,4412.09,52782.3
1642,858,2,2,59,2025-08-19,2025-11-14,1.72,3982.3,70957.8
1643,485,19,1,79,2025-09-15,2026-02-08,1.09,2402.03,41519.42
1644,903,19,3,82,2025-01-10,2025-03-29,5.4,6426.16,264991.71
1645,1179,19,2,90,2025-04-16,2025-08-30,0.44,483.86,12504.01
1646,288,1,3,83,2025-08-17,2025-12-06,0.54,578.74,7631.58
1647,263,1,3,15,2025-05-10,2025-07-29,3.16,7247.19,153256.83
1648,1551,23,1,52,2025-08-20,2025-11-04,6.17,13066.87,103947.68
1649,1638,16,3,12,2025-05-11,2025-10-06,0.46,607.91,18395.69
1650,1363,20,3,51,2025-08-01,2025-10-15,2.61,3505.41,71460.98
1651,379,20,1,76,2025-03-22,2025-08-17,5.86,9362.29,117190.68
1652,1019,1,1,16,2025-06-14,2025-10-05,4.17,6954.87,227387.8
1653,724,14,3,75,2025-01-19,2025-04-15,1.82,2793.98,92937.05
1654,1418,1,3,72,2025-08-07,2025-12-28,5.11,7426.06,271344.33
1655,1631,20,3,96,2025-07-01,2025-11-27,3.59,7868.09,187119.26
1656,1697,7,2,1,2025-03-12,2025-06-27,3.07,5044.67,52360.73
1657,796,20,3,82,2025-11-12,2026-03-10,7.41,13400.96,281037.22
1658,1424,20,2,20,2025-11-02,2026-04-19,6.24,14414.5,95515.57
1659,434,1,1,29,2025-07-02,2025-10-30,1.33,2564.5,68065.48
1660,447,1,1,38,2025-09-16,2025-12-03,1.7,2124.88,65070.42
1661,1493,16,1,45,2025-08-23,2026-02-08,3.7,5248.3,62593.34
1662,545,23,2,36,2025-05-06,2025-10-25,0.48,1051.84,15499.48
1663,1716,1,2,77,2025-07-12,2025-12-23,3.33,4345.34,180300.61
1664,1529,2,1,26,2025-07-13,2025-12-13,1.66,2453.89,42954.47
1665,192,1,3,83,2025-02-02,2025-07-04,1.44,2121.6,25141.46
1666,280,16,3,9,2025-08-18,2026-02-05,3.71,8058.09,84933.82
1667,335,16,3,2,2025-02-06,2025-05-06,1.15,2627.55,20883.02
1668,60,23,1,95,2025-04-01,2025-07-05,0.58,1144.97,18527.85
1669,697,14,1,88,2025-12-12,2026-06-08,2.27,3492.9,70383.13
1670,1,19,3,67,2025-04-16,2025-10-01,2.44,2754.6,40082.49
1671,1035,20,2,4,2025-06-19,2025-11-24,0.64,1020.92,33299.88
1672,720,41,2,48,2025-06-02,2025-09-05,4.94,7750.09,190584.04
1673,1538,2,3,54,2025-06-15,2025-10-30,2.66,3842.47,34162.36
1674,1739,1,2,13,2025-08-15,2025-12-06,2.54,4697.79,38993.71
1675,1166,2,1,79,2025-09-11,2025-12-06,5.53,10053.87,231246.83
1676,560,2,3,36,2025-02-18,2025-07-20,3.34,4893.2,100892.91
1677,1462,7,3,53,2025-10-11,2026-03-24,8.71,14125.75,437016.66
1678,1375,20,3,1,2025-03-01,2025-06-28,1.04,2063.52,38454.04
1679,231,14,2,33,2025-06-24,2025-10-19,7.85,16273.69,259763.94
1680,1689,1,3,75,2025-08-02,2026-01-02,3.31,6451.24,146405.28
1681,260,1,2,93,2025-12-10,2026-04-09,6.31,10577.74,261376.38
1682,1199,1,1,38,2025-08-23,2026-02-14,6.46,11991.32,234345.12
1683,156,20,1,53,2025-06-23,2025-10-16,7.52,7717.85,366290.33
1684,1305,1,3,78,2025-12-12,2026-04-21,1.62,1742.04,83592.84
1685,446,20,1,8,2025-05-02,2025-09-01,3.29,6843.86,78014.19
1686,896,1,2,71,2025-09-04,2026-01-14,5.78,12928.11,169835.68
1687,216,19,2,5,2025-05-04,2025-07-21,2.11,4618.7,62430.2
1688,324,2,3,92,2025-09-04,2025-12-23,1.14,2220.65,24108.32
1689,1410,23,3,32,2025-12-03,2026-04-28,0.98,2122.12,48915.26
1690,1734,19,2,38,2025-11-10,2026-03-12,9.94,21240.29,386374.41
1691,947,2,1,36,2025-06-07,2025-09-23,4.5,5566.01,69204.55
1692,1241,20,3,59,2025-01-12,2025-07-01,7.08,7246.99,98248.52
1693,461,41,2,49,2025-10-16,2026-03-17,1.4,2715.48,41765.98
1694,1170,19,2,15,2025-07-04,2025-12-22,2.55,5684.5,127489.24
1695,1402,1,2,100,2025-02-19,2025-07-13,4.17,5311.79,71836.88
1696,238,20,2,60,2025-06-14,2025-11-10,0.94,891.25,33011.73
1697,52,7,3,60,2025-09-14,2025-12-10,1.57,2004.1,44674.03
1698,1800,14,3,9,2025-04-12,2025-07-28,6.27,7942.22,306633.08
1699,273,41,1,52,2025-02-25,2025-08-19,7.26,17366.09,312918.19
1700,81,2,1,69,2025-11-01,2026-04-21,5.83,9648.55,145545.29
1701,423,1,1,80,2025-11-11,2026-04-25,0.54,649.17,24727.94
1702,720,41,3,9,2025-08-05,2025-11-14,1.61,3633.33,40549.1
1703,727,20,1,61,2025-02-06,2025-04-23,0.78,1460.15,22705.43
1704,147,19,2,29,2025-10-20,2026-03-09,2.19,3268.85,99013.77
1705,1103,2,1,95,2025-10-22,2026-01-05,0.58,1140.88,10670.09
1706,1182,2,2,40,2025-01-07,2025-06-05,5.53,10340.18,188741.99
1707,842,1,1,68,2025-04-17,2025-07-20,5.68,7578.07,196369.01
1708,114,20,1,38,2025-03-01,2025-08-23,6.84,12025.35,312722.61
1709,684,20,3,20,2025-04-24,2025-10-20,4.77,6834.56,162944.37
1710,510,41,3,40,2025-09-21,2025-12-23,2.09,4484.35,36444.97
1711,1625,20,3,52,2025-04-19,2025-08-28,4.59,6948.9,149675.29
1712,1081,2,1,39,2025-05-24,2025-08-29,7.07,14584.98,385972.12
1713,157,1,3,59,2025-04-23,2025-07-23,3.69,8233.55,167591.94
1714,843,20,3,94,2025-03-07,2025-06-15,1.86,3679.15,53710.19
1715,1742,14,3,73,2025-04-01,2025-06-16,3.01,2920.57,73659.46
1716,968,19,3,36,2025-05-20,2025-10-07,2.24,4615.14,98764.67
1717,826,2,3,3,2025-06-09,2025-10-03,1.82,2172.84,81255.78
1718,1115,7,3,43,2025-04-16,2025-10-09,4.42,6848.69,91211.72
1719,1358,1,2,2,2025-04-16,2025-07-08,3.6,4675.07,175748.95
1720,1637,20,2,63,2025-04-02,2025-09-08,8.67,15608.44,303204.22
1721,742,14,3,50,2025-02-22,2025-06-30,2,2729.48,41071.31
1722,1517,14,2,89,2025-07-19,2025-11-22,0.49,555.5,23006.08
1723,197,20,1,9,2025-05-06,2025-07-20,1.86,4249.96,63921.72
1724,1065,20,2,55,2025-01-11,2025-05-12,5,9191.35,166989.24
1725,1429,1,1,15,2025-02-02,2025-06-03,4.45,9124.29,216735.01
1726,855,2,3,63,2025-04-19,2025-09-20,0.9,1396.98,21679.72
1727,1081,2,2,48,2025-06-02,2025-11-24,9.04,14993.7,207571.71
1728,1731,7,1,5,2025-05-23,2025-09-04,1.77,1928.25,78408.07
1729,617,16,3,64,2025-06-20,2025-10-01,0.95,2127.33,49329.72
1730,1330,1,2,90,2025-04-21,2025-07-16,4.61,10329.18,73491.1
1731,119,7,3,32,2025-09-06,2025-12-20,2.08,2114.92,72236.34
1732,187,1,2,96,2025-10-12,2026-01-17,3.01,4265.76,60211.79
1733,963,2,2,57,2025-12-19,2026-05-07,1.78,2287.39,27002.48
1734,112,7,1,95,2025-08-14,2025-12-29,1.11,1403.75,17770.99
1735,1054,19,2,41,2025-06-11,2025-12-01,5.26,11863.4,221616.32
1736,198,19,3,53,2025-02-02,2025-07-21,2.14,3048.27,112791.19
1737,1177,19,3,45,2025-08-07,2026-01-01,4.28,6097.43,191820.17
1738,1452,19,1,16,2025-07-14,2025-11-21,0.76,1384.66,41750.41
1739,1082,20,3,44,2025-12-04,2026-03-11,0.83,1536.29,42153.73
1740,949,14,1,27,2025-11-06,2026-03-03,5.96,12476.68,235443.01
1741,1316,19,1,34,2025-01-08,2025-06-28,6.57,9423.38,321286.88
1742,408,14,1,57,2025-10-18,2026-01-13,4.36,7492.66,54517.98
1743,864,19,2,8,2025-03-11,2025-08-05,1.1,1579.6,13307.76
1744,1079,14,1,78,2025-10-08,2026-02-15,1.66,2943.18,65090.17
1745,38,19,1,11,2025-04-02,2025-08-31,5.88,6767.52,179416.41
1746,290,1,2,43,2025-07-25,2026-01-11,3.12,4936.34,52670.28
1747,288,1,1,85,2025-12-08,2026-05-02,1.11,1824.79,37684.38
1748,1563,20,1,6,2025-07-21,2025-12-09,5.45,5371.34,283972.92
1749,1172,19,1,16,2025-04-13,2025-09-07,4.65,7305.34,160488.79
1750,1241,20,1,20,2025-10-16,2026-02-05,6.57,7447.06,331674.14
1751,1749,20,2,28,2025-07-07,2025-10-13,1.96,3946.23,40176.7
1752,796,1,1,75,2025-01-22,2025-06-18,3.95,6871.51,133625.51
1753,418,14,2,32,2025-12-15,2026-05-06,1.42,2244.35,46595.09
1754,817,19,1,78,2025-08-18,2025-12-13,3.66,6515.41,111619.54
1755,1404,14,2,34,2025-07-06,2025-09-28,0.99,2363.46,46883.83
1756,418,14,3,16,2025-08-23,2026-02-11,1.42,3203.24,60526.42
1757,1512,19,2,92,2025-11-16,2026-03-30,9.02,9225.84,299112.31
1758,1791,19,2,69,2025-02-02,2025-05-24,2.47,3113.18,72002.15
1759,29,19,1,96,2025-09-03,2026-01-08,0.57,937.94,9161.87
1760,1653,20,2,94,2025-06-13,2025-08-28,2.24,3849.17,93666.44
1761,1250,1,3,71,2025-05-18,2025-08-17,3.74,5512.15,129131.31
1762,558,1,2,48,2025-12-14,2026-05-14,0.9,1351.27,16197.81
1763,846,1,2,13,2025-04-06,2025-09-07,2.18,4476.14,32091.35
1764,975,1,2,78,2025-12-03,2026-05-10,3.41,5552.52,163446.79
1765,85,19,1,31,2025-05-19,2025-10-16,3.92,4129.49,130535.58
1766,243,19,1,86,2025-09-03,2025-12-25,0.57,726.12,10432.22
1767,1730,7,1,78,2025-12-05,2026-04-21,2.46,5188.73,94566.92
1768,1235,20,1,58,2025-02-10,2025-05-13,1.36,3157.1,73219.97
1769,957,20,1,27,2025-08-06,2025-11-01,1.55,2859.47,48956.21
1770,880,2,1,15,2025-12-10,2026-03-25,1.14,2154.41,50047.24
1771,929,19,2,78,2025-08-13,2025-12-27,0.89,1258.94,15373.86
1772,729,20,1,64,2025-07-19,2025-11-25,0.4,933.64,17509.83
1773,71,1,3,68,2025-07-12,2025-12-06,3.99,6452.86,162891.3
1774,754,23,1,94,2025-01-07,2025-03-31,2.3,4948.8,51324.91
1775,286,2,2,28,2025-06-03,2025-11-20,0.69,1148.21,37146.56
1776,249,20,1,36,2025-12-07,2026-05-06,2.81,5525.02,53196.69
1777,1782,2,2,81,2025-04-24,2025-08-12,0.98,1479.75,36521.96
1778,1604,14,2,41,2025-06-03,2025-10-01,5.4,8017.64,131341.31
1779,927,20,1,17,2025-08-20,2026-01-14,2.45,2990.73,116636.06
1780,940,14,2,88,2025-08-09,2026-01-31,1.12,1638.53,50797.62
1781,1525,23,3,94,2025-05-19,2025-09-18,6.21,11903.26,305094.04
1782,761,1,3,69,2025-11-06,2026-02-08,1.43,2917.76,37262.53
1783,1692,14,2,68,2025-11-15,2026-04-20,2.13,4698.86,91993.54
1784,907,20,3,29,2025-09-11,2025-12-25,7.29,15076.63,263550.94
1785,1025,23,1,11,2025-10-06,2026-02-11,6.07,9238.01,193213.44
1786,47,20,3,2,2025-10-24,2026-03-01,1.24,1602.64,50438.11
1787,1047,1,1,79,2025-06-14,2025-10-23,3.78,3664.26,57755.91
1788,1041,19,1,4,2025-11-20,2026-03-17,5.31,10806.23,195805.54
1789,1295,1,2,68,2025-03-05,2025-06-23,8.35,17494.06,406409.56
1790,33,20,3,11,2025-09-06,2025-12-17,0.6,1046.45,32671.94
1791,278,23,2,88,2025-02-10,2025-07-19,2.74,3951.48,101681.95
1792,793,16,2,25,2025-02-03,2025-07-03,7.44,15038.56,355530.17
1793,1407,19,2,39,2025-02-04,2025-05-29,1.77,3525.93,58028.02
1794,674,19,2,33,2025-04-14,2025-09-17,2.31,2934.69,66068.46
1795,187,1,2,48,2025-03-08,2025-08-07,3.42,3969.74,125744.75
1796,1663,14,1,81,2025-03-08,2025-08-12,0.82,931.06,19207.46
1797,712,20,2,67,2025-01-22,2025-04-19,3.59,7367.04,167166.92
1798,1019,2,3,71,2025-07-17,2025-12-26,1.52,1812.54,40421.67
1799,194,19,3,68,2025-06-04,2025-09-24,0.44,766.41,23432.48
1800,805,1,1,13,2025-01-15,2025-06-01,0.81,1761.01,15390.79
1801,247,41,3,79,2025-06-09,2025-09-18,3.67,6272.41,78298.42
1802,1755,2,3,32,2025-11-05,2026-03-11,1.96,4078.47,78330.62
1803,1125,20,3,53,2025-06-24,2025-11-18,8.42,8986.15,158790.37
1804,906,19,1,61,2025-01-15,2025-05-28,1.08,1105.18,16308.19
1805,1032,19,2,82,2025-11-11,2026-05-09,2.79,4925.72,85667.55
1806,1480,19,3,39,2025-03-02,2025-07-30,5.18,4848.4,66278.39
1807,371,2,1,33,2025-09-25,2026-02-15,0.72,1614.02,29652.13
1808,1419,7,2,58,2025-05-16,2025-10-18,10.04,9896.53,511937.28
1809,1312,2,2,56,2025-05-22,2025-09-30,1.44,2275.29,24125.45
1810,1542,41,2,77,2025-01-10,2025-05-07,6.39,12480.56,86699.13
1811,843,20,1,77,2025-05-08,2025-09-02,4.06,9311.14,109578.91
1812,1343,19,2,85,2025-06-22,2025-11-12,1.17,1144.96,57182.98
1813,9,1,2,14,2025-12-20,2026-04-24,7.92,17470.74,292184.19
1814,1261,16,2,83,2025-02-17,2025-07-05,4.87,10227.66,144765.88
1815,608,1,1,39,2025-01-06,2025-07-02,5.32,11686.95,258689.89
1816,859,2,1,19,2025-03-21,2025-08-08,5.13,5197.35,236230.78
1817,1016,19,2,93,2025-09-15,2026-02-16,4.67,4496.97,86743.33
1818,1696,1,3,17,2025-08-16,2025-12-28,2.56,4762.27,72349.59
1819,113,1,1,44,2025-08-13,2025-12-17,0.67,1527.59,36415.7
1820,573,14,3,38,2025-05-18,2025-10-02,6.46,5966.44,198604.74
1821,1457,41,3,70,2025-10-09,2026-01-15,0.77,746.26,23857.82
1822,1374,7,1,62,2025-04-08,2025-08-20,0.47,892.93,25570.22
1823,67,1,1,95,2025-08-03,2025-11-28,6.03,7734.07,153804.76
1824,728,20,3,63,2025-12-03,2026-05-20,0.86,1427,11610.2
1825,727,14,3,91,2025-08-02,2026-01-08,0.5,518.7,13561.11
1826,543,19,1,49,2025-06-25,2025-11-12,1.53,2288.68,36860.95
1827,1350,1,1,22,2025-05-16,2025-10-06,2.64,4983.94,102409.91
1828,1434,1,1,20,2025-07-19,2025-11-10,7.13,14156.98,167077.58
1829,186,7,2,39,2025-11-21,2026-03-31,1.8,2053.03,67148.72
1830,1039,20,3,67,2025-08-07,2025-11-22,3.5,3677.55,119636.34
1831,786,19,1,82,2025-09-07,2025-12-16,1.84,2144.11,95140.38
1832,179,14,1,82,2025-03-18,2025-08-04,1.42,3020,21533.98
1833,7,1,2,9,2025-12-12,2026-03-24,4.31,6436.02,225202.15
1834,1225,23,3,18,2025-08-19,2025-12-27,5.2,10181.55,80207.96
1835,814,14,1,27,2025-07-07,2025-11-25,3.51,6268.56,117296.7
1836,306,2,2,13,2025-11-07,2026-04-19,3.5,4056.65,124779.01
1837,843,1,1,88,2025-03-16,2025-06-09,2.38,4863.75,117740.31
1838,1204,19,3,76,2025-10-18,2026-04-14,6.36,12219.56,188960.87
1839,803,14,1,71,2025-04-19,2025-09-14,5.21,6502.33,169346.99
1840,1010,14,2,28,2025-09-18,2025-12-11,2.76,4213.98,139798.98
1841,1727,16,2,25,2025-10-17,2026-04-08,0.84,1125.58,11463.72
1842,548,1,1,40,2025-06-24,2025-12-21,1.56,3740.72,45773
1843,1533,1,3,7,2025-03-13,2025-05-29,4.43,8364.23,88830.9
1844,255,1,1,2,2025-10-23,2026-01-09,0.74,1595.2,16101.36
1845,674,19,3,95,2025-06-19,2025-10-04,2.22,3090.73,33108.46
1846,766,19,2,27,2025-11-09,2026-04-24,5.63,5301.9,98054.82
1847,926,7,3,46,2025-10-02,2026-03-29,6.2,7679.01,94877.86
1848,1669,14,3,76,2025-04-02,2025-09-27,1.12,1324.57,47683.25
1849,608,20,2,28,2025-09-05,2025-12-30,7.06,9105.33,107644.44
1850,55,14,2,60,2025-04-14,2025-07-02,5.13,7379.74,132411.02
1851,1724,2,3,42,2025-11-04,2026-04-08,0.75,936.92,16217.57
1852,1069,19,2,73,2025-04-16,2025-09-20,1.49,2778.97,44985.97
1853,375,2,3,31,2025-01-13,2025-05-30,1.45,1661.97,47839.61
1854,58,2,1,90,2025-03-24,2025-09-09,2.87,5133.58,110363.05
1855,1133,20,1,33,2025-02-17,2025-05-05,5.73,6078.52,257012.15
1856,1343,19,3,77,2025-04-13,2025-07-03,0.88,1232.02,11473.36
1857,210,19,1,89,2025-11-22,2026-04-14,1.93,4107.6,80360.22
1858,923,19,1,14,2025-09-05,2026-01-08,7.44,7970.52,134656.19
1859,1223,20,3,45,2025-08-06,2025-10-24,1.64,3374.11,68706.41
1860,215,1,2,58,2025-02-19,2025-06-28,1.96,4326.16,27313.51
1861,1251,14,1,68,2025-11-25,2026-05-18,2.11,4356.71,72532.22
1862,736,2,1,64,2025-11-11,2026-02-18,4.65,10237.66,77034.04
1863,929,14,3,53,2025-03-24,2025-07-25,2.88,3369.35,76505.4
1864,1787,1,1,97,2025-09-15,2025-12-01,1.09,1448.81,16683.84
1865,374,2,2,90,2025-06-17,2025-11-01,3.84,7379.2,75290.82
1866,148,20,2,97,2025-08-17,2026-01-11,3.49,7042.43,146271.48
1867,971,1,2,25,2025-08-22,2025-11-14,0.44,1030.23,13504.5
1868,1751,20,3,38,2025-06-18,2025-10-19,4.02,8096.74,193462.65
1869,1149,19,1,2,2025-05-25,2025-08-30,1.11,2080.26,48471.96
1870,312,2,1,33,2025-05-20,2025-09-04,3.22,3066.61,76931.64
1871,81,1,1,27,2025-02-25,2025-08-14,1.88,1759.66,57060.05
1872,1747,14,3,19,2025-03-25,2025-07-31,2.67,3088.79,80646.72
1873,720,20,2,91,2025-03-03,2025-05-31,8.06,14437.95,358204.1
1874,889,1,2,84,2025-09-21,2026-01-30,3.97,5743.72,79421.75
1875,192,23,2,38,2025-05-11,2025-11-02,1.9,2174.5,97851.52
1876,1610,14,1,92,2025-02-17,2025-07-06,0.5,634.64,18603.71
1877,1037,1,1,38,2025-12-02,2026-02-17,1.25,2455.33,19857.63
1878,362,23,1,19,2025-08-23,2026-01-13,2.35,4316.76,110183.47
1879,430,20,1,19,2025-10-07,2026-02-26,1.61,2217.16,54679.77
1880,1758,2,2,71,2025-11-04,2026-02-27,5.46,13081.41,157496.27
1881,835,23,2,14,2025-05-17,2025-10-21,1.52,2660.3,25847.4
1882,1732,1,2,27,2025-05-01,2025-08-16,1.26,2322.42,19100.85
1883,118,1,2,17,2025-09-15,2026-02-20,2.96,4522.68,65550.33
1884,1400,14,1,46,2025-11-13,2026-03-01,2.78,5004.6,69329.91
1885,1077,2,1,2,2025-01-19,2025-07-16,1.12,1758.9,32052.11
1886,1782,20,1,92,2025-03-24,2025-09-16,8.06,11021.87,362067.69
1887,852,19,1,39,2025-09-12,2025-12-12,3.22,4655.84,132064.82
1888,242,2,1,23,2025-07-22,2025-10-26,3.03,3738.75,47274.31
1889,592,14,3,38,2025-12-15,2026-03-24,1.47,1647.41,28908.48
1890,1602,1,2,74,2025-09-21,2026-02-04,4.2,5656.27,154673.84
1891,446,20,3,29,2025-07-16,2025-11-16,2.67,5655.4,47198.92
1892,218,1,2,40,2025-02-25,2025-05-22,0.65,1112.91,22734.23
1893,1111,19,1,90,2025-06-05,2025-10-18,4.37,5933.93,190849.83
1894,1765,41,1,68,2025-07-21,2025-11-01,2.3,4243.02,68808
1895,1628,2,3,3,2025-12-23,2026-03-12,1.22,1349.05,61409.58
1896,149,19,2,93,2025-08-24,2026-01-11,1.36,2512.73,18586.75
1897,1024,19,2,58,2025-05-01,2025-07-18,3.02,3336.3,113563.39
1898,129,19,3,37,2025-10-12,2026-03-10,2.24,4514.99,89483.31
1899,1133,19,2,33,2025-12-13,2026-05-26,2.26,2255.23,52622.19
1900,1032,2,1,86,2025-01-14,2025-04-22,3.75,8742.07,202740.37
1901,920,1,3,57,2025-07-12,2025-12-06,4.42,7426.95,90882.44
1902,1200,1,1,4,2025-08-24,2025-12-04,7.58,9324.47,239562.34
1903,285,19,3,19,2025-01-12,2025-07-06,5.45,8847.19,246242.16
1904,304,19,3,88,2025-09-07,2026-01-28,2.88,2768.35,87669.44
1905,193,14,1,1,2025-08-08,2026-01-01,3.88,5924.62,88710.59
1906,897,19,2,98,2025-04-24,2025-10-16,0.68,1603.48,30217.31
1907,879,1,2,46,2025-02-04,2025-07-16,0.8,1919.77,41625.48
1908,1744,1,3,75,2025-11-18,2026-03-25,9.31,11514.64,373599.39
1909,1658,16,2,66,2025-04-22,2025-07-15,4.09,8219.41,161478.16
1910,119,7,2,62,2025-12-04,2026-05-24,1.2,1857.99,33496.08
1911,648,19,3,87,2025-05-08,2025-08-15,1.63,2018.49,72331.9
1912,175,20,1,90,2025-11-17,2026-04-11,3.37,4845.7,166189.9
1913,1410,23,3,42,2025-02-03,2025-07-31,7.76,15182.97,375953.36
1914,192,14,2,18,2025-04-20,2025-08-14,0.79,1030.86,36530.99
1915,201,19,3,64,2025-05-23,2025-10-10,0.81,1333.23,16378.12
1916,1357,1,2,80,2025-12-23,2026-04-20,2.49,4582.03,40280.66
1917,381,19,2,31,2025-08-07,2026-01-16,5.87,6877.18,299993.47
1918,856,2,3,34,2025-06-10,2025-10-14,7.03,15283.09,249827.76
1919,1258,2,1,15,2025-09-13,2026-02-14,2.7,3505.25,59028.65
1920,303,19,3,83,2025-10-23,2026-01-25,1.59,1536.83,44511.52
1921,1564,7,1,6,2025-05-25,2025-09-11,1.03,1437.66,29940.89
1922,1585,19,3,41,2025-11-07,2026-04-02,4.94,8576.94,250063.71
1923,146,20,3,59,2025-04-04,2025-07-20,1.34,3215.99,45544.69
1924,1582,20,3,61,2025-11-10,2026-04-18,7.27,14628.38,96069.31
1925,230,16,1,58,2025-05-11,2025-09-12,2.69,2745.58,139802.03
1926,491,1,2,76,2025-09-17,2026-01-26,1.09,2602.89,23622.41
1927,1138,19,2,94,2025-08-11,2025-11-02,7.97,8300.94,430682.99
1928,492,2,2,3,2025-04-23,2025-10-19,1.96,1789.09,61531.61
1929,627,14,1,7,2025-09-03,2026-02-15,8.23,8094.67,202900.24
1930,1413,20,3,72,2025-05-17,2025-08-14,3.24,6493.65,43049.59
1931,1357,1,2,16,2025-10-22,2026-03-29,4.68,4771.41,140269.05
1932,554,2,3,90,2025-03-03,2025-07-28,2.85,5866.21,41106.17
1933,552,1,2,69,2025-09-19,2026-02-14,2.8,5721.84,117129.31
1934,381,19,1,93,2025-11-22,2026-02-15,2.66,4879.93,132952.28
1935,1758,1,2,95,2025-07-09,2025-11-15,2.31,3314.09,53125.9
1936,1120,14,1,91,2025-06-04,2025-09-07,4.32,5776.31,149890.42
1937,1770,19,3,51,2025-11-20,2026-04-23,5.66,6068.73,228211.93
1938,460,1,3,52,2025-04-16,2025-07-28,6.98,9290.93,135886.99
1939,226,19,3,11,2025-03-06,2025-08-08,1.71,2023.78,57639.91
1940,900,20,2,61,2025-04-18,2025-10-04,0.8,1420.86,35954.16
1941,271,19,3,70,2025-11-08,2026-04-17,1.83,2224.41,28143.95
1942,1006,2,2,36,2025-02-23,2025-07-08,2.85,6226.83,63818.76
1943,812,19,2,38,2025-10-23,2026-04-10,1.66,2959.55,20411.25
1944,1,19,3,76,2025-05-15,2025-10-20,7,9187.76,85624.12
1945,1020,19,2,4,2025-09-03,2025-12-13,5.87,11264.17,283337.14
1946,777,2,3,4,2025-06-08,2025-09-21,3.43,5647.99,113141.42
1947,418,1,2,34,2025-04-18,2025-07-31,0.88,2069.34,13526.34
1948,928,1,3,95,2025-06-17,2025-11-15,2.74,2683.27,137144.39
1949,350,19,1,17,2025-10-21,2026-03-17,2.98,4940.58,72590.81
1950,582,19,1,25,2025-03-13,2025-05-30,0.97,990.97,43795.97
1951,1058,7,1,92,2025-02-16,2025-05-28,0.96,977.01,43211.03
1952,1307,20,2,52,2025-05-09,2025-09-26,0.41,937.17,17766.87
1953,222,41,2,90,2025-03-02,2025-06-07,1.25,1289.04,16059.83
1954,543,2,1,70,2025-10-17,2026-03-30,1.9,3558.49,67572.26
1955,492,19,1,18,2025-03-23,2025-09-07,5.29,7370.18,64535.65
1956,61,19,1,29,2025-06-18,2025-12-12,6.03,12425.61,215970.88
1957,475,1,2,75,2025-10-23,2026-01-15,0.91,1358.1,43105.7
1958,584,19,3,21,2025-12-22,2026-06-05,0.4,890.3,20445.04
1959,570,23,3,48,2025-02-02,2025-06-24,5.15,7839.1,245998.53
1960,1069,1,3,74,2025-05-15,2025-10-02,0.99,2363.42,32547.47
1961,585,19,1,53,2025-08-22,2026-01-05,4.19,9077.25,173928.07
1962,1076,20,1,57,2025-11-07,2026-02-08,1.73,2202.4,36752.8
1963,1452,2,3,44,2025-02-23,2025-05-15,1.46,2765.42,68628.22
1964,760,41,3,38,2025-03-24,2025-07-02,6.85,7276.17,353650.36
1965,1313,1,1,90,2025-08-01,2025-12-11,1.08,1178.77,18251.54
1966,1327,2,1,37,2025-08-05,2025-11-17,3.06,4103.26,128185.84
1967,1131,2,1,96,2025-05-06,2025-07-30,4,6204.95,163889.74
1968,1586,19,1,32,2025-11-06,2026-04-05,1,1739.83,49314.66
1969,929,14,3,16,2025-02-20,2025-06-01,2.73,5765.14,42432.4
1970,1550,20,1,66,2025-05-17,2025-09-19,4.03,4425.73,136708.91
1971,1238,2,2,15,2025-05-11,2025-07-29,0.96,1812.46,42477.24
1972,1684,19,3,67,2025-11-01,2026-01-17,2.26,4429.76,64884.37
1973,1397,19,3,23,2025-05-25,2025-10-01,4.49,6660.82,199175.55
1974,524,23,2,67,2025-10-15,2026-01-20,1.53,3405.09,23022.24
1975,1376,23,1,24,2025-05-06,2025-08-28,5.63,12368.74,276090.88
1976,876,1,3,65,2025-06-02,2025-08-22,2.56,5447.9,138980.9
1977,1036,2,3,78,2025-07-02,2025-10-25,4.39,6967.43,88789.32
1978,108,14,1,26,2025-03-09,2025-06-20,7.79,15751.18,276211.18
1979,228,1,2,93,2025-10-11,2026-03-17,1.13,2058.33,20985.37
1980,315,19,2,61,2025-09-07,2025-12-16,3.25,4256.38,140239.48
1981,1148,20,3,24,2025-02-01,2025-06-27,5.43,6163.43,246174.24
1982,1464,1,2,78,2025-07-07,2025-11-11,4.14,9582.12,175868.69
1983,505,19,1,61,2025-03-18,2025-09-01,2.54,3579.49,69363.26
1984,138,1,2,35,2025-03-22,2025-08-24,2.81,4627.29,95249.85
1985,1376,14,3,44,2025-05-13,2025-08-01,3.86,6179.2,132093.01
1986,372,2,2,75,2025-02-17,2025-06-17,1.14,2517.91,26477.01
1987,1137,19,1,5,2025-07-08,2025-12-18,1.34,1783.87,61388.76
1988,1720,16,3,64,2025-09-17,2026-01-04,0.68,1545.41,19246.42
1989,1051,20,1,7,2025-09-25,2026-02-08,3.51,6071.48,60602.12
1990,755,1,3,76,2025-10-03,2026-02-09,3.78,6920.04,159367.27
1991,684,19,3,81,2025-05-04,2025-10-10,2.78,3059.73,90604.59
1992,1104,1,2,48,2025-06-02,2025-09-08,2.52,3597.34,73569.14
1993,1569,20,2,29,2025-10-04,2026-02-02,2.51,4728.08,72746.71
1994,437,14,2,33,2025-04-03,2025-08-06,7.1,9820.89,113445.92
1995,955,20,3,10,2025-06-17,2025-11-29,5.1,9326.86,256301.39
1996,1424,2,3,60,2025-04-18,2025-07-10,6.44,14091.71,264836.18
1997,783,20,2,33,2025-05-17,2025-10-23,2.43,3053.26,71413.12
1998,1709,2,1,86,2025-09-05,2026-01-09,1.35,2174.52,61599.79
1999,308,19,1,88,2025-11-10,2026-03-25,2.9,4297.56,104267.74
2000,279,16,1,63,2025-10-05,2026-02-04,0.4,629.67,12636.37
2001,61,19,1,47,2025-11-01,2026-02-12,1.31,3066.29,69812.47
2002,561,23,1,13,2025-05-20,2025-08-16,0.57,1262.56,14554.35
2003,1729,14,2,31,2025-04-23,2025-07-17,8.33,11504.37,129551.95
2004,302,14,3,6,2025-06-03,2025-09-15,0.61,1052.05,32549.43
2005,1051,20,2,19,2025-08-24,2025-12-23,2.94,3574.27,72985.09
2006,1644,2,1,89,2025-09-10,2025-12-29,5.3,6121.91,254660.12
2007,758,19,2,94,2025-10-13,2026-02-28,4.16,5889.41,119749.12
2008,317,7,1,32,2025-07-24,2025-10-26,1.73,1663.88,38085.98
2009,722,1,3,38,2025-08-11,2026-01-17,6.4,14261.58,331794.53
2010,429,19,3,31,2025-08-23,2026-01-31,2.55,5792.48,80222.72
2011,118,19,2,62,2025-05-02,2025-10-15,4.32,5367.89,234336.5
2012,1677,19,3,68,2025-08-13,2025-12-03,1.86,1838.05,38701.09
2013,1514,14,2,16,2025-08-12,2025-12-24,1.43,1523.49,70211.66
2014,1297,14,3,58,2025-11-18,2026-05-12,4.71,9429.07,69067.97
2015,21,1,2,24,2025-04-11,2025-07-03,7.05,9662.9,92682.91
2016,677,1,1,25,2025-09-03,2026-02-16,1.58,1962.04,40307.65
2017,1243,1,2,81,2025-12-22,2026-03-14,6.1,7173.45,224271.7
2018,283,20,2,68,2025-06-10,2025-09-30,8.56,8057.94,249729.12
2019,123,19,3,10,2025-01-05,2025-06-07,1.07,1374.48,20513.28
2020,1263,20,2,100,2025-05-18,2025-10-21,6.48,14119.12,201633.79
2021,280,19,1,62,2025-05-12,2025-11-08,2.11,4814.18,49437.83
2022,933,1,2,48,2025-06-13,2025-09-21,4,3974.68,83983.99
2023,1499,14,3,64,2025-02-03,2025-05-12,0.62,1380.96,19905.47
2024,51,20,2,55,2025-03-09,2025-06-29,2.57,5799.71,33369.96
2025,1701,19,1,46,2025-01-05,2025-03-29,0.43,694.26,14338.02
2026,924,19,3,57,2025-03-22,2025-07-21,9.63,9547.27,436854.81
2027,369,20,1,10,2025-03-09,2025-05-26,1.7,4040.73,92794.45
2028,711,19,3,43,2025-12-20,2026-04-10,2.66,5385.02,81830.63
2029,1007,1,3,70,2025-01-22,2025-07-20,6.26,6327.01,342507.87
2030,495,41,1,30,2025-10-06,2026-02-09,2.05,2698.59,47718.59
2031,685,2,2,100,2025-04-20,2025-10-15,1.12,2505.11,61568.7
2032,1691,1,1,9,2025-01-24,2025-05-31,1.85,3225.85,26200.31
2033,1088,1,2,99,2025-09-01,2026-02-12,5.47,12424.73,107713.12
2034,210,19,1,61,2025-05-06,2025-10-02,3.01,5354.76,70712.57
2035,541,2,3,21,2025-05-12,2025-08-12,0.48,643.04,14260.04
2036,284,20,3,9,2025-10-03,2026-01-14,1.94,1845.19,82423.43
2037,289,19,3,17,2025-07-08,2025-10-10,1.76,3600.01,32262.79
2038,964,1,1,3,2025-09-24,2025-12-25,8.35,12601.52,425150.08
2039,623,20,3,45,2025-09-09,2025-12-08,10.15,13116.37,274180.1
2040,1063,41,3,3,2025-05-03,2025-08-16,0.74,1687.34,38845.89
2041,106,16,3,18,2025-04-13,2025-09-30,3.43,4874.24,176791.54
2042,1531,16,1,46,2025-02-01,2025-04-19,4.55,8546.23,143867.94
2043,775,1,2,58,2025-03-19,2025-08-06,2.65,5333.16,75929.02
2044,1654,1,3,25,2025-11-20,2026-03-30,1.01,1748.21,43427.26
2045,208,1,2,69,2025-12-19,2026-05-03,1.33,1574.34,34595.22
2046,1196,14,3,62,2025-09-24,2026-02-11,2.31,5158.09,92045.41
2047,220,1,3,11,2025-04-05,2025-07-19,1.42,2051.52,53143.24
2048,580,7,2,14,2025-07-21,2025-10-23,4.53,9770.05,174199.41
2049,1289,1,3,21,2025-07-01,2025-12-21,2.82,3569,53161.69
2050,647,14,3,96,2025-07-10,2026-01-03,4,9467.23,199825.79
2051,546,20,1,53,2025-11-15,2026-02-12,2.05,3030.52,89427.94
2052,976,1,2,30,2025-04-08,2025-09-28,1.39,2031.94,50730.78
2053,1424,20,2,23,2025-03-22,2025-06-16,5.02,6669.21,153672.48
2054,1696,23,3,58,2025-09-09,2026-01-20,1.35,3217.79,46442.58
2055,80,1,1,44,2025-06-18,2025-09-23,4.36,9348.66,62686.02
2056,1521,2,1,55,2025-03-13,2025-09-08,1.02,1313.97,12251.32
2057,1514,23,2,80,2025-08-04,2025-12-19,3.34,7862.6,153070.23
2058,913,2,2,64,2025-04-19,2025-08-19,3.85,4087.27,94635.55
2059,1181,2,2,28,2025-12-03,2026-05-05,1.08,1354.72,21106.83
2060,1254,23,2,43,2025-02-03,2025-05-21,0.83,786.93,16370.58
2061,884,19,2,57,2025-05-25,2025-08-28,1.79,4143.68,25761.87
2062,1467,2,3,34,2025-04-13,2025-07-12,3.59,8472.74,67454.88
2063,1372,19,1,14,2025-02-25,2025-07-27,0.86,1443.5,11879.56
2064,214,14,2,69,2025-08-23,2025-12-27,0.47,983.93,16665.94
2065,277,1,3,97,2025-07-19,2025-12-14,9.24,11745.92,210934.83
2066,313,19,3,27,2025-11-20,2026-03-10,1.36,2242.97,28064.61
2067,1594,7,1,62,2025-01-02,2025-06-15,4.48,5576.44,123079.3
2068,1231,1,2,35,2025-01-19,2025-06-23,5.03,8000.47,264778.21
2069,80,2,1,6,2025-04-22,2025-10-18,7.05,8140.1,168451.04
2070,806,20,2,94,2025-03-04,2025-06-29,3.62,7142.95,135319.45
2071,842,20,1,52,2025-04-01,2025-08-30,3.09,4667.92,82262.65
2072,810,7,1,95,2025-01-03,2025-06-06,0.85,1590.21,32795.01
2073,1267,7,1,36,2025-09-06,2026-02-13,3.67,6338.73,153377.51
2074,889,1,3,1,2025-04-25,2025-09-07,1.07,2525.77,46148.17
2075,1475,19,3,7,2025-08-21,2025-11-19,4.01,5655.15,93646.86
2076,1616,19,3,99,2025-07-08,2025-12-16,1.44,1316.89,60335.97
2077,1768,19,2,36,2025-11-08,2026-03-19,1.57,1568.13,42039.4
2078,1538,2,1,72,2025-02-02,2025-04-19,2.28,2499.49,59825.62
2079,641,1,2,25,2025-11-12,2026-04-24,10.14,11433.01,220657.64
2080,658,14,2,89,2025-10-19,2026-03-16,6.34,8441.16,177581.56
2081,131,1,2,88,2025-06-22,2025-12-10,1.22,1764.15,59432.12
2082,1569,20,3,10,2025-02-20,2025-05-24,1.14,1036.25,49680.57
2083,1144,20,3,35,2025-03-10,2025-06-16,3.01,2730.81,85614.81
2084,479,1,1,20,2025-05-15,2025-09-12,0.59,1075.88,24031.67
2085,781,1,2,75,2025-04-22,2025-08-26,1.11,1512.53,55064.22
2086,1682,20,2,40,2025-09-23,2026-03-03,2.8,3348.1,126752.56
2087,47,20,1,43,2025-10-20,2026-01-15,0.95,1149.45,35928.18
2088,23,1,3,92,2025-12-17,2026-06-06,3.94,9186.37,93106.36
2089,740,2,3,82,2025-06-20,2025-09-14,5.91,12028.28,149196.49
2090,401,16,2,28,2025-08-09,2025-10-30,4.08,7698.75,159583.16
2091,1074,2,2,80,2025-01-14,2025-05-28,2.08,3354.39,75413.96
2092,960,1,3,87,2025-04-17,2025-10-08,1.77,2715.06,65176.22
2093,476,23,2,38,2025-06-11,2025-09-23,4.89,10602.7,210461.77
2094,1431,19,2,69,2025-03-10,2025-06-15,1.03,1483.48,15440.51
2095,877,23,1,87,2025-07-04,2025-10-27,3.72,5227.97,89947.11
2096,1670,20,2,53,2025-05-09,2025-11-05,1.22,2530.38,29697.51
2097,375,1,1,4,2025-10-03,2026-03-22,1.28,2967.67,17750.75
2098,236,19,1,87,2025-10-05,2026-02-07,1.45,2417.84,25941.1
2099,15,19,2,8,2025-10-07,2026-02-15,4.39,9147.21,155160.11
2100,418,14,2,10,2025-09-17,2026-01-24,0.43,628.49,19541.46
2101,1096,1,2,63,2025-07-06,2025-10-19,2.1,3893.63,50519.98
2102,650,1,2,46,2025-06-15,2025-11-21,3.05,3762.69,84927.26
2103,1603,1,2,12,2025-11-11,2026-03-30,2.31,2841.64,85534.04
2104,1773,20,1,29,2025-08-04,2025-11-17,1.2,2822.41,40485.44
2105,153,2,3,42,2025-11-19,2026-02-03,1.4,2148.65,29771.24
2106,1008,1,1,6,2025-04-24,2025-07-27,0.55,1122.2,18432.42
2107,1358,2,3,93,2025-10-07,2026-03-05,1.9,1710.6,103193.97
2108,1602,1,2,3,2025-02-23,2025-07-24,0.45,614.82,11220.95
2109,527,19,2,56,2025-10-05,2026-02-17,2.92,4191.86,72216.66
2110,1354,23,3,46,2025-02-06,2025-05-04,9.46,14051,197570.65
2111,747,23,2,53,2025-06-10,2025-10-05,8.24,19379.47,354190.29
2112,39,19,3,2,2025-04-09,2025-10-03,2.58,5021.95,134931.2
2113,1800,19,2,42,2025-03-09,2025-06-14,5.52,8702.41,110705.57
2114,518,41,2,94,2025-11-19,2026-02-15,0.99,1783.85,18960.01
2115,758,14,1,76,2025-06-17,2025-10-21,0.45,992.6,12306.1
2116,786,14,2,50,2025-07-21,2025-10-29,1.29,2520.8,63931.15
2117,1155,1,3,84,2025-06-25,2025-10-08,0.55,495.89,27727.36
2118,1671,1,3,24,2025-06-17,2025-09-04,1.25,1551.39,15218.96
2119,1616,20,2,60,2025-09-05,2026-01-30,2.14,4973.42,93357.94
2120,1098,19,2,10,2025-08-25,2026-01-24,4.61,9068.42,207110.73
2121,682,19,2,79,2025-08-04,2025-10-29,6.93,11413.73,245718.15
2122,1070,1,2,89,2025-06-23,2025-10-15,3.13,6755.96,107645.82
2123,953,14,3,25,2025-06-15,2025-09-19,1.38,3054.13,65002.23
2124,1096,19,3,75,2025-04-22,2025-09-29,0.53,1186.45,22005.75
2125,375,20,2,98,2025-02-07,2025-07-18,1.53,3586.94,61953.55
2126,605,19,2,4,2025-03-09,2025-05-30,2.34,2667.36,85643.38
2127,1682,7,1,85,2025-03-02,2025-06-15,3.46,5661.5,187096.61
2128,1765,20,3,15,2025-03-20,2025-09-09,0.5,614.88,6710.84
2129,141,20,1,7,2025-11-05,2026-01-23,3.83,6802.56,135824.85
2130,1234,2,1,95,2025-07-06,2025-12-28,5.01,7690.99,91205.51
2131,1711,19,2,69,2025-02-04,2025-06-19,3.37,5310.02,152328.32
2132,116,2,3,74,2025-09-06,2025-12-07,7.1,16474.52,86473.63
2133,890,14,1,98,2025-07-20,2025-12-25,8.36,12615.05,236932.5
2134,431,20,1,71,2025-04-21,2025-08-02,2.11,1899.99,64066.49
2135,1238,19,3,8,2025-05-06,2025-10-31,0.57,1296.02,23045.21
2136,1712,1,3,29,2025-10-20,2026-03-16,2.06,4179.94,74375.59
2137,409,20,2,49,2025-06-12,2025-09-28,0.62,1237.55,9121.13
2138,1232,23,2,38,2025-02-12,2025-08-04,1.06,2127.31,33149.56
2139,410,23,1,32,2025-07-20,2025-11-02,5.6,10063.66,240786.49
2140,1366,16,3,90,2025-02-01,2025-04-30,10.63,16727.56,236595.95
2141,790,20,1,77,2025-07-21,2025-10-25,0.5,1106.14,9693.91
2142,970,2,1,66,2025-10-18,2026-02-28,2.85,6698.73,60321.19
2143,274,41,2,82,2025-07-23,2025-12-14,1.18,1253.51,22924.86
2144,1009,1,3,54,2025-05-06,2025-10-03,6.62,13643.42,191625.25
2145,119,41,3,69,2025-12-12,2026-04-02,2.13,3330.02,39089.78
2146,1052,2,2,3,2025-03-01,2025-06-19,0.51,657.21,20869.18
2147,1585,19,2,51,2025-10-06,2026-02-25,9.05,17548.97,266202.31
2148,1699,20,1,5,2025-05-04,2025-09-04,8.82,9102.55,257472.73
2149,162,19,3,99,2025-02-14,2025-05-07,1.67,1888.34,48473.29
2150,1694,1,1,68,2025-10-11,2026-01-01,1.43,1820.5,64798.72
2151,1201,19,2,85,2025-05-07,2025-09-03,7.23,8183.82,309082.88
2152,1528,2,1,45,2025-02-24,2025-06-03,5.22,8499.04,79891.13
2153,1062,19,1,23,2025-12-10,2026-03-11,3.26,3766.13,119422.81
2154,320,7,1,46,2025-05-10,2025-11-03,2.5,3924.51,106239.22
2155,892,23,2,92,2025-02-04,2025-07-14,2.02,2618.16,85254.8
2156,951,19,1,5,2025-04-19,2025-09-01,4.8,9337.86,142421.8
2157,720,20,1,72,2025-10-15,2026-02-09,0.49,781.17,23665.36
2158,1027,19,2,32,2025-07-04,2025-12-26,2.41,4163.38,31756.43
2159,1360,14,2,54,2025-11-13,2026-02-27,1.5,2246.5,51286.08
2160,1449,14,1,47,2025-06-05,2025-09-21,1.01,1248.15,28503.58
2161,107,1,3,59,2025-08-09,2026-01-07,1.88,2069.71,73763
2162,1200,1,1,46,2025-06-11,2025-11-30,8.32,12735.15,318147.9
2163,988,20,1,32,2025-05-13,2025-09-06,7.18,15629.84,214752.62
2164,1079,19,3,64,2025-09-02,2026-01-04,9.35,21302.33,371981.79
2165,1088,23,2,34,2025-11-03,2026-03-20,0.91,1963.17,13949.93
2166,1756,1,2,33,2025-02-05,2025-08-01,0.74,1116.72,9494.01
2167,947,2,1,43,2025-02-10,2025-06-06,1.59,2457.34,35824.85
2168,873,19,1,42,2025-11-15,2026-05-01,1.02,938.07,49783.19
2169,1306,20,3,37,2025-02-05,2025-05-29,1.29,3090.03,29724.07
2170,1741,7,3,43,2025-04-23,2025-08-26,2.75,6000.7,56033.35
2171,1751,7,3,94,2025-01-20,2025-04-08,2.01,3845.73,59230.29
2172,314,2,3,81,2025-10-17,2026-02-28,3.36,4204.03,62371.52
2173,188,20,3,30,2025-07-25,2025-10-25,0.41,856.59,7057.37
2174,1144,7,1,74,2025-06-10,2025-11-24,1.05,1894.03,43871.22
2175,397,19,2,80,2025-10-01,2026-03-03,1.36,2479.12,37205.96
2176,412,2,2,68,2025-04-20,2025-10-03,2.94,2992.29,140917.49
2177,18,20,2,8,2025-12-25,2026-06-23,1.28,2140.61,69153.42
2178,1446,20,2,58,2025-08-10,2026-02-06,3.69,3630.96,114236.61
2179,1529,2,1,93,2025-08-09,2026-02-01,8.66,8854.09,129943.69
2180,36,41,1,98,2025-10-05,2026-01-18,7.93,17019.05,429141.02
2181,1243,1,1,37,2025-06-07,2025-11-11,0.49,906.62,6146.5
2182,324,2,2,76,2025-02-09,2025-05-30,1.46,3342.2,21399.15
2183,1002,2,3,85,2025-01-15,2025-06-16,1.19,2200.37,55385.67
2184,948,19,2,26,2025-05-14,2025-08-03,1.57,2274.54,20516.07
2185,1264,14,1,99,2025-06-21,2025-11-18,0.84,1508.05,16802.02
2186,947,2,3,24,2025-10-11,2026-01-10,10.79,19966.66,288435.57
2187,752,2,2,26,2025-09-24,2026-01-07,0.67,1018.63,33372.16
2188,981,14,3,57,2025-11-03,2026-03-20,1.82,3445.86,99660.31
2189,72,14,3,81,2025-08-09,2026-02-05,3.31,5332.78,126237.48
2190,142,19,2,47,2025-10-02,2026-02-06,8.97,10448.33,210446.99
2191,537,1,2,41,2025-12-05,2026-03-15,8.94,16389.65,162307.94
2192,838,2,3,46,2025-09-18,2026-02-12,0.58,810.03,30843.58
2193,1440,19,2,6,2025-07-04,2025-12-02,2.76,2780.64,40808.89
2194,11,1,3,66,2025-10-04,2026-02-19,3.78,3591.04,94665.82
2195,1655,19,3,75,2025-05-10,2025-09-23,1.79,3025.73,54964.96
2196,723,19,2,40,2025-06-19,2025-11-04,5.58,9751.64,215049.03
2197,972,20,2,57,2025-11-12,2026-02-03,2.5,3663.08,119888.79
2198,1007,14,3,43,2025-10-03,2026-02-01,5.27,10107.81,267411.52
2199,1070,19,1,63,2025-02-25,2025-08-06,2.36,3173.53,78160.6
2200,1646,1,2,33,2025-04-12,2025-08-12,3.83,8751.51,68250.9
2201,1091,1,3,65,2025-12-19,2026-06-15,4.45,6565.82,190408.24
2202,1421,2,2,24,2025-10-17,2026-02-22,1.31,1484.89,59549.69
2203,738,19,2,10,2025-05-01,2025-10-02,2.81,6388.45,129686.62
2204,589,19,2,3,2025-06-22,2025-09-22,2.24,4331.22,57653.43
2205,1571,1,2,92,2025-06-15,2025-11-21,2.88,5144.39,54008.45
2206,1330,1,3,37,2025-03-05,2025-06-18,4.13,4366.32,79086.48
2207,483,16,2,96,2025-06-04,2025-11-04,1.2,2338.84,57849.14
2208,391,41,1,14,2025-12-24,2026-04-24,3.41,5597.96,151380.43
2209,1196,1,2,60,2025-08-03,2026-01-30,1.33,2990.99,72808.15
2210,309,14,1,98,2025-06-25,2025-09-30,4.27,5437.07,196070.71
2211,889,23,1,12,2025-02-19,2025-08-12,6.7,6863.15,115354.77
2212,1677,19,3,94,2025-08-19,2026-02-03,1,1264.28,50252.07
2213,117,19,2,64,2025-08-06,2025-12-10,0.95,2028.6,31418.64
2214,1572,1,2,62,2025-08-19,2026-01-04,1.59,2836.08,72110.3
2215,1648,19,3,9,2025-04-19,2025-09-06,2.73,3483.12,78794.37
2216,672,1,3,33,2025-08-06,2025-12-25,7.28,11513.16,153222.63
2217,1330,1,2,82,2025-05-25,2025-09-20,1.97,4330.64,32496.4
2218,1071,23,3,47,2025-11-12,2026-04-03,8.43,19638.67,399275.12
2219,772,2,3,15,2025-06-05,2025-09-25,7.78,12571.99,264717.44
2220,1721,20,2,71,2025-10-17,2026-01-15,0.49,955.76,6771.16
2221,525,2,1,88,2025-12-08,2026-03-27,9.83,18999.31,431095
2222,705,23,2,14,2025-09-08,2026-02-07,4.19,7421.19,216342.01
2223,1065,20,1,16,2025-01-08,2025-03-31,4.6,10952.34,209221.14
2224,610,19,1,26,2025-12-24,2026-05-05,5.86,6399.04,198202.95
2225,1558,19,1,36,2025-10-24,2026-03-26,1.79,2480.66,83584.53
2226,743,1,2,66,2025-01-23,2025-07-07,9.51,11464.31,391942.46
2227,1391,19,3,31,2025-12-20,2026-04-06,9.29,13333.08,305067.77
2228,1504,2,3,13,2025-05-06,2025-08-23,4.92,10650.01,92772.97
2229,323,2,2,11,2025-05-01,2025-08-04,1.54,1552.95,20701.53
2230,1249,1,3,58,2025-09-16,2025-12-11,6.62,11729.25,358410.37
2231,353,14,2,78,2025-06-24,2025-10-19,3.98,7618.34,71363.39
2232,181,2,1,89,2025-12-07,2026-03-12,0.91,1426.6,46756.86
2233,592,14,1,77,2025-03-12,2025-07-01,0.42,529.05,8895.71
2234,1680,41,3,96,2025-11-07,2026-03-17,0.77,1017.99,13458.94
2235,1711,1,2,34,2025-12-05,2026-02-27,7.03,13158.17,181350.41
2236,842,19,2,51,2025-03-12,2025-09-01,4.34,9883.27,230216.43
2237,209,20,1,4,2025-01-15,2025-05-06,1.98,4441.98,28766.67
2238,1690,1,3,37,2025-11-11,2026-04-18,0.68,1353.68,16633.24
2239,29,2,3,88,2025-05-01,2025-08-18,3.18,6877.34,39603.71
2240,395,7,2,32,2025-04-25,2025-09-25,0.77,1265.54,15492.98
2241,899,1,1,85,2025-12-15,2026-03-23,3.75,4465.1,127756.98
2242,28,19,3,89,2025-05-05,2025-09-13,3.49,6715.33,122596.55
2243,553,19,3,66,2025-12-20,2026-05-15,3.85,8854.32,159339.02
2244,546,14,2,45,2025-09-03,2026-01-28,2.44,2292.73,117301.57
2245,1686,1,2,38,2025-10-07,2026-03-06,2.94,2865.31,122320.06
2246,1303,14,3,98,2025-09-14,2026-03-06,1.72,2703.84,93818.48
2247,377,2,1,65,2025-11-03,2026-01-17,10.8,22804.03,355678.35
2248,939,14,2,86,2025-01-06,2025-05-24,4,4646.92,112431.12
2249,1522,1,3,21,2025-12-01,2026-04-28,4.7,6488.56,132037.92
2250,408,23,3,34,2025-10-17,2026-01-30,0.94,1748.32,33420.39
2251,484,19,1,12,2025-01-22,2025-04-18,0.68,1507.37,16382.41
2252,861,1,3,80,2025-02-18,2025-05-28,6.74,9858.02,208391.51
2253,1628,19,1,49,2025-02-19,2025-07-08,0.7,750.45,21515.39
2254,1343,19,3,26,2025-07-12,2025-10-07,1.4,3203.72,17324.3
2255,1223,19,2,74,2025-06-17,2025-10-11,2.17,3411.96,106203.19
2256,751,2,1,10,2025-12-20,2026-03-19,2.86,3893.16,79697.56
2257,417,14,3,38,2025-11-06,2026-03-13,2.55,5003.68,116672.74
2258,93,1,1,64,2025-03-13,2025-08-05,2.8,4595.22,80131.67
2259,1086,19,1,94,2025-03-06,2025-07-30,6,5875.78,307516.23
2260,1603,19,1,97,2025-06-06,2025-11-18,4.32,6876.83,166276.61
2261,1788,19,2,1,2025-12-15,2026-06-10,5.51,12390.72,250555.29
2262,1756,14,3,6,2025-07-05,2025-10-16,0.84,788.56,16625.42
2263,385,1,3,13,2025-10-17,2026-01-24,4.4,8055.69,100427.16
2264,405,14,1,30,2025-07-22,2025-10-06,1.78,4125.94,38232.62
2265,695,20,1,29,2025-02-23,2025-06-12,3.37,3534.11,99918.45
2266,1705,1,2,49,2025-02-16,2025-08-02,3.98,9376.26,76747.39
2267,893,19,2,68,2025-09-05,2026-01-31,3.55,4676.99,132870.78
2268,214,14,3,45,2025-07-11,2025-12-14,5.79,12984.8,183532.79
2269,1412,20,1,19,2025-03-18,2025-07-20,4.98,11155.13,180504.34
2270,1008,19,3,1,2025-10-21,2026-04-12,0.64,793.74,10623.83
2271,572,16,1,84,2025-10-11,2026-03-28,2.48,5064,87177.84
2272,750,19,2,15,2025-10-06,2026-01-14,2.86,3259.45,156003.86
2273,1282,20,1,73,2025-04-02,2025-09-12,1.29,2949.42,41099.17
2274,912,14,3,81,2025-01-14,2025-06-14,2.82,6652.74,127197.65
2275,468,20,3,85,2025-05-15,2025-10-01,2.21,3039.6,100518.56
2276,290,19,1,46,2025-07-22,2025-11-24,2.54,4974.91,120881.96
2277,1534,1,3,37,2025-05-01,2025-10-26,1.11,2309.83,41991.95
2278,851,19,1,41,2025-08-05,2026-01-30,2.89,5397.51,125856.76
2279,474,19,2,28,2025-02-07,2025-04-28,0.56,790.29,29885.43
2280,439,2,2,20,2025-01-05,2025-04-17,2.78,6418.38,110403.89
2281,1492,1,3,71,2025-02-17,2025-08-16,2.74,5422.3,85926.47
2282,1199,23,3,20,2025-02-08,2025-06-30,4.58,8695.09,211200.35
2283,276,1,1,59,2025-06-18,2025-11-03,2.75,5799.07,83061.27
2284,1356,1,3,71,2025-12-24,2026-04-02,9.44,13858.47,518531.61
2285,849,2,1,2,2025-07-10,2025-12-22,1.85,4035.73,64323.39
2286,1540,2,1,87,2025-03-15,2025-07-31,1.8,2115.86,75226.39
2287,320,7,1,43,2025-08-15,2025-11-30,1.11,1826.85,58549.14
2288,499,1,2,77,2025-07-24,2025-10-08,0.66,1503.31,13530.78
2289,1495,14,1,100,2025-06-13,2025-11-05,0.83,1654.03,31400.45
2290,693,1,2,15,2025-06-02,2025-09-02,7,10694.68,98936.07
2291,726,20,3,97,2025-01-08,2025-05-28,6.18,6460.12,249367.95
2292,43,1,3,30,2025-11-20,2026-03-19,7.89,14107.38,383065.34
2293,433,2,1,48,2025-09-25,2025-12-25,3.49,3597.58,138374.56
2294,622,19,2,77,2025-03-20,2025-09-02,2.88,2945.97,77360.07
2295,1387,20,2,95,2025-12-17,2026-06-07,3.69,6715.97,178176.87
2296,421,20,1,20,2025-01-15,2025-06-21,5.81,10694.85,157004.23
2297,1205,14,3,95,2025-02-05,2025-06-23,5.27,8014.62,229687.83
2298,429,20,3,62,2025-10-05,2026-01-05,3.45,6289.27,86014.64
2299,656,20,1,84,2025-05-07,2025-09-05,1.79,3520.66,32732.32
2300,1508,20,1,99,2025-07-24,2025-11-23,5.88,6676.82,164555.72
2301,1433,1,3,78,2025-05-23,2025-08-18,5.6,8813.52,222620.35
2302,919,1,1,96,2025-01-07,2025-04-26,3.13,5114.62,122494.47
2303,237,19,1,86,2025-06-23,2025-11-29,0.78,1622.64,38682.08
2304,329,2,3,50,2025-09-12,2025-12-08,1.16,1067.23,29659.38
2305,1562,1,1,79,2025-06-05,2025-10-02,1.45,3207.86,23231.98
2306,1782,1,2,37,2025-06-10,2025-09-06,7,8769.56,131666
2307,1141,14,3,33,2025-06-16,2025-09-15,5.33,6048.53,98259.29
2308,82,1,3,46,2025-01-17,2025-05-25,7.18,9139.87,215745.91
2309,1579,1,1,15,2025-03-05,2025-07-22,5.44,7808.48,203499.63
2310,1365,19,3,10,2025-08-01,2025-11-27,2.86,6090.36,111761.7
2311,450,20,1,34,2025-11-21,2026-04-03,4.88,6759,61799.14
2312,113,20,1,35,2025-03-07,2025-08-14,2.72,4996,60553.96
2313,1721,41,1,90,2025-08-18,2025-12-21,2.6,6072.42,92098.1
2314,1043,20,2,22,2025-09-10,2025-12-10,0.7,916.06,9482.96
2315,997,41,1,97,2025-02-24,2025-05-23,2.72,2614.06,89404.44
2316,760,20,3,34,2025-07-05,2025-10-09,4.92,6966.36,97766.15
2317,1519,16,2,2,2025-06-02,2025-09-11,3.07,6882.17,111456.95
2318,837,2,2,14,2025-11-09,2026-02-19,3.38,5581.07,168775.59
2319,759,20,2,35,2025-09-05,2026-01-26,2.18,3092.74,100937.89
2320,1161,2,2,79,2025-12-10,2026-05-21,2.37,5300.56,96142.37
2321,690,2,3,42,2025-07-23,2026-01-11,1.42,3031.04,29599.74
2322,48,14,2,69,2025-05-21,2025-09-29,2.13,2840.16,103901.95
2323,1725,14,3,34,2025-09-08,2026-02-06,4.12,9604.05,76239.5
2324,1705,19,3,85,2025-01-02,2025-05-26,1.62,3841.72,26351.18
2325,1540,19,1,97,2025-02-14,2025-07-10,0.64,643.64,15487.42
2326,1563,41,2,3,2025-03-01,2025-08-28,6.83,9073.25,143112.94
2327,58,1,2,72,2025-04-25,2025-08-10,5.7,12246.99,278585.75
2328,1650,20,3,1,2025-02-10,2025-06-14,0.94,1657.95,22921.95
2329,146,20,3,22,2025-04-01,2025-06-26,2.54,3829.3,74418.64
2330,1519,19,2,54,2025-12-19,2026-03-29,3.37,6307.83,137361.74
2331,471,14,1,29,2025-11-23,2026-03-24,5.62,8199.02,134346.98
2332,1539,1,1,82,2025-10-20,2026-04-17,3.24,7429.64,73394.87
2333,978,16,3,66,2025-08-25,2026-01-05,0.92,2003.76,13963.94
2334,659,1,2,36,2025-09-18,2025-12-31,3.68,7096.71,115444.42
2335,1509,20,2,13,2025-01-21,2025-06-07,0.47,602.95,18593.93
2336,877,23,3,21,2025-12-12,2026-03-04,4.12,7447.27,214847.83
2337,1279,7,3,43,2025-08-24,2025-12-10,1.46,2538.22,52842.15
2338,453,19,3,38,2025-03-21,2025-08-26,1.66,3062.81,34247.67
2339,1329,2,1,21,2025-01-25,2025-07-14,1.4,2151.92,60797.51
2340,497,14,2,45,2025-12-06,2026-03-27,2.01,2441.4,106629.07
2341,1627,20,2,55,2025-12-25,2026-04-08,0.48,446.14,19481.04
2342,1537,19,1,12,2025-11-02,2026-02-14,2.17,2644.82,111438.71
2343,1390,20,3,72,2025-10-07,2026-01-27,1.88,3017.77,57549.27
2344,849,2,3,83,2025-07-09,2025-12-11,1.81,3826.47,55227.01
2345,634,2,2,11,2025-04-22,2025-09-20,0.6,866.09,27870.07
2346,1623,7,2,58,2025-11-18,2026-04-16,1.27,1447.38,52615.65
2347,548,23,2,43,2025-07-13,2025-12-01,1.91,1959.11,89969.91
2348,1654,1,3,90,2025-07-01,2025-12-02,0.88,1198.36,41264.9
2349,610,20,2,45,2025-07-21,2025-10-27,4.6,5170.48,115140.78
2350,84,14,1,16,2025-07-03,2025-12-01,3.29,3368.44,161882.78
2351,528,19,2,45,2025-05-12,2025-07-30,5.1,6580.65,142777.59
2352,554,1,3,11,2025-04-05,2025-07-03,5.67,8367.45,143635.75
2353,1539,19,2,7,2025-03-03,2025-07-15,0.48,954.9,15510.76
2354,1411,1,1,38,2025-07-19,2026-01-11,6.21,10683.1,259138.14
2355,923,19,2,72,2025-08-10,2025-12-11,3.09,3507.07,43444.39
2356,1573,19,1,6,2025-07-23,2025-11-25,4.43,4432.55,139191.49
2357,16,19,1,10,2025-12-11,2026-05-18,5.11,8867.88,70492.77
2358,1476,1,3,92,2025-03-09,2025-07-04,1,1537.81,41036.86
2359,670,23,2,68,2025-09-19,2026-01-06,3.98,4542.35,55735.84
2360,517,41,1,54,2025-02-08,2025-06-18,4.79,8767.38,177035.28
2361,392,41,2,7,2025-01-10,2025-04-22,0.83,812.96,30475.71
2362,11,2,2,14,2025-09-21,2026-03-16,5.06,7615.56,143990.86
2363,1123,20,2,19,2025-03-22,2025-08-28,9.26,18375.19,437655.4
2364,1154,7,1,3,2025-10-09,2026-01-30,8.96,12072.41,265197.76
2365,1285,19,2,53,2025-09-19,2026-01-22,7.14,11784.39,188029.86
2366,781,19,1,100,2025-03-22,2025-07-30,1.03,2208.72,20382.26
2367,1357,2,1,92,2025-06-21,2025-12-18,3.2,6715.64,165861.29
2368,1525,1,3,70,2025-11-09,2026-04-13,7.11,8378.31,274858.85
2369,1730,7,3,63,2025-02-23,2025-07-30,1.73,3526.97,50814.42
2370,762,23,2,74,2025-03-24,2025-09-03,2.78,5963.35,53212.04
2371,159,20,1,31,2025-03-11,2025-07-25,3.04,6703.4,166498.81
2372,1595,20,3,8,2025-05-12,2025-11-05,1.79,2444.74,30861.07
2373,1705,2,2,69,2025-06-15,2025-12-11,10.88,19919.45,167031.42
2374,1572,19,3,41,2025-04-07,2025-07-12,2.78,3188.58,126084.35
2375,1732,1,3,26,2025-06-09,2025-10-08,2.12,4264.22,51923.28
2376,1642,19,2,96,2025-05-13,2025-10-01,2.62,4441.71,106148.1
2377,1492,19,1,46,2025-03-08,2025-06-07,1.38,1671.98,60685.12
2378,1724,1,2,73,2025-04-15,2025-09-14,0.7,903.3,33245.39
2379,1120,14,3,31,2025-11-11,2026-02-09,6.71,8192.05,255161.3
2380,1355,19,3,84,2025-04-06,2025-06-29,4.71,10404.6,98465
2381,1241,20,1,70,2025-01-01,2025-06-27,0.72,1265.76,33364.93
2382,1747,1,3,97,2025-09-10,2025-12-30,2.26,2948.58,39615.19
2383,1644,19,2,52,2025-06-23,2025-12-02,2.84,6156.96,91158.16
2384,1566,14,2,58,2025-07-04,2025-10-25,1.4,1333.07,34251.56
2385,35,20,3,53,2025-07-10,2025-10-14,1.27,1859.82,27277.76
2386,767,19,2,42,2025-09-24,2025-12-16,2.24,3339.52,50553.58
2387,965,2,2,32,2025-04-25,2025-10-18,1.52,3226.9,77774.41
2388,930,14,1,80,2025-11-22,2026-05-08,3.35,7969.75,144983.35
2389,1018,14,1,52,2025-12-19,2026-04-12,0.84,1618.99,13030.98
2390,705,23,3,70,2025-07-22,2025-12-07,1.21,2488.28,16058.33
2391,339,19,1,88,2025-06-05,2025-11-25,3.59,5884.54,141253.76
2392,97,2,2,24,2025-07-10,2025-11-17,2.25,3575.16,45628.61
2393,71,14,1,56,2025-12-11,2026-02-24,2.1,3913.55,43561.24
2394,784,41,3,13,2025-10-23,2026-04-15,1.66,1951.52,87446.09
2395,1193,19,2,26,2025-04-18,2025-07-05,3.13,3862.16,69517.08
2396,1378,19,2,47,2025-08-08,2025-12-22,5.27,12122.98,82626.58
2397,1111,19,1,7,2025-12-09,2026-04-09,0.77,1492.8,16901.77
2398,1732,2,1,29,2025-05-25,2025-10-12,1.06,1541.01,27714.61
2399,1571,19,3,36,2025-07-19,2025-10-10,1.9,4362.33,64378.87
2400,759,41,2,15,2025-04-07,2025-09-12,2.22,5179.95,99860.14
2401,719,20,3,82,2025-09-09,2026-02-17,5.79,12455.18,282717.03
2402,1376,1,3,23,2025-05-14,2025-09-29,7.87,8304.61,285079.89
2403,1011,7,2,85,2025-10-21,2026-03-21,2.35,4505.93,108160.57
2404,51,20,1,22,2025-10-06,2026-03-19,4.82,5578.95,71290.03
2405,1266,20,2,87,2025-03-04,2025-06-28,1.68,2704.9,86833.37
2406,672,20,2,54,2025-10-17,2026-04-01,6.22,11244.17,128803.15
2407,1197,19,3,62,2025-06-24,2025-11-26,7.59,13980.97,277295.72
2408,451,14,2,75,2025-06-05,2025-12-01,3.3,4463.27,113531.3
2409,156,23,1,10,2025-08-03,2025-10-18,9.22,20632.22,504072.19
2410,147,19,1,70,2025-04-16,2025-09-23,1,1873.63,54911.2
2411,1185,19,1,5,2025-07-23,2025-11-04,1.36,2022.53,57591.56
2412,1008,1,2,26,2025-04-11,2025-08-16,0.48,603.53,12683
2413,1790,41,3,17,2025-05-02,2025-08-21,7.18,12059.96,135742.39
2414,347,20,2,68,2025-10-13,2026-03-08,1.45,1474.49,46124.67
2415,1470,19,3,62,2025-07-14,2025-10-19,0.91,2025.81,44023.15
2416,28,19,2,38,2025-11-25,2026-03-14,6.36,14324.01,213399.46
2417,854,7,1,20,2025-06-11,2025-10-10,2.13,4472.32,49133.04
2418,1381,1,1,5,2025-04-09,2025-09-20,4.01,6238.35,166451.03
2419,601,2,2,85,2025-02-20,2025-06-04,5.52,8269.34,280628.73
2420,36,7,1,15,2025-03-08,2025-07-08,0.96,1918.52,38636.09
2421,1671,1,3,46,2025-01-24,2025-06-13,2.05,3365.3,79601.66
2422,1781,1,1,81,2025-09-21,2026-02-03,3.26,3933.8,153614.63
2423,1398,19,1,80,2025-07-12,2025-12-23,1.95,3593.22,51940.68
2424,1650,20,3,67,2025-05-13,2025-10-30,0.99,1092.32,20423.51
2425,494,1,1,50,2025-12-22,2026-05-08,2.94,6949.54,157677.06
2426,1487,19,1,56,2025-04-10,2025-07-05,1.93,1972.89,81346.14
2427,1029,19,1,94,2025-10-13,2026-01-21,2.24,4298.39,82307.14
2428,1794,1,2,38,2025-05-06,2025-09-25,5.1,11568.18,140483.38
2429,1249,1,2,68,2025-06-19,2025-12-05,5.69,5964.1,228253.92
2430,601,2,2,74,2025-03-16,2025-07-24,3.11,6659.03,106787.73
2431,678,1,3,6,2025-12-25,2026-03-26,1.1,1612.55,57957.05
2432,105,16,1,60,2025-08-25,2026-01-22,0.45,796.11,5749.62
2433,171,7,3,21,2025-01-16,2025-07-08,6.57,7891.92,301348.13
2434,520,20,1,100,2025-09-15,2026-02-08,1.07,1668.26,25238.89
2435,1607,41,3,40,2025-10-03,2026-01-09,1.86,2710.19,49005.69
2436,1209,2,2,67,2025-08-14,2025-11-02,10.53,22822.69,146813.99
2437,827,19,3,63,2025-07-10,2025-11-23,5.65,5821.82,189305.81
2438,708,23,3,60,2025-03-10,2025-06-01,1.27,1654.14,60878.92
2439,1213,2,3,4,2025-10-09,2026-04-05,1.52,2753.54,60678.83
2440,1147,1,3,92,2025-11-12,2026-01-29,9.82,11737,457834.1
2441,1482,1,2,5,2025-05-10,2025-09-08,3.23,3940.93,98370.67
2442,14,41,3,89,2025-07-11,2025-12-21,3.58,4044.33,67215.17
2443,1688,19,1,80,2025-06-15,2025-09-29,5.74,9273.28,235552.65
2444,1116,7,2,31,2025-08-23,2025-11-20,4.57,6047.04,155042.73
2445,345,1,1,38,2025-03-20,2025-08-22,1.34,1767.06,73141.61
2446,228,19,1,87,2025-02-10,2025-05-10,1.88,4022.51,94901.58
2447,970,1,3,87,2025-12-18,2026-03-17,5.56,6904.25,92372.05
2448,454,20,1,18,2025-12-11,2026-03-21,4.34,4056.07,108954.85
2449,1454,14,3,9,2025-03-25,2025-08-02,1.14,2580.87,35251.92
2450,306,1,3,97,2025-12-11,2026-05-09,1.75,1804.04,52534.4
2451,1732,1,2,37,2025-04-08,2025-07-11,1.55,2424.49,39569.21
2452,141,20,2,57,2025-01-18,2025-07-02,9.12,10466.71,117601.47
2453,757,14,3,95,2025-04-17,2025-07-15,7.7,12623.69,269297.69
2454,1520,16,3,3,2025-12-14,2026-03-27,3.17,7593.45,75578.41
2455,1100,19,2,86,2025-07-13,2025-10-10,1.99,3616.59,93659.34
2456,1662,19,3,4,2025-10-16,2026-04-02,0.98,1294.61,48822.73
2457,684,1,2,4,2025-05-07,2025-07-25,1.09,1717.2,54324.48
2458,972,1,2,48,2025-06-14,2025-11-04,1.09,1663.82,35645.71
2459,370,20,2,94,2025-12-02,2026-05-08,0.42,428.18,15635.39
2460,1672,20,3,47,2025-06-12,2025-11-21,3.93,5252.14,191220.15
2461,1170,14,1,27,2025-04-11,2025-07-16,1.12,1344.35,18483.35
2462,247,7,3,16,2025-09-19,2026-01-30,2.12,2690.49,85698.15
2463,532,1,3,8,2025-02-01,2025-07-15,1.27,1371.61,45802.73
2464,1740,19,3,61,2025-12-16,2026-04-14,6.06,7503.75,188002.71
2465,1699,19,3,22,2025-02-11,2025-04-29,4.71,11286.21,103906.97
2466,1018,14,1,14,2025-10-11,2026-04-08,3.78,5420.2,181643.51
2467,1670,20,1,10,2025-05-13,2025-10-27,1.44,1545.38,39925.63
2468,22,19,2,73,2025-03-06,2025-08-21,2,2754.01,105439.85
2469,615,14,1,58,2025-07-19,2025-11-09,6.42,12173.09,143746.41
2470,1751,7,3,68,2025-11-12,2026-01-31,2.95,3281.64,76859.79
2471,1153,20,3,53,2025-08-10,2025-11-23,4.56,8593.02,125014.6
2472,403,1,3,75,2025-05-07,2025-08-13,0.46,457.92,17710.52
2473,1259,20,2,80,2025-04-19,2025-07-26,10.26,23204.22,446367.21
2474,1168,1,1,18,2025-12-12,2026-03-26,3.76,8497.82,111753.38
2475,1446,20,3,27,2025-05-14,2025-11-01,4.19,4615.3,75915.4
2476,1385,20,1,51,2025-02-22,2025-08-11,1.64,3417.62,48271.21
2477,1024,19,2,12,2025-08-21,2025-12-17,2.19,3754.64,84068.03
2478,509,41,3,52,2025-10-25,2026-04-19,0.91,1779.16,17271.56
2479,1224,20,2,76,2025-11-23,2026-05-17,4.27,9804.02,142167.1
2480,605,2,1,78,2025-08-17,2026-01-01,2.11,3216.59,56929.22
2481,942,2,3,4,2025-02-20,2025-08-13,10.23,10554.31,405256.81
2482,1395,19,3,23,2025-08-09,2026-01-06,3.69,7307.77,120685.18
2483,804,19,1,92,2025-09-02,2026-01-26,3.85,6215.34,182063.94
2484,896,2,1,83,2025-10-17,2026-01-28,8.53,13431.95,287497.2
2485,1320,19,1,20,2025-11-09,2026-03-27,4.2,5469.32,101092.58
2486,476,23,1,55,2025-01-01,2025-04-27,1.26,1751.22,39560.9
2487,1463,1,3,61,2025-12-23,2026-04-23,2.41,3713.21,94414.44
2488,1755,1,1,72,2025-10-05,2026-02-13,3.13,5248.53,159521.92
2489,1769,23,2,87,2025-11-05,2026-04-17,4.7,4707.34,73124.59
2490,1134,16,3,57,2025-11-02,2026-02-16,0.63,666.69,18276.55
2491,57,2,1,50,2025-01-05,2025-05-20,4.24,6991.78,171952.09
2492,1069,19,3,91,2025-04-17,2025-07-23,1.26,2603.97,24445.26
2493,842,20,1,59,2025-09-13,2025-12-28,1.61,3560.85,21923.13
2494,1615,23,2,59,2025-02-07,2025-07-23,2.09,2308.72,64059.04
2495,1128,2,3,33,2025-08-07,2025-12-30,1.75,2906.26,33175.7
2496,168,1,1,50,2025-10-21,2026-01-07,3.12,6779.64,91509.77
2497,97,20,3,18,2025-04-20,2025-08-26,3.75,8809.51,114748.84
2498,866,19,3,26,2025-09-03,2025-12-10,0.87,1954.3,47608.45
2499,58,19,3,3,2025-09-04,2026-02-24,4.23,6051.83,200377.15
2500,157,14,1,100,2025-12-03,2026-04-24,4.92,7126.39,156779
2501,1747,14,3,22,2025-09-24,2025-12-30,2.17,5134.67,52893.26
2502,1624,14,1,78,2025-06-05,2025-10-30,1.03,1690.52,18325.85
2503,1364,20,1,85,2025-01-23,2025-06-02,0.86,1273.18,32827.56
2504,1728,19,3,88,2025-04-08,2025-07-06,2.87,6823.34,53571.32
2505,758,19,1,95,2025-11-22,2026-04-08,4.35,9541.46,93343.32
2506,521,23,3,15,2025-06-02,2025-09-08,1.57,3237.18,28181.83
2507,1363,20,1,45,2025-10-15,2026-03-22,1.78,2747.61,68558.86
2508,621,16,1,7,2025-11-11,2026-01-29,0.9,1546.82,44910.85
2509,746,20,1,4,2025-01-20,2025-05-17,4.16,4284.04,69016.79
2510,337,1,1,24,2025-03-24,2025-08-28,1.97,4070.71,94544.65
2511,1183,1,2,63,2025-08-08,2026-01-17,0.43,868.55,8357.86
2512,1678,1,3,53,2025-10-13,2026-01-09,7.65,8546.08,365053.98
2513,459,1,1,23,2025-07-20,2026-01-01,2.52,4916.75,105173.14
2514,561,1,1,75,2025-11-14,2026-02-03,2.28,4776.48,38409.05
2515,1025,1,2,33,2025-01-18,2025-06-09,8.07,14550.9,424964.39
2516,408,14,2,15,2025-12-13,2026-05-01,1.43,2268.33,24747.86
2517,741,14,3,67,2025-10-04,2026-01-09,1.26,1194.05,45652.86
2518,1629,1,1,52,2025-01-01,2025-06-09,1.62,3705.42,28444.34
2519,712,19,1,57,2025-09-24,2025-12-14,2.1,3743.98,96542.61
2520,620,2,3,26,2025-11-15,2026-01-31,6.21,12989.69,103010.88
2521,209,20,3,45,2025-02-16,2025-05-15,0.71,1479.8,8841.16
2522,260,1,1,42,2025-07-24,2025-12-15,4.8,5314.8,73326.71
2523,1437,2,2,52,2025-06-09,2025-10-25,0.91,1137.44,13687.3
2524,51,20,2,29,2025-11-09,2026-02-06,0.86,1991.88,28061.17
2525,719,20,1,31,2025-03-23,2025-09-03,2.17,3218.65,28376.28
2526,1057,7,1,83,2025-05-09,2025-10-24,5.76,6024.91,310353.17
2527,1695,2,3,23,2025-10-15,2026-03-21,5.42,6300.67,253841.91
2528,63,16,3,25,2025-02-16,2025-06-16,6.55,11956.65,102659.86
2529,1338,1,3,6,2025-12-14,2026-06-06,2.16,3439.02,102360.71
2530,1749,20,3,61,2025-02-21,2025-08-04,0.78,864.64,16348.49
2531,467,1,2,8,2025-06-02,2025-09-27,5.49,5179.54,106287.2
2532,381,19,2,53,2025-07-17,2026-01-07,4.64,10049.02,145834.57
2533,762,1,2,87,2025-03-01,2025-07-12,2.85,6629.39,151108.67
2534,603,23,3,94,2025-08-18,2025-12-09,4.25,10164.83,134193.71
2535,1336,16,3,6,2025-10-07,2026-02-15,3.72,4429.02,182518.92
2536,1227,20,1,39,2025-02-20,2025-05-14,2.55,5403.04,117985.15
2537,108,14,2,95,2025-10-06,2026-03-12,6.92,14235.55,162049.52
2538,87,23,3,96,2025-08-23,2025-12-24,0.72,1252.1,20163.72
2539,1692,14,1,6,2025-04-04,2025-07-12,0.89,867.02,17964.57
2540,1389,14,1,93,2025-09-11,2025-11-25,4.76,7801.74,186192.13
2541,629,19,3,19,2025-07-02,2025-09-22,1.4,2028.97,59160.8
2542,213,14,1,97,2025-08-05,2025-11-21,2.82,2663.17,131421.3
2543,1211,1,3,77,2025-08-17,2026-01-03,5.87,8510.75,130878.3
2544,1501,41,3,83,2025-03-10,2025-06-18,2.27,3938.99,90827.51
2545,298,19,2,84,2025-03-19,2025-07-18,2.96,4132.69,78083.57
2546,1135,23,3,6,2025-01-14,2025-04-17,5.25,7975.48,90572.89
2547,1138,19,2,55,2025-07-11,2025-09-26,5.22,7700.46,121499.66
2548,1085,2,2,7,2025-03-17,2025-06-02,7.97,13442.33,177053.36
2549,972,20,2,97,2025-04-09,2025-06-27,1.29,2169.47,63016.63
2550,745,1,1,42,2025-11-07,2026-01-28,5.08,9002.04,189046.88
2551,701,19,3,37,2025-06-04,2025-11-02,6.62,8131.94,153528.84
2552,249,1,1,53,2025-09-12,2025-12-14,0.56,1027.54,24008.79
2553,67,1,3,12,2025-11-08,2026-03-09,3.91,5331.92,190187.41
2554,1500,14,1,15,2025-07-21,2025-10-05,2,3961.83,104304
2555,786,19,1,96,2025-03-06,2025-06-29,1.59,1975.13,84726.63
2556,1270,19,1,43,2025-04-25,2025-10-10,5.59,9177.84,75016.57
2557,1550,20,3,4,2025-01-07,2025-06-15,2.13,4256.99,95020.95
2558,916,16,3,71,2025-03-08,2025-07-23,4.46,7873.11,205781.4
2559,1083,2,2,16,2025-12-13,2026-04-08,2.74,2969.44,104840.62
2560,1158,19,1,23,2025-02-13,2025-06-18,9.53,10099.83,368860.12
2561,8,23,2,84,2025-02-11,2025-07-28,3.52,5610.51,117640.73
2562,1038,19,2,80,2025-07-13,2025-10-10,9.08,15383.55,430351.7
2563,1105,20,2,34,2025-01-18,2025-04-14,4,5622.16,218884.61
2564,48,23,1,74,2025-11-09,2026-04-25,2.93,4760.04,147100.61
2565,256,20,1,2,2025-06-05,2025-08-25,9.74,21585.9,147969.45
2566,30,19,1,52,2025-07-06,2025-10-11,1.7,2817.06,64283.81
2567,1737,20,1,93,2025-09-16,2026-03-03,6,12733.94,92282.85
2568,1315,19,3,38,2025-02-05,2025-05-18,2.25,3020.74,93232.34
2569,1047,20,2,16,2025-03-11,2025-08-08,2.63,5550.29,139409.15
2570,1536,41,2,33,2025-09-17,2025-12-07,1.14,2349.06,24306.34
2571,434,1,2,83,2025-07-05,2025-11-06,3.09,3756.98,96961.31
2572,298,19,2,26,2025-01-22,2025-04-27,1.52,2845.88,82521.98
2573,25,20,2,91,2025-11-02,2026-01-30,8.51,8686.15,337191.03
2574,365,1,2,50,2025-08-04,2025-12-27,5.28,8974.37,85870.24
2575,101,20,3,1,2025-04-02,2025-09-15,6.86,6898.45,324315.39
2576,17,16,2,85,2025-02-22,2025-05-13,4.33,9381.97,125191.52
2577,199,2,2,96,2025-06-12,2025-10-19,1.48,2449.66,32914.05
2578,1016,19,1,43,2025-03-17,2025-09-06,1.43,1933.46,56292.33
2579,24,1,1,13,2025-09-05,2026-01-08,7.65,15750.23,130573.82
2580,763,19,1,20,2025-06-07,2025-09-21,4.94,7988.03,220110.3
2581,1392,1,2,28,2025-06-22,2025-10-24,2.83,6562.03,129498.92
2582,946,19,2,68,2025-11-12,2026-03-22,3.22,4590.18,165295.61
2583,358,14,1,3,2025-11-24,2026-02-28,6.01,13126.55,203994.8
2584,714,20,1,97,2025-02-24,2025-07-25,0.57,1293.11,28806.8
2585,1690,1,2,100,2025-11-24,2026-04-04,3.25,3159.5,123006.94
2586,206,19,1,42,2025-11-02,2026-03-23,3.15,5562.97,142331.43
2587,1399,19,2,16,2025-05-05,2025-08-27,1.02,1658.55,37876.02
2588,1297,1,2,87,2025-12-02,2026-03-29,2.44,3539.56,103948.46
2589,1096,19,1,13,2025-03-01,2025-07-22,0.56,972.55,28843.62
2590,853,7,1,57,2025-08-19,2026-01-08,4,7595.47,162760.25
2591,1295,20,2,18,2025-09-14,2026-02-28,0.88,2078.57,46435.59
2592,286,1,1,84,2025-01-14,2025-04-07,1.07,1976.62,24548.68
2593,1329,1,3,20,2025-12-09,2026-04-22,0.45,733.86,16756.38
2594,1330,2,3,10,2025-09-09,2025-12-05,3.72,8073.65,129776.12
2595,677,1,3,20,2025-08-25,2026-01-21,0.58,1062.24,19856.8
2596,321,1,3,63,2025-09-02,2025-12-27,0.77,1487.85,14694.62
2597,244,2,3,44,2025-02-11,2025-05-01,2.36,4238.76,114477.67
2598,1089,19,3,73,2025-12-04,2026-04-13,0.43,693.84,9251.91
2599,811,19,1,45,2025-03-19,2025-08-18,3.72,6515.03,91308.1
2600,810,20,3,24,2025-01-23,2025-07-13,0.84,919.09,10402.43
2601,977,19,3,64,2025-07-19,2025-10-03,6.3,7410.89,149119.28
2602,1084,2,1,54,2025-06-18,2025-11-01,3.23,5217.4,140370.19
2603,1082,2,3,3,2025-05-23,2025-09-29,0.91,1625.61,27478.22
2604,1721,20,1,8,2025-10-11,2026-03-19,2.5,4151.29,105718.7
2605,430,19,3,25,2025-08-10,2025-10-24,1.54,2068.1,52773.87
2606,310,14,3,87,2025-08-20,2025-12-09,0.53,504.44,11144.3
2607,1223,20,2,1,2025-05-20,2025-08-09,1.11,1988.45,27061.95
2608,1775,1,1,35,2025-10-15,2026-01-30,1.07,1317.68,20939.81
2609,1287,20,3,88,2025-03-15,2025-08-02,3.74,5171.49,61758.27
2610,1331,14,2,24,2025-05-24,2025-08-24,7.15,12364.11,351326.35
2611,104,1,2,99,2025-03-15,2025-08-28,0.55,857.47,22890.51
2612,1650,19,2,4,2025-08-15,2026-01-01,2.53,4352.35,88961.47
2613,112,7,2,29,2025-03-09,2025-07-16,0.9,1756.06,20048.68
2614,1409,1,1,71,2025-08-02,2026-01-10,3.24,3415.5,129609.58
2615,277,23,3,73,2025-03-07,2025-08-04,6.29,6239.48,272939.01
2616,774,41,2,83,2025-07-01,2025-11-19,6.44,9898.93,330264.3
2617,414,1,3,67,2025-08-19,2025-12-11,1.72,1743.6,53354.15
2618,791,2,3,89,2025-09-02,2026-02-01,1.31,1752.16,63427.72
2619,844,2,1,70,2025-08-03,2025-12-03,1.56,3694.82,79467.89
2620,514,1,2,38,2025-08-15,2025-11-30,1.43,1876.49,73181.76
2621,773,20,2,95,2025-02-06,2025-06-10,1.35,2809.13,42318.6
2622,1290,2,1,40,2025-07-18,2025-11-28,5.17,8882.61,149092.74
2623,430,20,2,30,2025-08-23,2025-11-10,2.49,5553.42,57230.63
2624,1519,16,1,94,2025-11-10,2026-03-08,2.29,3016.21,113311.61
2625,140,1,2,40,2025-02-07,2025-07-17,1.19,2283.07,23413.76
2626,543,2,3,82,2025-07-18,2025-11-03,1.91,4201.3,28243.05
2627,731,23,1,52,2025-09-11,2026-01-11,4.06,9349.59,141193.36
2628,1339,19,2,61,2025-09-01,2025-11-20,1.69,1991.64,77402.21
2629,124,19,3,38,2025-06-21,2025-09-09,9.5,11771.13,399211.97
2630,1726,19,3,95,2025-02-13,2025-05-25,1.52,2394.81,26241.24
2631,962,20,2,99,2025-05-25,2025-09-20,0.79,1871.26,18378.98
2632,1590,14,1,14,2025-11-03,2026-04-18,2.81,5013.37,118374.36
2633,255,20,2,58,2025-02-06,2025-06-02,1.35,1567.67,58684.92
2634,1663,19,2,66,2025-10-03,2026-02-25,0.85,1186.98,25414.15
2635,599,1,3,7,2025-09-22,2026-02-06,1.85,1679.58,65422.32
2636,468,2,1,15,2025-04-24,2025-10-20,4.44,10647.53,209374.8
2637,69,41,2,25,2025-10-17,2026-02-04,3.38,3937.32,55487.88
2638,16,19,3,45,2025-03-24,2025-07-03,2.77,5888.83,54573.25
2639,291,14,1,36,2025-12-19,2026-03-29,3.63,5952.4,195056.06
2640,623,20,2,40,2025-03-06,2025-06-03,5.87,8050.23,81325.61
2641,631,14,3,1,2025-06-07,2025-11-01,4.96,4964.38,90258.19
2642,511,20,2,41,2025-03-10,2025-07-02,5.32,5455.5,123303.42
2643,1363,7,3,94,2025-09-18,2026-01-25,4.88,7251.96,263577.53
2644,437,14,1,10,2025-12-17,2026-06-02,1.89,2450.23,90672.25
2645,1743,20,1,49,2025-12-21,2026-03-11,3.76,5602.73,204383.92
2646,1637,14,3,46,2025-10-23,2026-02-03,5.09,9851.36,80100.88
2647,1738,41,3,91,2025-09-20,2026-01-04,1.63,1585.66,26053.38
2648,1164,2,1,73,2025-08-02,2025-12-24,1.61,2021.38,45271.01
2649,1236,41,1,67,2025-01-18,2025-07-15,2.4,3309.59,92586.97
2650,1588,1,2,55,2025-04-14,2025-07-31,3.19,5431.69,145212.89
2651,1181,19,2,6,2025-05-23,2025-09-01,0.91,1926.59,46437.21
2652,1611,19,1,63,2025-08-21,2025-11-25,0.93,1565.8,39463.36
2653,1119,14,1,86,2025-10-03,2026-01-31,3.42,3683.54,45046.06
2654,1564,20,2,15,2025-12-23,2026-04-24,1.21,1293.42,21669.03
2655,1232,23,1,26,2025-06-13,2025-10-01,7.28,11947.23,117633.16
2656,31,2,1,2,2025-01-03,2025-05-30,2.5,2614.11,86208.16
2657,1729,1,1,22,2025-02-24,2025-08-07,9.89,19172.13,394308.91
2658,289,20,2,84,2025-05-10,2025-10-05,0.56,746.61,14754.37
2659,395,20,1,73,2025-12-23,2026-04-01,0.81,989.18,23911.59
2660,1097,2,1,25,2025-05-24,2025-10-13,1.43,1597.25,65800.3
2661,801,2,2,98,2025-12-08,2026-05-20,0.43,589.61,16996.68
2662,234,41,2,35,2025-04-13,2025-10-01,2.38,4834.06,124496.3
2663,984,1,2,14,2025-12-03,2026-03-10,8.99,9728.13,378304.7
2664,700,19,1,36,2025-11-18,2026-02-26,3.8,8255.17,72122.48
2665,1761,20,3,50,2025-04-05,2025-07-08,4.32,6577.72,102221.93
2666,185,20,1,48,2025-06-09,2025-11-15,5.16,11896.95,255661.08
2667,695,7,2,97,2025-09-10,2026-01-24,8.8,13240.77,450382.17
2668,1782,1,3,27,2025-09-10,2025-12-12,6.83,14344.94,144766.24
2669,1114,1,3,60,2025-11-15,2026-03-06,5.38,11554.84,197105.44
2670,28,19,3,5,2025-08-17,2026-02-05,1.56,3677.25,78265.36
2671,1022,19,1,48,2025-08-19,2025-12-05,7.06,16930,296963.11
2672,645,23,3,7,2025-08-20,2026-02-07,4.58,8960.08,120770.52
2673,634,2,3,51,2025-09-07,2026-01-19,1.12,2210.37,55089.59
2674,532,1,3,31,2025-12-17,2026-04-15,1.01,1390.34,12747.36
2675,1395,19,2,53,2025-10-01,2026-03-12,3.89,4401.38,124817.35
2676,191,14,2,23,2025-06-10,2025-09-03,3.22,3519.18,85885.95
2677,172,41,1,66,2025-09-23,2026-03-14,3.69,8577.94,77018.87
2678,355,1,1,3,2025-06-07,2025-11-27,1.36,1844.69,44070.13
2679,1787,1,3,40,2025-04-19,2025-07-11,2.12,2787.37,48570.49
2680,610,16,3,85,2025-06-12,2025-11-07,4.4,6441.64,56258.15
2681,1534,2,2,52,2025-08-15,2026-01-28,1.04,1404.79,20369.21
2682,839,1,3,92,2025-06-10,2025-11-03,1.67,2970.68,90174.95
2683,971,20,2,56,2025-06-01,2025-11-20,0.48,828.05,23947.85
2684,731,23,3,19,2025-11-19,2026-05-11,1.48,2875.18,34894.5
2685,310,14,1,90,2025-12-09,2026-05-27,0.58,1220.9,25179.76
2686,1423,20,3,5,2025-10-24,2026-04-05,3.55,4003.89,113346.87
2687,464,41,1,25,2025-05-24,2025-11-10,2.29,2540.05,96562.07
2688,1598,19,2,7,2025-03-01,2025-07-01,5.21,8294.51,156547.62
2689,464,20,2,17,2025-12-19,2026-03-23,3.68,3785.87,108498.55
2690,470,1,1,34,2025-07-25,2026-01-05,3.11,3296.24,155714.35
2691,1262,16,1,64,2025-01-11,2025-05-05,6.71,15459.41,107448.79
2692,1430,23,1,75,2025-03-20,2025-06-28,1.36,2644.91,56655.77
2693,885,20,3,90,2025-08-15,2026-01-05,2.48,5898.67,108550.67
2694,673,20,1,38,2025-05-24,2025-11-19,8.58,7811.82,457274.11
2695,1517,14,3,39,2025-04-15,2025-07-10,1.14,1431.5,53458.02
2696,1078,20,1,19,2025-01-25,2025-04-15,1.74,3041.36,42122.94
2697,325,23,3,66,2025-01-04,2025-04-14,7.03,15431.01,290270.03
2698,782,19,2,35,2025-08-03,2025-12-17,1.08,1749.04,20169.44
2699,1172,14,2,74,2025-08-13,2026-01-26,10.36,10145.5,309076.12
2700,1583,14,1,2,2025-06-04,2025-11-09,10.38,22016.04,209436.45
2701,26,20,1,90,2025-09-13,2026-02-02,6.45,11067.3,145311.71
2702,1406,19,3,61,2025-12-06,2026-04-26,1.48,3199.32,53190.82
2703,123,19,3,66,2025-03-18,2025-06-23,3.16,3493.4,135639.47
2704,310,19,1,93,2025-07-04,2025-09-20,1.03,1630.86,46137.28
2705,146,20,1,18,2025-11-12,2026-02-11,5.57,11848.97,96145.35
2706,1036,20,3,54,2025-04-15,2025-07-16,7.45,14795.15,240049.21
2707,1551,23,2,59,2025-06-20,2025-09-06,2.55,4229.37,95766.22
2708,337,1,1,21,2025-11-10,2026-03-22,2.3,3814.74,54992.67
2709,568,19,2,8,2025-07-09,2025-11-15,4.14,6188.85,165597.64
2710,530,20,2,67,2025-08-12,2026-01-30,2.01,4724.98,85643.27
2711,1182,2,3,55,2025-09-16,2026-03-12,3.38,3083.8,97155.1
2712,860,19,1,97,2025-01-23,2025-05-02,2.41,3981.3,93332.38
2713,640,1,3,87,2025-12-01,2026-04-03,1.89,1797.68,65890.31
2714,127,20,3,59,2025-04-06,2025-07-22,1.09,1247.07,25831.8
2715,702,1,3,97,2025-04-18,2025-09-06,10.09,15391.84,363770.52
2716,509,41,3,52,2025-04-06,2025-07-14,7.32,8047.37,103391.62
2717,1628,19,3,88,2025-12-23,2026-04-25,1.06,1584.33,17964.08
2718,143,19,2,95,2025-11-17,2026-04-10,0.55,1133.09,7355.95
2719,1693,41,1,27,2025-06-06,2025-09-03,4.08,4726.95,68564.06
2720,812,20,1,99,2025-10-25,2026-03-10,8.78,8521.09,258592.98
2721,365,23,3,23,2025-06-17,2025-11-20,0.42,672.36,5990.15
2722,269,41,2,21,2025-10-01,2026-02-19,4.3,7981.99,65862.73
2723,1389,23,2,83,2025-06-18,2025-10-11,4.63,7113.4,70152.15
2724,25,7,2,76,2025-02-23,2025-08-05,3.66,4448.64,181647.56
2725,417,19,3,88,2025-06-03,2025-10-06,3.44,7469.84,177338.9
2726,1435,1,1,46,2025-03-23,2025-09-10,1.07,1260.23,36971.03
2727,604,1,1,3,2025-09-02,2025-12-14,2.48,4017.5,120750.48
2728,410,1,1,86,2025-10-18,2026-02-21,5.82,9620.37,235659.58
2729,175,20,2,23,2025-07-06,2025-10-22,2.04,1974.24,41476.9
2730,500,1,3,29,2025-05-10,2025-08-28,3.72,5726.4,51083.9
2731,290,20,1,52,2025-04-05,2025-08-09,2.61,2885.92,89008.57
2732,900,2,1,3,2025-09-06,2025-12-03,6.03,7557.85,330293.02
2733,908,1,1,63,2025-05-19,2025-09-19,0.63,1045.56,12483.78
2734,163,41,1,92,2025-04-04,2025-06-21,1.01,1542.59,16715.45
2735,903,1,3,61,2025-08-04,2025-11-03,3.93,3551.63,193725.13
2736,465,19,3,70,2025-05-18,2025-08-07,5.84,12788.89,236333.64
2737,677,23,1,31,2025-10-16,2026-01-17,2.38,3651.41,42511.81
2738,1456,1,2,53,2025-11-05,2026-01-30,1.19,2787.51,16121.6
2739,902,1,3,18,2025-02-24,2025-07-31,0.95,1223.89,50585.17
2740,123,16,2,38,2025-03-14,2025-06-05,1.26,2941.35,45701.63
2741,538,1,2,19,2025-04-12,2025-07-24,1.2,1503.15,55662.44
2742,1084,2,2,91,2025-11-16,2026-04-28,0.78,1487.87,9536.67
2743,1495,19,2,63,2025-04-25,2025-09-10,0.84,1500.07,18051.59
2744,582,14,1,96,2025-11-10,2026-03-31,0.6,1428.23,26229.96
2745,1496,14,1,81,2025-11-09,2026-01-28,5.77,8406.45,116370.81
2746,1279,41,3,91,2025-01-11,2025-03-27,1.32,2586.28,71725.36
2747,1726,19,1,55,2025-09-08,2026-01-29,1.82,3857.07,80233.31
2748,1780,14,3,40,2025-11-04,2026-04-10,6.09,13081.54,299426.44
2749,894,1,2,45,2025-07-18,2025-12-24,10.08,23738.16,124319.18
2750,1455,20,3,77,2025-03-11,2025-07-13,4.93,6553.74,166639.02
2751,368,14,2,82,2025-04-20,2025-09-08,0.44,702.88,10748.7
2752,1245,1,3,70,2025-06-10,2025-10-01,1.66,1971.57,21254.27
2753,854,20,3,26,2025-02-20,2025-08-19,0.89,1477.95,15666.92
2754,181,1,1,23,2025-07-02,2025-10-13,2.06,4788.26,64966.52
2755,1238,2,3,30,2025-04-23,2025-07-23,2.67,5579.26,63627.13
2756,1318,14,2,68,2025-01-19,2025-07-08,1.19,2769.04,52873.75
2757,1581,2,1,51,2025-02-08,2025-06-17,2.2,2679.66,100607.26
2758,840,1,2,46,2025-06-17,2025-10-20,4.09,7471.41,148193.85
2759,764,19,2,25,2025-03-08,2025-06-11,4.53,10547.97,111136.37
2760,527,19,2,73,2025-11-21,2026-05-01,3,3873.36,156251.46
2761,104,1,1,89,2025-11-19,2026-02-05,0.54,1200.34,28615.95
2762,636,19,2,95,2025-11-24,2026-02-09,8.33,10177.89,304361.46
2763,176,7,1,14,2025-08-02,2025-12-03,5.2,9095.05,221611.87
2764,1759,20,1,3,2025-09-18,2026-01-15,0.66,1164.93,35210.05
2765,1460,20,3,2,2025-07-12,2025-10-19,1.2,1106.66,25435.48
2766,640,23,3,17,2025-10-15,2026-03-13,7.62,12681.4,161797.8
2767,1210,2,2,15,2025-07-17,2025-10-22,8.24,13331.66,203568.5
2768,1544,2,3,78,2025-03-17,2025-07-06,2.53,2979.53,128534.55
2769,1201,19,3,32,2025-04-02,2025-09-22,6.32,8327.58,292121.46
2770,1383,20,3,39,2025-06-10,2025-10-17,1.74,2828.84,28929.14
2771,1490,2,1,59,2025-11-09,2026-04-03,3.62,5324.52,64938.85
2772,637,14,2,27,2025-03-20,2025-08-06,3.28,3558.86,143373.56
2773,874,19,1,26,2025-10-14,2026-02-16,1.91,3887.11,99886.56
2774,747,23,2,77,2025-04-18,2025-08-04,4.68,8893.3,166988.99
2775,1384,2,3,76,2025-04-14,2025-08-18,0.91,1640.14,31522.55
2776,75,2,2,30,2025-06-16,2025-09-23,1.23,2515.33,30972.03
2777,1791,2,1,87,2025-12-08,2026-05-23,3.77,7158.28,112255.17
2778,891,23,1,12,2025-06-05,2025-08-24,5.49,8664.59,184957.66
2779,1765,20,1,24,2025-01-19,2025-04-28,3.9,7119.66,50328.45
2780,1614,41,2,44,2025-06-18,2025-11-09,10.29,12170.92,354809.28
2781,1091,1,3,71,2025-11-22,2026-03-03,3.66,7214.71,101324.61
2782,633,19,1,68,2025-11-06,2026-02-09,1.65,3260.82,57900.79
2783,152,2,2,90,2025-11-12,2026-04-01,1.56,3296.71,80390.18
2784,898,19,3,37,2025-12-13,2026-03-30,3.58,7237.51,83563.98
2785,796,20,3,21,2025-11-15,2026-04-27,4.98,9328.08,150325.55
2786,894,1,3,7,2025-11-17,2026-04-14,7.72,15324.34,138311.59
2787,599,19,1,74,2025-05-09,2025-10-20,3.91,6921.95,58573.41
2788,1072,20,1,38,2025-10-21,2026-02-28,3.97,7520.39,81151.35
2789,1420,20,2,77,2025-10-11,2026-01-09,3.14,6481.53,42266.74
2790,766,1,2,41,2025-02-11,2025-05-30,4.42,4765.06,235069.46
2791,1362,7,3,16,2025-10-06,2026-04-02,3.06,3609.57,140839.05
2792,1525,1,3,88,2025-10-24,2026-01-29,5.85,10018.5,287947.64
2793,1201,20,2,97,2025-11-11,2026-04-08,3.66,4384.15,65170.47
2794,1109,16,2,99,2025-10-06,2025-12-20,3.15,6982.92,126656.97
2795,490,2,1,4,2025-06-03,2025-09-17,3.91,4591.36,118324.37
2796,975,1,2,79,2025-11-02,2026-04-21,10.16,10982.91,413540.16
2797,187,1,3,71,2025-03-13,2025-06-08,2.34,4957.04,79346.8
2798,1266,23,3,28,2025-11-06,2026-03-28,1.22,2488.56,16312.18
2799,148,16,1,28,2025-02-24,2025-05-12,1.58,3182.03,82366.34
2800,1530,2,3,4,2025-05-06,2025-09-18,0.41,884.2,12748.16
2801,464,41,3,2,2025-03-10,2025-07-24,2.94,6297.89,135266.89
2802,384,20,1,36,2025-05-13,2025-08-01,0.86,1437.72,46641.44
2803,1728,19,3,28,2025-04-25,2025-09-26,7.77,14480.66,214030.27
2804,1649,23,1,73,2025-05-06,2025-08-17,0.5,942.16,19096.92
2805,1392,1,1,92,2025-09-10,2026-02-09,8.37,13613.45,380279.38
2806,567,2,3,38,2025-08-12,2026-01-03,0.48,516.07,10678.35
2807,1102,19,2,2,2025-08-12,2025-11-26,0.59,799.01,8774.31
2808,727,23,1,98,2025-06-15,2025-11-22,0.5,972.92,27485.9
2809,1694,2,3,66,2025-07-16,2025-10-23,2.58,5928.05,133590.12
2810,817,1,2,48,2025-03-13,2025-07-12,4.71,6809.29,125802.33
2811,1292,1,2,43,2025-02-19,2025-07-22,1.7,3896.39,52745.31
2812,1763,23,1,77,2025-09-16,2026-01-05,2,3713.93,62852.16
2813,423,1,1,95,2025-07-12,2025-10-03,1.46,2065.04,41223.93
2814,629,2,3,7,2025-07-20,2025-11-21,0.81,1072.37,36900.21
2815,479,20,3,34,2025-07-09,2025-12-20,0.44,1026.46,5578.7
2816,1478,19,1,13,2025-11-07,2026-04-19,1.02,1898.17,14575.21
2817,1770,20,2,17,2025-11-18,2026-05-08,1.46,2380.73,54863.97
2818,1497,20,1,11,2025-11-08,2026-04-16,1.94,1821.19,100766.55
2819,454,19,1,76,2025-03-16,2025-09-04,1.11,1986.77,14284.16
2820,509,41,2,50,2025-04-13,2025-09-27,3.06,6470.49,132630.29
2821,600,19,1,85,2025-04-19,2025-08-11,0.8,1258.05,19973.81
2822,260,1,2,3,2025-11-20,2026-02-11,6.33,7395.34,208355.02
2823,662,1,1,43,2025-07-21,2025-11-01,1.92,3043.68,42526.59
2824,74,19,2,50,2025-12-08,2026-05-15,3.03,5697.84,56539.27
2825,1334,2,3,11,2025-03-05,2025-07-10,2.29,2838.84,41391.92
2826,1734,14,3,55,2025-05-01,2025-08-31,3.91,3855.51,54308.51
2827,1754,1,1,30,2025-12-25,2026-05-22,1.27,1513.95,15883.46
2828,348,19,3,65,2025-12-08,2026-05-15,1.14,1444.18,15404.74
2829,902,14,2,30,2025-08-14,2025-11-27,2.49,4657.68,95742.45
2830,1695,19,1,78,2025-04-10,2025-08-26,0.98,2128.99,14393.87
2831,300,14,3,74,2025-11-12,2026-02-22,0.71,1617.86,10522.61
2832,781,19,1,65,2025-01-06,2025-05-20,1.09,2002.76,20758.08
2833,1091,1,2,81,2025-05-03,2025-10-15,5.51,10737.75,149908.37
2834,776,1,1,80,2025-05-17,2025-10-13,0.62,798.92,25390.67
2835,1600,20,3,74,2025-11-09,2026-02-12,5.94,12017.76,204982.09
2836,481,23,2,66,2025-09-14,2025-12-20,2.72,5549.74,85817.51
2837,991,2,1,39,2025-08-18,2026-01-26,6.85,12591.48,303600.76
2838,800,1,1,24,2025-09-08,2026-01-17,1.06,2117,41527.31
2839,396,7,2,12,2025-09-04,2026-02-27,0.76,1804.67,18186
2840,1185,20,1,2,2025-01-16,2025-05-30,2.49,2952.44,53255.21
2841,624,20,1,51,2025-08-16,2025-10-31,7.05,9239.11,97292.64
2842,156,1,1,25,2025-08-25,2025-12-10,5.26,9135.42,136416.68
2843,1316,14,2,84,2025-02-07,2025-07-26,7.6,7066.71,244132.86
2844,760,7,2,78,2025-07-20,2025-10-07,1.71,3544.25,60150.34
2845,1241,1,2,28,2025-07-20,2025-12-15,3.73,7865.3,121854.94
2846,441,23,2,68,2025-08-20,2025-12-02,10.71,16945.1,200714.07
2847,371,1,2,53,2025-07-15,2025-10-11,0.82,1302.34,40887.19
2848,1794,1,3,85,2025-05-22,2025-08-08,7.69,17219.71,103667.67
2849,763,16,3,9,2025-10-20,2026-02-23,6.61,11278.96,244707.7
2850,1424,2,1,44,2025-02-03,2025-05-01,4.79,9652.2,210681.48
2851,172,7,2,43,2025-04-01,2025-07-31,2.3,5269.61,70835.17
2852,604,23,2,73,2025-11-01,2026-04-23,6.52,13971.94,214018.2
2853,569,23,3,19,2025-01-06,2025-06-22,1.29,1564.54,38614.28
2854,1121,19,3,52,2025-06-15,2025-09-30,9.81,18582.66,513098.29
2855,1291,2,3,40,2025-05-05,2025-10-04,2.92,6406.81,42711.99
2856,1066,1,1,89,2025-09-17,2026-01-09,2.55,3594.67,139060.68
2857,1042,16,2,34,2025-12-01,2026-05-09,5.96,12878.05,154497.65
2858,1444,19,1,32,2025-09-13,2025-12-16,5.56,10652.02,165296.7
2859,1728,14,2,86,2025-02-17,2025-07-29,3.14,3932.9,90016.42
2860,547,23,3,16,2025-08-01,2025-11-06,1.16,1299.6,43326.88
2861,654,23,1,8,2025-05-01,2025-09-04,0.94,852.04,39359.5
2862,286,2,1,39,2025-05-11,2025-08-29,0.45,433.98,11099.9
2863,494,23,3,97,2025-03-05,2025-08-16,1.4,2489.03,42652.68
2864,1228,20,3,83,2025-05-17,2025-09-27,5.34,9323.62,292774.99
2865,1655,19,3,96,2025-10-07,2025-12-24,5.01,4573.93,269550.06
2866,288,23,3,48,2025-12-23,2026-06-12,1.09,2606.76,16740.56
2867,272,2,3,14,2025-09-08,2026-03-06,2.87,5739.95,141429.72
2868,216,2,1,80,2025-09-12,2025-12-05,7.49,12857.2,350605.14
2869,952,16,1,46,2025-12-05,2026-05-10,2.9,3351.07,94958.97
2870,614,2,1,4,2025-06-15,2025-11-19,0.52,600.08,25258.85
2871,390,14,2,12,2025-12-06,2026-03-09,5.53,6371.01,273634.54
2872,1297,14,1,3,2025-09-08,2026-01-09,4.7,9243.23,156941.84
2873,1347,20,1,82,2025-09-05,2026-02-06,2.23,3526.98,96580.25
2874,263,1,2,79,2025-08-06,2025-10-31,2.53,5491.75,41324.68
2875,836,1,1,56,2025-10-13,2026-01-08,1.72,1868.67,34499.92
2876,398,19,1,4,2025-01-09,2025-04-07,0.58,1158.36,31843.17
2877,628,1,1,60,2025-04-25,2025-09-10,2.24,2441.17,95305.23
2878,278,1,2,1,2025-02-08,2025-05-27,5.35,9463.25,232296.59
2879,443,1,3,27,2025-02-24,2025-06-13,0.79,1235.27,34092.48
2880,175,41,1,63,2025-05-16,2025-08-08,1.57,2019.86,30423.63
2881,189,16,1,91,2025-09-08,2026-02-04,3.19,4768.77,44936.13
2882,469,2,2,45,2025-01-21,2025-04-25,0.51,992.17,22549.6
2883,167,2,1,59,2025-08-17,2026-02-05,1.03,2374.81,17194.58
2884,1240,14,3,61,2025-07-12,2025-12-09,3.28,6282.96,70774.12
2885,1791,19,2,8,2025-05-06,2025-08-27,0.51,799.5,14419.27
2886,203,1,2,23,2025-06-17,2025-10-21,4.46,8509.94,110326.83
2887,588,19,2,30,2025-05-04,2025-10-21,8.31,8998.6,158699.41
2888,464,7,1,59,2025-06-11,2025-08-30,6.08,9055.72,264110.84
2889,1118,14,1,87,2025-10-16,2026-02-17,2.44,3347.3,46714.86
2890,1072,20,1,86,2025-10-10,2026-04-01,1.26,1300.03,19338.92
2891,1064,41,2,26,2025-11-25,2026-03-20,9.02,9012.78,461816.65
2892,1576,19,1,19,2025-12-08,2026-03-11,0.88,1947.19,16624.64
2893,319,20,2,40,2025-05-21,2025-09-03,1.28,2110.35,70295.16
2894,105,16,1,87,2025-11-13,2026-02-28,1.17,2475.98,45206.89
2895,1640,41,2,15,2025-01-18,2025-04-07,2,4715.78,97730.37
2896,1276,16,2,94,2025-10-02,2026-02-04,1.43,1896.76,27399.97
2897,1184,1,3,86,2025-11-13,2026-04-04,1.71,3853.24,72310.67
2898,448,2,3,57,2025-10-23,2026-01-25,1.73,3607.03,48129.62
2899,595,14,1,33,2025-01-25,2025-07-01,0.66,1031.5,14332.14
2900,1319,19,3,89,2025-10-18,2026-02-28,1.28,2644.72,49719.73
2901,1574,14,2,53,2025-02-03,2025-06-17,5.33,10742.68,169912.39
2902,1010,19,2,45,2025-06-07,2025-10-13,10.07,20328.36,396550.95
2903,468,20,2,12,2025-02-09,2025-07-08,7.02,14969.88,97050.34
2904,1781,1,2,90,2025-01-05,2025-04-14,3.77,6631.04,125512.83
2905,1417,1,1,66,2025-12-22,2026-06-14,2.38,3813.63,119026.67
2906,103,1,2,58,2025-04-05,2025-09-01,4.55,7785.48,208867.38
2907,1098,2,3,34,2025-10-14,2026-02-18,8,9294.33,108641.4
2908,1008,14,2,7,2025-01-07,2025-06-02,0.5,718.59,20052.21
2909,907,20,1,23,2025-09-12,2026-02-18,8.48,7770.04,415628.95
2910,1450,19,1,45,2025-05-04,2025-09-28,4.33,8110.49,198666.2
2911,527,19,3,43,2025-09-04,2025-11-30,1.52,3203.58,78259.2
2912,1761,19,2,81,2025-05-15,2025-09-11,4.68,4321.16,234260.5
2913,634,2,3,5,2025-02-25,2025-06-05,1.39,1859.87,39607.04
2914,1375,23,1,95,2025-07-15,2026-01-04,1.93,3613.26,91888.08
2915,1271,20,3,21,2025-09-16,2026-02-21,5.2,10853.47,98102.47
2916,352,19,1,53,2025-01-13,2025-06-14,4.4,5711.77,81414.09
2917,1544,19,1,63,2025-10-09,2026-01-23,2.43,3247.85,111350.44
2918,947,2,2,98,2025-12-11,2026-03-23,2.28,3953.74,113242.13
2919,610,20,3,99,2025-12-02,2026-05-15,7.81,15643.2,97803.11
2920,1731,20,3,53,2025-10-14,2026-01-08,1.17,1366.81,25904.49
2921,725,20,2,57,2025-01-12,2025-06-05,0.99,1662.64,32675.75
2922,1538,2,3,46,2025-04-04,2025-09-04,4.07,6892.29,186336.09
2923,837,2,2,29,2025-07-11,2025-11-23,2.71,5080.05,140056.49
2924,1190,19,1,9,2025-05-18,2025-09-14,5.33,6302.36,286740.9
2925,118,2,3,22,2025-08-06,2025-12-12,3.05,2828.1,85943.46
2926,572,19,2,8,2025-12-13,2026-03-10,0.85,1657.48,42261.58
2927,1541,20,2,58,2025-06-01,2025-09-24,0.42,434.42,12088.24
2928,879,19,2,42,2025-09-14,2026-01-19,0.56,1199.59,14874.8
2929,1683,41,1,64,2025-01-07,2025-05-29,1.6,2598.6,37606.92
2930,781,19,2,8,2025-09-04,2026-02-12,1.38,3226.72,30466.92
2931,1621,19,1,36,2025-01-06,2025-04-23,1.3,1434.06,34707.35
2932,477,7,1,2,2025-02-11,2025-07-15,5.62,11423.95,89964.92
2933,645,23,3,35,2025-03-09,2025-08-05,3.89,5685.71,68473.08
2934,1528,2,2,47,2025-06-03,2025-09-29,1.85,2489.84,78343.85
2935,1197,19,1,25,2025-03-03,2025-07-18,7.44,7868.53,303433.1
2936,902,14,2,67,2025-06-17,2025-09-07,2.09,4015.53,83870.96
2937,1405,19,1,46,2025-02-14,2025-07-29,0.46,970.12,12914.82
2938,1057,41,1,97,2025-07-22,2025-12-05,3.33,6605.23,157724.99
2939,1162,19,1,57,2025-06-08,2025-09-08,7.79,17040.06,168896.4
2940,493,23,2,38,2025-10-17,2026-03-26,1.36,1385.83,25812.35
2941,280,20,3,49,2025-01-24,2025-07-04,0.85,972.04,13485
2942,1572,2,3,37,2025-04-04,2025-08-01,3.07,3730.95,134871.47
2943,603,23,2,99,2025-12-10,2026-05-16,1.43,2665.07,53533.47
2944,27,19,2,41,2025-04-19,2025-08-01,2.29,3161.23,74902.35
2945,1385,16,1,93,2025-06-10,2025-10-29,1.68,3587.51,34859.54
2946,146,41,1,1,2025-10-23,2026-01-20,2.64,4445.62,47806.2
2947,778,1,2,22,2025-12-07,2026-05-05,4.73,7991.42,230776.39
2948,1285,2,2,27,2025-10-21,2026-01-08,9.57,11613.11,371385.35
2949,1074,2,2,62,2025-04-19,2025-07-15,0.72,939.15,22420.21
2950,627,14,2,69,2025-07-19,2025-10-21,8.4,13614.25,251648.49
2951,871,19,2,75,2025-03-21,2025-09-13,5.78,8865.79,104635.59
2952,1410,23,3,46,2025-09-13,2026-02-28,6.17,5586.92,284716.08
2953,1078,2,3,77,2025-10-03,2026-01-19,1.73,1616.25,58775.38
2954,1123,23,2,23,2025-03-07,2025-07-03,4.73,9953.2,158690.33
2955,1269,14,3,47,2025-07-13,2025-11-08,4.19,7856.18,121468.96
2956,88,23,1,62,2025-09-11,2026-03-08,0.86,1346.26,29473.48
2957,1665,1,1,65,2025-11-18,2026-03-30,7.39,7206.47,153394.07
2958,1212,2,2,5,2025-01-19,2025-07-13,1.02,2011.63,30737.75
2959,676,19,2,83,2025-09-04,2026-02-21,6.83,6297.27,166493.8
2960,61,19,2,60,2025-11-12,2026-02-04,1.46,1430.15,64940.17
2961,640,23,2,96,2025-12-08,2026-04-13,0.98,1249.58,30316.52
2962,1019,2,3,19,2025-04-19,2025-09-21,2.75,2926.92,106461.07
2963,1140,14,2,5,2025-08-14,2025-12-24,7.49,12190.86,317032.49
2964,22,1,3,5,2025-02-15,2025-07-25,1.34,1479.6,52580.66
2965,1224,19,3,46,2025-04-02,2025-08-26,2.19,2593.4,68226.39
2966,1258,2,2,90,2025-02-18,2025-06-12,1.09,985.23,21095.43
2967,819,19,1,27,2025-01-01,2025-06-16,2.3,2743.02,86735.98
2968,887,14,3,63,2025-08-06,2026-01-17,3.1,6576.32,41625.13
2969,372,2,3,85,2025-06-01,2025-10-26,0.67,675.32,30102.13
2970,791,2,2,81,2025-08-10,2025-11-12,2.48,5336.83,123005.62
2971,788,41,3,26,2025-06-09,2025-09-22,2.86,6599.18,90756.79
2972,1356,1,3,8,2025-07-06,2025-11-06,6.58,12064.89,121615.62
2973,410,23,3,7,2025-03-13,2025-08-28,6.34,7289.21,200299.78
2974,372,20,2,73,2025-07-10,2025-12-17,1.08,2015.77,21245.75
2975,534,1,2,20,2025-08-16,2025-11-27,1.5,2960.16,55620.86
2976,85,2,3,33,2025-09-22,2026-03-15,2.94,5678.06,85122.21
2977,1423,2,1,97,2025-02-24,2025-08-16,6.07,8118.35,125404.4
2978,816,20,2,27,2025-08-08,2025-12-11,2.68,5436.47,140821.09
2979,740,19,3,23,2025-11-07,2026-03-22,6.9,9027.63,242031.22
2980,810,7,3,70,2025-06-18,2025-11-27,1.38,2898.6,47657.33
2981,347,19,1,51,2025-06-05,2025-10-25,1.85,1666.76,97168.1
2982,870,1,1,26,2025-04-22,2025-10-14,4.37,6197.79,214409.33
2983,1518,14,1,34,2025-07-08,2025-10-21,2.36,5289.86,115597.08
2984,840,23,1,65,2025-02-19,2025-07-14,5.77,6344,217529.81
2985,645,23,3,79,2025-04-03,2025-08-18,6.09,12685.75,186762.88
2986,464,41,1,13,2025-06-17,2025-10-20,8.85,10487.09,354126.72
2987,243,19,1,17,2025-02-22,2025-06-12,4.99,9951.02,160563.88
2988,9,19,3,36,2025-01-22,2025-04-09,5.5,10939.38,180042.38
2989,1191,41,2,11,2025-06-20,2025-11-05,2.39,4364.34,110245.63
2990,360,19,3,84,2025-07-01,2025-09-29,1.07,2357.3,22250.76
2991,1005,2,1,96,2025-08-17,2025-12-09,5.05,7437.58,113945.12
2992,1069,1,2,91,2025-07-15,2025-11-18,1.36,1337.88,62143.78
2993,750,1,3,74,2025-09-02,2026-01-23,2.48,2943.98,110297.33
2994,687,1,2,38,2025-11-17,2026-02-04,5.1,9668.35,122625.51
2995,169,19,3,56,2025-06-08,2025-08-28,3.29,5224.93,83731.81
2996,1288,20,3,97,2025-10-20,2026-03-12,6.95,12761.81,143665.08
2997,1029,19,1,14,2025-06-11,2025-11-20,0.52,844.93,23655.5
2998,1731,20,2,39,2025-12-25,2026-06-16,1.6,2148.29,29848.47
2999,1270,19,1,83,2025-01-12,2025-04-04,5.28,7535.06,94822.43
3000,1159,20,2,7,2025-09-05,2026-01-30,2.55,5525.4,123814.78
3001,703,2,3,42,2025-09-19,2026-03-14,6.59,14877.25,228876.05
3002,1057,41,1,17,2025-06-23,2025-11-15,5.75,7438.26,192105.78
3003,1259,7,3,34,2025-09-18,2026-01-22,8.09,11823.85,286492.28
3004,155,1,1,6,2025-05-04,2025-10-09,2.22,3333.33,56504.42
3005,314,2,2,94,2025-09-06,2026-02-20,8.17,18614.87,108820.74
3006,262,19,2,54,2025-04-11,2025-06-26,8.47,18998.06,273781.02
3007,565,1,2,68,2025-10-14,2026-01-13,4.35,8047.39,137943.06
3008,1730,41,1,66,2025-09-25,2026-01-04,1.27,2847.8,21242.39
3009,1586,14,1,90,2025-09-25,2026-03-20,1.87,3012.33,80263.52
3010,833,2,2,16,2025-10-08,2025-12-24,7.15,11903.04,294940.26
3011,1231,1,1,53,2025-02-06,2025-07-03,4.74,8069.81,132674.89
3012,1764,14,2,12,2025-08-22,2025-12-22,0.95,1566.78,37195.11
3013,1063,20,2,60,2025-10-25,2026-04-09,0.41,647,10471.87
3014,871,20,3,70,2025-01-14,2025-06-02,3.24,7165.25,108090.04
3015,275,20,3,43,2025-04-17,2025-08-07,3.58,6653.71,96361.95
3016,1208,20,1,95,2025-07-21,2026-01-17,3.85,8403.69,131847.26
3017,1047,1,2,3,2025-03-16,2025-09-07,0.87,1269.13,23757.96
3018,976,1,3,77,2025-06-11,2025-11-02,9.76,19158.81,121920.88
3019,1261,20,1,74,2025-01-19,2025-04-20,5.36,10950.62,118343.95
3020,952,20,2,84,2025-03-05,2025-06-07,5.46,12212.89,246921.88
3021,1276,20,2,12,2025-12-10,2026-05-05,3.76,3802.68,87941.26
3022,360,20,1,90,2025-12-19,2026-05-04,2.35,4429.03,52970.56
3023,1161,2,2,51,2025-03-06,2025-06-01,4.99,10776.47,110622.57
3024,1520,16,2,4,2025-04-08,2025-08-09,1.65,1907.15,22224.51
3025,453,19,1,54,2025-08-10,2025-11-21,1.7,2301.95,76550.68
3026,1599,7,3,55,2025-11-21,2026-03-08,0.82,1476.16,31923.42
3027,1054,19,2,81,2025-02-16,2025-05-21,2.01,4161.6,60395.12
3028,964,19,3,43,2025-09-19,2025-12-31,7.35,9877.68,120515.92
3029,539,23,1,84,2025-09-15,2026-01-31,4.52,8639.26,173705.43
3030,299,19,3,36,2025-03-09,2025-07-16,1.01,1267.6,50215.62
3031,1367,20,2,78,2025-11-17,2026-03-30,4.5,8889.87,215659.66
3032,52,41,2,89,2025-12-14,2026-06-12,3.27,4027.74,56333.68
3033,1302,20,1,29,2025-06-11,2025-10-18,4.12,9642.07,98665.25
3034,22,19,2,73,2025-07-09,2025-12-05,0.81,1845.07,22510.1
3035,686,2,2,63,2025-09-05,2025-12-22,2.26,4018.96,74884.99
3036,1791,19,1,57,2025-05-17,2025-10-08,2.34,3948.47,85110.18
3037,22,2,3,74,2025-05-20,2025-10-17,0.8,1562.02,26534.8
3038,1325,19,2,63,2025-10-01,2026-02-03,4.35,6797.62,143076.8
3039,252,2,2,84,2025-01-12,2025-06-15,3.81,8413.77,115577.76
3040,400,41,3,92,2025-08-15,2026-01-29,4.24,6444.39,65471.62
3041,96,1,2,91,2025-09-25,2026-01-07,0.86,900.89,29959.71
3042,931,7,3,5,2025-04-11,2025-10-01,6.53,8004.03,158254.46
3043,422,16,2,60,2025-05-15,2025-09-17,2.72,6113.26,123947.61
3044,1263,20,1,34,2025-07-25,2025-10-25,3.19,7428.35,160267.21
3045,1742,14,3,84,2025-04-03,2025-07-04,3.28,5122.42,143610.7
3046,1363,7,1,3,2025-04-24,2025-07-15,5.58,10101.28,257765.84
3047,45,1,1,5,2025-02-02,2025-04-25,1.32,2812.32,35525.89
3048,720,41,2,42,2025-03-06,2025-05-24,2.11,3187.07,37368.89
3049,1452,2,2,48,2025-08-13,2025-12-01,2.97,6744.23,153480.06
3050,1311,1,3,59,2025-05-02,2025-10-04,5.38,7419.55,176848.47
3051,1179,2,2,19,2025-10-10,2026-02-10,0.65,705.32,26153.02
3052,363,20,2,100,2025-06-24,2025-11-24,1.25,1861.37,42506.59
3053,883,19,3,62,2025-11-16,2026-03-18,2.76,3685.88,118900.66
3054,1193,19,3,38,2025-10-12,2026-02-14,4.59,10499.84,160669.02
3055,1771,19,1,21,2025-02-22,2025-08-15,1.47,3418.63,35135.81
3056,631,14,3,89,2025-04-18,2025-07-15,5.27,8682.26,237402.03
3057,437,19,2,24,2025-03-10,2025-07-05,3.7,4012.09,100999.06
3058,1407,20,3,58,2025-07-22,2025-12-21,2.08,3923.46,107191.89
3059,758,19,3,59,2025-08-09,2026-01-11,3.8,4690.24,167522.89
3060,517,20,3,56,2025-08-20,2025-12-23,5.1,4732.8,253185.06
3061,1095,19,3,54,2025-05-02,2025-07-20,2,3723.35,94512.2
3062,219,20,2,59,2025-08-12,2026-02-06,9.15,14588.13,236778.12
3063,511,7,2,38,2025-03-18,2025-08-28,5.26,9012.55,109045.87
3064,496,41,3,53,2025-03-14,2025-07-10,0.42,692.61,5186.54
3065,23,19,3,99,2025-09-03,2025-12-06,2.46,5844.37,46826.8
3066,378,19,1,4,2025-06-02,2025-09-14,0.48,1113.76,19006.27
3067,700,19,3,24,2025-09-17,2025-12-14,1.58,2946.79,74837.83
3068,192,1,1,7,2025-06-20,2025-12-05,2.3,4324.74,92832.66
3069,1550,2,3,20,2025-01-18,2025-05-14,2.91,3064.64,70312.17
3070,473,1,2,18,2025-10-22,2026-04-19,4.55,8885.97,221487.41
3071,1641,20,2,3,2025-07-11,2025-10-04,1.75,3630.75,72768.75
3072,1203,19,3,17,2025-06-07,2025-08-24,6.71,6970.81,281321.24
3073,386,1,3,39,2025-01-12,2025-05-01,0.4,433.59,7954.68
3074,924,19,2,19,2025-03-05,2025-07-15,7.25,17130.3,206452.02
3075,1502,41,1,5,2025-05-03,2025-09-29,9.78,18501.21,353969.86
3076,1251,14,3,90,2025-06-01,2025-08-30,1.18,1297.88,57663.56
3077,304,14,3,83,2025-01-05,2025-04-01,5.11,8912.85,263250.67
3078,285,1,2,64,2025-02-24,2025-07-02,6.07,13860.02,236795.03
3079,65,20,3,30,2025-07-12,2025-12-21,11.26,14397.94,422568.18
3080,1737,1,1,24,2025-06-10,2025-11-30,4.15,7250.95,201067.02
3081,296,2,1,33,2025-01-21,2025-05-27,0.91,1653.83,26376.5
3082,315,19,1,7,2025-08-21,2025-12-30,3.19,3744.23,123218.69
3083,1761,16,3,7,2025-12-18,2026-04-10,4.01,7823.31,203753.82
3084,997,7,3,70,2025-05-19,2025-10-17,6.07,5566.89,318460.61
3085,1022,19,3,46,2025-06-09,2025-11-21,1.23,2319.45,38826.56
3086,26,20,3,49,2025-01-01,2025-06-25,2.62,4055.34,91689.86
3087,998,7,1,38,2025-06-23,2025-12-06,0.55,620.08,12812.66
3088,292,19,1,49,2025-03-25,2025-08-06,9.69,21302.21,216878.54
3089,1234,1,1,77,2025-10-16,2026-01-16,4.49,8292.58,123212.12
3090,1598,14,3,48,2025-02-02,2025-07-30,4.91,9131.6,142500.5
3091,664,2,2,2,2025-06-21,2025-10-02,7.85,11753.85,335265.35
3092,872,19,1,47,2025-06-02,2025-11-10,6.53,12112.12,281372.03
3093,248,20,3,61,2025-07-19,2025-11-26,1.13,1266.38,35575.19
3094,1197,19,3,54,2025-05-03,2025-07-24,7.43,13202.92,235072.43
3095,1689,1,2,25,2025-07-22,2025-10-22,8.11,11175.62,138254.78
3096,1264,14,2,39,2025-01-10,2025-07-03,2.43,2590.97,109629.32
3097,1364,7,3,17,2025-10-20,2026-01-16,0.45,555.78,23436.74
3098,1212,2,1,89,2025-12-17,2026-05-09,5.36,5602.13,143546.65
3099,764,20,3,51,2025-01-24,2025-04-30,1.64,2074.65,58281.18
3100,546,14,3,4,2025-11-11,2026-04-23,5.18,7243.33,128125.08
3101,1254,1,1,30,2025-12-01,2026-02-16,6.75,12174.1,97033.06
3102,419,19,2,92,2025-01-18,2025-04-11,6.4,6902.48,257950.54
3103,224,20,2,7,2025-07-19,2025-11-13,7.62,9568.82,115282.59
3104,468,2,3,95,2025-11-20,2026-04-22,5.59,8760.75,246178.33
3105,1310,23,3,53,2025-05-24,2025-10-10,7.25,9280.63,115707.35
3106,279,19,2,84,2025-04-11,2025-08-25,10.82,10726.84,144293
3107,1554,1,3,60,2025-04-13,2025-08-16,0.6,704.41,27275.19
3108,445,20,3,57,2025-10-01,2026-01-08,4.61,5677.38,221458.84
3109,1140,14,3,16,2025-12-15,2026-03-26,4.77,11298.16,154392.82
3110,1263,20,2,91,2025-11-25,2026-02-16,3.99,4442.24,67148.03
3111,953,19,3,78,2025-10-08,2026-03-11,1.69,2838.03,70570.05
3112,706,1,3,86,2025-04-21,2025-08-28,1.63,1744.6,52504.84
3113,214,14,2,64,2025-11-10,2026-03-13,8.64,14923.51,191895.09
3114,1035,1,1,46,2025-11-14,2026-02-01,2.17,2365.45,79639.53
3115,1397,1,1,26,2025-06-03,2025-10-16,4.87,6324.65,243265.8
3116,693,1,1,69,2025-02-06,2025-04-30,3.13,4547.58,46704.69
3117,229,19,3,19,2025-04-05,2025-06-20,5.55,6547.87,171242.85
3118,416,41,1,54,2025-03-05,2025-08-02,2.94,6191.42,70710.16
3119,1758,1,3,39,2025-05-15,2025-10-30,0.8,1852.99,15827.32
3120,289,19,3,32,2025-12-25,2026-05-04,0.96,1560.23,12090.62
3121,1316,19,1,23,2025-07-10,2025-11-08,7.44,15393.32,316930.34
3122,1695,19,1,91,2025-02-07,2025-05-18,3.77,3994.1,51572.91
3123,1497,19,2,92,2025-06-08,2025-09-04,4.18,7450.17,146492.83
3124,1049,2,2,67,2025-06-18,2025-09-01,3.23,3905.77,111253.23
3125,1331,14,1,92,2025-01-07,2025-05-20,1.03,1922.81,40835.87
3126,173,20,3,36,2025-07-25,2025-11-26,4.34,5283.17,174934.03
3127,1125,14,3,16,2025-08-18,2025-11-09,4.43,6577.79,157774.9
3128,277,1,1,46,2025-11-03,2026-03-18,5.25,9351.79,103272.92
3129,601,2,2,80,2025-02-01,2025-05-14,3.33,4301.1,92732.73
3130,927,1,1,92,2025-08-20,2026-02-03,1.22,1706.37,44974.3
3131,1568,19,2,2,2025-12-22,2026-03-23,6.46,13641.85,209499.08
3132,1334,2,3,41,2025-07-18,2025-12-01,1.51,1696.3,41539.16
3133,1131,20,3,14,2025-03-14,2025-08-30,6.29,12895.44,198750.42
3134,1666,14,1,62,2025-09-08,2025-12-18,3.72,8803.41,163628.85
3135,702,14,3,52,2025-01-23,2025-04-18,7.88,12963.27,226868.18
3136,481,23,2,92,2025-10-22,2026-04-09,1.96,4685.27,52491.16
3137,207,23,1,54,2025-07-23,2025-12-05,2.16,3183.91,91619.52
3138,603,1,2,79,2025-05-16,2025-08-25,3.42,5020.94,138917.07
3139,98,2,1,43,2025-10-14,2026-02-13,1.82,3788.74,67723.93
3140,1226,1,1,13,2025-11-04,2026-02-05,2.09,4049.51,88648.36
3141,362,1,3,62,2025-07-05,2025-09-30,0.88,1384.26,19482.37
3142,416,7,1,72,2025-05-14,2025-08-17,5.4,8756.67,90837.54
3143,1244,19,1,74,2025-07-14,2025-10-20,0.67,650.28,12566.54
3144,398,14,1,58,2025-09-02,2026-01-21,1.84,1679.25,40996.54
3145,1132,1,2,15,2025-07-24,2026-01-10,3.87,8543.63,163076.76
3146,1208,19,3,23,2025-06-03,2025-10-19,7.01,9353.79,369886.35
3147,1265,14,2,92,2025-04-20,2025-08-14,6.49,15471.59,131076.87
3148,710,1,3,98,2025-12-18,2026-04-06,3.72,6911.15,197177.27
3149,846,1,1,62,2025-02-02,2025-05-31,3.82,3676.74,54383.15
3150,419,1,1,53,2025-10-01,2026-01-10,5.36,11627.15,182732.14
3151,1723,20,3,97,2025-04-23,2025-08-27,0.93,1212.56,23924.56
3152,1661,14,3,80,2025-12-01,2026-05-01,0.94,1564.99,16758.39
3153,988,1,2,85,2025-04-22,2025-08-31,4.15,8675.44,73420.3
3154,1264,14,1,44,2025-06-12,2025-11-01,5.33,7963.87,244696.44
3155,1107,7,1,82,2025-03-08,2025-07-03,2.44,4669.6,110738.69
3156,90,20,1,49,2025-03-12,2025-07-17,0.42,827.84,12047.75
3157,1736,1,3,6,2025-12-13,2026-05-17,3.06,4342.69,150488.86
3158,448,19,2,36,2025-07-25,2025-10-17,1.08,2110.94,56438.94
3159,399,7,2,58,2025-09-18,2025-12-04,0.55,919.98,14093.26
3160,391,41,2,54,2025-10-24,2026-02-13,3.51,6164.84,90741.45
3161,1484,20,2,25,2025-01-08,2025-03-26,7.88,9273.45,193659.46
3162,1728,14,2,41,2025-04-07,2025-08-28,7.03,12233.11,90794.81
3163,1464,1,3,71,2025-11-05,2026-03-14,0.81,1724.08,37258.33
3164,240,19,3,49,2025-04-07,2025-08-15,1.04,2290.07,27948.51
3165,1466,20,1,51,2025-08-14,2025-11-28,2.87,3361.26,64435.83
3166,1172,1,2,83,2025-09-06,2025-12-28,5.06,5430.39,218222.14
3167,1314,20,3,88,2025-12-25,2026-03-29,0.76,1050.36,14356.36
3168,441,23,1,12,2025-10-19,2026-01-05,5.71,7876.45,236666.48
3169,501,14,2,58,2025-05-14,2025-10-08,0.42,621.8,14403.77
3170,1482,1,3,71,2025-07-09,2025-12-26,1.64,2720.61,76500.45
3171,702,1,3,54,2025-07-15,2025-11-07,10.58,22650.71,483116.18
3172,249,1,3,16,2025-05-13,2025-08-19,2.12,2203.48,87891.83
3173,75,19,3,95,2025-09-05,2025-12-25,2.95,2751.8,78087.92
3174,131,20,3,21,2025-08-14,2026-02-03,1.22,2527.16,53461.05
3175,580,7,2,80,2025-10-15,2026-01-09,2.97,4368.11,97947.41
3176,1788,2,3,95,2025-07-22,2025-11-26,5.78,6673.5,103728.34
3177,1768,19,3,79,2025-03-10,2025-06-28,6.94,9553.65,177357.2
3178,623,20,1,24,2025-03-15,2025-08-19,5.09,8956.79,70374.62
3179,1524,19,3,39,2025-11-09,2026-02-08,1.08,1723.72,24806.89
3180,481,1,2,78,2025-06-16,2025-12-04,4.51,8073.54,63189.32
3181,80,19,2,90,2025-05-13,2025-09-14,6.97,10335.45,139689.91
3182,1744,19,1,87,2025-02-13,2025-05-11,9.22,12336.6,137694.16
3183,1420,41,2,17,2025-06-11,2025-10-20,3.12,6869.08,131951.75
3184,11,1,1,92,2025-09-18,2026-02-12,0.57,974.06,26301.43
3185,870,23,2,76,2025-06-22,2025-10-18,2.05,3615.38,48236.73
3186,617,19,3,71,2025-04-24,2025-10-21,0.78,795.79,10131.12
3187,424,1,1,71,2025-05-04,2025-10-28,4.91,8871.2,164980.65
3188,11,1,2,87,2025-04-02,2025-06-19,4.37,9516.45,142605.81
3189,1408,1,3,5,2025-04-16,2025-07-12,1.02,1934.08,19919.16
3190,1467,19,2,74,2025-10-05,2026-01-26,9.37,10020.53,272910.68
3191,783,20,1,53,2025-06-25,2025-11-19,0.97,1209.16,49052.16
3192,1340,19,1,50,2025-06-15,2025-10-16,0.53,632.85,15039.33
3193,368,1,2,12,2025-11-16,2026-05-03,1.24,2703.57,51974.23
3194,1135,1,2,55,2025-12-22,2026-03-24,1.98,3114.56,90951.18
3195,1272,41,2,32,2025-06-02,2025-09-20,8.41,14614.35,225640.94
3196,1415,7,1,34,2025-10-25,2026-03-26,0.5,1112.42,6022.81
3197,285,2,1,70,2025-02-12,2025-05-19,7.03,11680.64,304652.19
3198,1120,19,3,96,2025-12-02,2026-05-22,8.15,16267.32,139922.61
3199,867,7,3,37,2025-08-23,2025-12-27,0.74,994.91,20269.63
3200,1086,2,2,6,2025-07-21,2025-11-01,2.55,3917.71,117509.25
3201,1663,19,3,57,2025-12-23,2026-03-17,1.18,1988.54,29744.2
3202,1394,19,2,17,2025-05-09,2025-09-16,6.76,10182.42,114424.99
3203,1765,41,2,71,2025-10-23,2026-04-12,1.37,1405.42,64679.71
3204,263,1,2,47,2025-08-18,2026-01-09,2.8,5053.43,133182.42
3205,1011,20,2,13,2025-11-23,2026-04-23,4.43,8355.82,99199.17
3206,298,14,3,32,2025-12-13,2026-04-20,3.14,6487.98,157559.04
3207,2,14,1,88,2025-06-20,2025-11-22,5.46,10026.73,271537.88
3208,1445,16,2,79,2025-08-24,2025-11-14,1.63,3590.61,64136.35
3209,1513,20,2,66,2025-09-11,2026-02-04,4.51,8935.18,215073.68
3210,194,19,1,28,2025-05-08,2025-08-11,1.97,4564.61,91895.94
3211,701,19,2,18,2025-04-18,2025-10-02,8.89,13368.23,439239.96
3212,298,19,3,27,2025-06-24,2025-12-15,2.4,5120.16,30130.5
3213,35,41,2,73,2025-05-15,2025-10-02,3.4,3171.47,176646.06
3214,227,19,1,55,2025-04-24,2025-08-06,2.67,4708.41,67154.57
3215,1162,19,2,56,2025-09-22,2026-03-09,1.45,3114.8,31485.16
3216,196,1,3,30,2025-11-01,2026-02-10,1.06,2316.43,20791.95
3217,1563,20,3,24,2025-04-18,2025-09-10,6.16,10419.55,293117.51
3218,1013,2,2,9,2025-03-07,2025-08-01,2.09,3077.88,106594.5
3219,312,2,3,70,2025-10-20,2026-04-14,3.77,5954.79,58572.17
3220,221,20,1,5,2025-09-05,2026-02-20,3.55,6726.11,62596.25
3221,458,19,3,22,2025-07-19,2025-12-25,1.48,1927.79,32687.49
3222,335,16,3,72,2025-04-18,2025-08-16,1.62,2276.55,27303.42
3223,833,19,2,80,2025-05-05,2025-10-08,6.16,6319.67,310693.87
3224,1203,19,2,94,2025-04-25,2025-09-18,8.22,7852.39,100224.35
3225,1288,20,1,50,2025-05-12,2025-08-04,2.12,3656.87,54488.81
3226,1114,1,2,72,2025-07-17,2025-10-26,1.98,1895.11,105262.9
3227,569,1,3,76,2025-04-11,2025-08-24,0.49,1143.78,12793.96
3228,1532,19,1,26,2025-11-07,2026-05-02,0.74,1497.21,36078.18
3229,33,20,3,21,2025-08-06,2025-12-13,6.08,7759.36,251913.99
3230,1598,14,2,11,2025-06-25,2025-09-27,3.03,6631.35,128912.08
3231,945,19,3,39,2025-08-16,2025-12-04,6.17,12335.26,225316.69
3232,501,14,2,31,2025-10-03,2026-01-15,0.48,1149.77,20797.78
3233,1464,19,1,31,2025-03-10,2025-08-14,1.64,2686.04,38717.46
3234,996,19,3,31,2025-09-06,2025-12-15,1.98,3297.29,68073.7
3235,689,19,2,97,2025-05-01,2025-09-08,5.29,9968.33,106330.25
3236,718,20,2,82,2025-12-01,2026-05-08,1.48,1805.57,43354.91
3237,1196,1,3,59,2025-04-04,2025-07-11,4.28,3946.11,186551.4
3238,1131,2,3,66,2025-10-04,2026-01-24,5.68,13127.99,282932.6
3239,1442,2,2,95,2025-07-11,2025-10-08,2.93,5985.6,98256.73
3240,1263,14,1,68,2025-01-23,2025-05-06,9.33,19528.16,428798.21
3241,670,23,3,35,2025-11-09,2026-02-07,0.9,2095.03,39190.86
3242,617,20,1,93,2025-07-14,2025-11-07,1.82,4353.81,69003.4
3243,1446,16,2,55,2025-03-16,2025-08-09,1.37,1502.22,45604.98
3244,920,23,2,96,2025-05-02,2025-08-13,1.94,3825.6,27305.73
3245,645,23,2,81,2025-03-19,2025-08-13,2.12,2087.93,26316.69
3246,1426,23,3,93,2025-04-25,2025-10-06,5.79,12390.03,130063.79
3247,1159,20,1,65,2025-08-18,2026-02-11,5.4,10479.51,192799.01
3248,471,19,2,14,2025-12-23,2026-05-08,2.24,4082.06,57994.87
3249,1565,19,2,39,2025-02-03,2025-06-17,5.21,11298.18,98078.08
3250,1347,20,1,44,2025-03-01,2025-07-06,2.53,2743.54,84701.01
3251,1513,1,2,52,2025-03-19,2025-09-04,2.9,3623.45,116537.14
3252,179,1,3,60,2025-10-23,2026-03-07,1.19,1611.69,43958.26
3253,1190,14,3,6,2025-11-15,2026-02-21,2.12,3348.03,94080.01
3254,344,20,2,95,2025-11-20,2026-03-23,9.31,12517.85,347279.02
3255,1646,1,2,69,2025-09-19,2026-01-06,4.67,8378.14,112016.87
3256,156,23,3,8,2025-05-14,2025-09-28,5.29,11594.39,214014.05
3257,104,1,2,1,2025-08-21,2026-01-12,1.01,1634.67,30961.5
3258,1254,23,1,88,2025-07-12,2025-10-18,6.81,12827.12,272057.15
3259,1145,41,1,52,2025-06-14,2025-09-22,2.11,3825.78,111129.82
3260,68,23,1,14,2025-09-19,2025-12-04,1.77,2718.98,94403.1
3261,426,19,1,23,2025-04-21,2025-08-11,2.8,6396.95,43110.89
3262,1477,19,3,62,2025-04-13,2025-09-06,5.54,5093.13,282054.59
3263,456,2,3,68,2025-11-14,2026-03-07,0.75,823.89,20473.3
3264,132,1,3,80,2025-11-19,2026-03-16,3.21,5523.01,73028.21
3265,1554,1,3,87,2025-06-01,2025-08-23,1.96,2175.15,36662.25
3266,886,20,2,25,2025-01-05,2025-06-10,5.03,7769.36,62086.06
3267,186,41,3,22,2025-11-09,2026-02-16,1.56,1491.14,54278.37
3268,1366,19,1,59,2025-09-23,2025-12-25,4.47,4499.12,193087.43
3269,1331,19,2,86,2025-03-15,2025-06-05,2.01,3390.34,87734.02
3270,1535,7,1,63,2025-08-19,2025-12-29,2.09,3945.73,59771.18
3271,624,20,2,11,2025-08-13,2026-01-15,8.89,16445.26,132143.06
3272,1026,14,1,33,2025-10-12,2026-01-17,3.46,3564.74,59157.14
3273,1572,1,1,51,2025-01-11,2025-05-14,3.97,5884.18,111931.05
3274,1067,19,2,64,2025-03-12,2025-08-20,2.02,2733.08,79933.89
3275,363,20,3,45,2025-07-21,2025-12-08,6.75,7599.47,273993.83
3276,1051,1,3,69,2025-07-02,2025-09-29,3.92,5471.11,172430.04
3277,1271,7,1,20,2025-05-12,2025-08-08,1.16,2501.7,38987.83
3278,792,1,3,1,2025-06-09,2025-08-24,6.3,5742.92,276757.95
3279,1596,7,1,85,2025-10-19,2026-02-18,2.28,4749.88,52083.67
3280,449,1,1,50,2025-10-18,2026-01-16,6.21,11204.9,244843.24
3281,1242,1,2,9,2025-10-12,2026-04-03,2.98,5541.17,42872.61
3282,102,19,3,74,2025-06-03,2025-10-08,2.11,2761.76,114944.26
3283,293,19,3,34,2025-06-19,2025-09-20,3.45,7860.46,180157.63
3284,141,20,1,1,2025-05-12,2025-09-07,6.81,9720.08,218993.18
3285,428,20,2,80,2025-02-07,2025-07-02,9.75,9918.94,431688.43
3286,774,20,3,70,2025-02-20,2025-08-01,2.34,4032.77,100288.22
3287,919,23,3,95,2025-01-15,2025-05-05,4.92,10539.33,235962.14
3288,1239,19,1,27,2025-01-23,2025-06-22,5.48,12074.85,99199.86
3289,988,23,2,96,2025-10-08,2026-01-30,2.31,4140.36,126682.04
3290,983,20,2,81,2025-02-03,2025-05-31,2.16,2357.47,96834.82
3291,576,1,3,76,2025-04-04,2025-08-21,3.05,6037.13,157898.15
3292,60,1,1,60,2025-04-23,2025-08-30,3.2,7068.29,57521.31
3293,1577,23,2,96,2025-09-05,2025-12-18,1.27,2357.48,26938.84
3294,325,23,1,41,2025-09-10,2026-01-09,5.1,10955.71,182414.11
3295,1478,16,3,39,2025-04-25,2025-09-01,0.78,925.4,36580.11
3296,690,2,1,74,2025-10-19,2026-01-13,1.18,2657.59,34933.22
3297,1796,1,1,9,2025-10-01,2026-03-23,1.35,2641.63,73661.3
3298,1581,20,2,8,2025-04-12,2025-08-10,1.12,2388.46,58474.63
3299,876,2,3,69,2025-09-21,2026-02-17,0.75,1338.45,27652.42
3300,408,20,3,49,2025-09-12,2026-01-14,3.35,5593.71,118091.99
3301,787,41,2,44,2025-07-12,2025-12-11,4.12,4527.21,190350.39
3302,13,7,1,98,2025-10-06,2026-01-23,6.14,14001.93,99656.52
3303,897,20,2,88,2025-05-02,2025-10-23,0.77,1485.64,40262.63
3304,948,19,2,68,2025-12-07,2026-04-27,6.31,10517.61,244795.11
3305,373,19,2,14,2025-02-18,2025-05-31,3.03,3563.78,144001.26
3306,998,7,1,51,2025-03-12,2025-08-05,2.18,4186.95,34053.53
3307,1168,1,3,61,2025-05-24,2025-09-03,4.27,4942.02,144783.72
3308,55,14,3,83,2025-07-07,2025-10-14,5.43,11763.42,287551.43
3309,928,1,2,70,2025-11-17,2026-04-08,0.44,511.79,6975.35
3310,1578,23,1,29,2025-05-03,2025-09-20,5.12,8413.11,203310.9
3311,1212,2,3,96,2025-08-16,2025-12-19,5.24,8607.32,272652.51
3312,955,16,2,17,2025-05-06,2025-09-25,3.09,7313.79,142719.79
3313,1545,14,1,21,2025-10-18,2026-02-09,2.45,4529.94,123323.16
3314,1000,2,1,71,2025-01-13,2025-05-22,8.04,7361.47,259047.33
3315,777,1,1,96,2025-05-17,2025-09-25,3.59,4928.41,44295.48
3316,914,20,1,97,2025-08-19,2026-02-08,1.72,3112.55,25976.79
3317,1630,16,3,4,2025-06-16,2025-10-05,7.39,8985.56,306908.96
3318,196,1,1,3,2025-01-08,2025-06-17,2.97,5791.35,139927.77
3319,623,20,2,60,2025-09-06,2026-02-12,8.19,12551.2,395608.62
3320,730,1,1,71,2025-05-02,2025-07-22,3.44,6959.74,169869.53
3321,707,1,3,61,2025-03-20,2025-08-01,3.07,7024.46,136922.9
3322,1260,20,3,76,2025-11-25,2026-04-11,1.23,2398.07,64616.75
3323,126,20,1,50,2025-11-14,2026-03-23,3.86,9238.15,156098.31
3324,599,1,3,7,2025-10-01,2025-12-23,2.47,5074.44,56905.59
3325,277,23,1,10,2025-12-13,2026-05-14,0.67,1277.11,13876.95
3326,1297,14,1,80,2025-04-13,2025-07-24,1.25,2710.94,39642.95
3327,1768,14,1,6,2025-02-03,2025-07-06,9.38,18694.73,461286.46
3328,743,2,2,22,2025-09-08,2026-02-26,6.1,12514.96,146862.3
3329,1434,1,3,23,2025-06-03,2025-09-17,9.58,21062.23,266353.85
3330,1674,19,3,93,2025-11-14,2026-02-20,1.15,1568.29,33987.22
3331,1502,20,2,7,2025-04-17,2025-07-26,7.11,8404.72,352987.15
3332,1685,20,2,91,2025-04-18,2025-09-14,2.91,3663.89,101979.64
3333,231,14,3,73,2025-06-23,2025-09-23,5.6,10559.87,227889.96
3334,1214,2,1,52,2025-08-22,2025-11-17,1.66,2692.43,61105.09
3335,624,20,1,64,2025-01-22,2025-05-22,2.23,3053.4,81437.7
3336,1292,1,2,95,2025-04-10,2025-10-06,0.65,1382.12,19109.81
3337,149,19,2,38,2025-12-08,2026-03-25,0.49,1152.17,10930.91
3338,672,19,3,43,2025-05-21,2025-09-04,6,10982.09,204652.73
3339,775,1,2,41,2025-02-20,2025-07-03,7.95,17801.22,343117.18
3340,1768,19,3,59,2025-01-20,2025-05-22,4.58,7373.41,121311.21
3341,1527,2,3,26,2025-07-08,2025-09-24,3.92,6372.94,194444.36
3342,1491,19,1,8,2025-04-25,2025-09-27,1.78,2601.72,54203.31
3343,507,19,2,78,2025-05-21,2025-11-14,3.61,4078.56,187778.78
3344,537,1,1,57,2025-01-01,2025-03-24,6.42,6591.02,320291.87
3345,1315,14,3,98,2025-01-20,2025-04-23,5.97,13505.79,302270.61
3346,1773,20,1,86,2025-08-20,2026-01-07,0.74,1290.31,25667.28
3347,673,20,3,27,2025-02-04,2025-06-16,1.92,2992.39,81702.09
3348,544,19,2,34,2025-12-14,2026-05-22,1.22,1766.98,61635.02
3349,945,19,3,92,2025-08-25,2025-11-20,0.96,914.54,44070.95
3350,1524,20,3,77,2025-09-15,2025-12-25,1.89,4402.11,84053.63
3351,1198,2,3,97,2025-04-07,2025-08-28,2.23,4866.51,41517.45
3352,1067,2,3,92,2025-12-05,2026-05-01,1.85,2548.02,98507.77
3353,127,1,1,61,2025-07-21,2025-11-16,1.66,1888.67,53098.43
3354,358,1,2,65,2025-12-10,2026-04-12,2.6,3168.5,68683.87
3355,1514,14,1,59,2025-08-04,2025-11-30,5.08,7160.26,215063.85
3356,1625,1,2,51,2025-11-04,2026-02-11,6.12,12239.62,110465.6
3357,824,23,2,3,2025-06-13,2025-09-23,1.34,1985.45,32486.19
3358,1029,19,2,51,2025-01-12,2025-04-06,2.17,4469.56,64982.36
3359,103,2,1,38,2025-09-02,2025-12-01,0.56,934.14,15156.51
3360,1372,2,1,36,2025-07-07,2025-12-06,0.89,1598.33,36069.41
3361,1116,7,2,33,2025-05-07,2025-08-27,5.65,7957.99,298700.32
3362,1240,14,1,34,2025-07-17,2025-10-09,1,2318.24,54624.21
3363,528,16,1,37,2025-10-06,2026-01-29,6.47,6932.85,126171.78
3364,340,20,1,73,2025-02-24,2025-08-13,5.56,10182.43,214522.88
3365,1297,1,2,10,2025-07-22,2025-11-10,1.31,1336.55,18647.25
3366,226,19,2,70,2025-01-14,2025-04-11,5.38,7774.36,101945.37
3367,1508,20,2,76,2025-05-21,2025-10-05,8.16,8188.83,134937.34
3368,1622,19,2,58,2025-07-19,2025-12-02,1.64,2567.38,81618.02
3369,254,20,1,67,2025-07-01,2025-12-26,9.14,15825.76,174044.41
3370,350,2,1,70,2025-09-04,2026-01-30,0.72,1262.23,26846.24
3371,1772,2,1,60,2025-11-05,2026-02-03,1.96,4063.6,56234.95
3372,952,20,2,62,2025-02-21,2025-07-21,10.1,21471.02,422810.03
3373,684,20,2,46,2025-04-09,2025-07-16,2.25,4698.94,80247.24
3374,1592,1,1,9,2025-01-07,2025-05-30,7.67,11588.97,130007.38
3375,141,20,1,21,2025-12-02,2026-04-16,4.81,10932.05,200888.88
3376,1122,19,1,30,2025-07-16,2025-12-11,4.06,5110.95,192537.55
3377,1569,20,3,27,2025-09-16,2026-03-04,6.4,12414.02,78756.61
3378,716,23,1,8,2025-08-15,2025-11-30,5.65,9725.26,270479.77
3379,425,2,2,21,2025-12-02,2026-03-13,1.92,2665.71,68141.52
3380,700,20,2,15,2025-12-08,2026-05-20,2.11,3517.6,87422.9
3381,785,14,1,42,2025-03-15,2025-06-23,1.56,2183.45,44181.78
3382,366,23,3,63,2025-12-07,2026-02-24,3.45,3671.08,73722.26
3383,938,2,2,54,2025-07-17,2025-12-16,0.45,984.14,6266.26
3384,1740,19,1,14,2025-04-08,2025-08-04,0.98,1838.48,25168.03
3385,342,19,1,74,2025-02-13,2025-08-11,1.98,2686.47,88607.43
3386,770,14,3,70,2025-08-09,2025-11-27,1.22,1879.77,19756.61
3387,682,19,2,9,2025-09-01,2026-02-03,4.62,7894.09,92488.7
3388,1237,2,3,76,2025-03-09,2025-06-07,7.1,9212.72,230329.61
3389,299,14,1,81,2025-08-07,2025-11-18,1.2,1379.63,51483.87
3390,710,1,3,92,2025-02-10,2025-07-12,4.73,9129.45,113225.53
3391,586,1,2,44,2025-03-11,2025-06-16,2.08,4852.24,101149.9
3392,1037,19,3,70,2025-12-18,2026-04-29,0.81,1938.13,33204.46
3393,1577,1,3,99,2025-06-20,2025-11-17,1.43,1296.93,37117.45
3394,52,7,3,63,2025-11-04,2026-04-30,9.07,12385.04,270760.72
3395,1740,16,2,52,2025-08-12,2025-11-09,2.78,4389.34,139523.7
3396,892,23,3,75,2025-04-01,2025-09-17,4.03,3751.05,160498.71
3397,1258,2,3,25,2025-05-21,2025-11-09,1.74,2722.99,43617.32
3398,274,41,1,41,2025-05-16,2025-11-09,0.46,1056.73,13484.15
3399,484,19,2,40,2025-12-01,2026-05-20,2.39,2165.31,80983.9
3400,830,2,2,26,2025-06-14,2025-11-08,1.92,3158.67,97559.75
3401,1438,1,2,38,2025-09-07,2026-03-02,1.55,3193.33,47958.88
3402,873,2,1,11,2025-08-17,2025-12-12,1.59,2296.1,20495.86
3403,1358,19,2,2,2025-02-02,2025-07-29,2.29,3793.95,98153.28
3404,908,1,3,99,2025-09-04,2025-12-05,2.78,5442.35,137852.3
3405,1753,1,1,20,2025-03-20,2025-07-29,2.15,1946.13,117654.07
3406,1194,19,3,48,2025-06-13,2025-09-01,2.39,4843.17,58691.27
3407,1184,1,2,56,2025-10-21,2026-03-24,0.52,1202.85,9252.75
3408,1719,20,2,15,2025-01-04,2025-05-02,7.6,15641.17,374244.38
3409,1110,19,2,84,2025-04-12,2025-07-09,0.61,951.37,16640.37
3410,1316,19,1,62,2025-12-09,2026-06-06,1.27,1463.31,35029.84
3411,74,2,1,14,2025-09-10,2026-01-21,3.17,6920.92,127042.47
3412,1583,14,2,28,2025-01-02,2025-04-07,5.84,8406.16,245638.44
3413,1476,1,2,70,2025-01-21,2025-06-11,1.22,1852.46,55317.36
3414,492,2,2,69,2025-09-06,2025-12-06,3,5633.55,98039.18
3415,1448,2,2,67,2025-12-20,2026-05-01,0.71,1448.1,29392.81
3416,506,19,3,31,2025-07-17,2025-10-17,0.69,1424.85,27725.22
3417,1022,19,1,46,2025-12-12,2026-03-20,4.24,10027.7,76541.93
3418,842,1,2,46,2025-11-01,2026-03-05,3.73,7811.2,191138.27
3419,545,23,2,57,2025-05-16,2025-08-30,2.95,6102.95,53402.66
3420,1607,7,2,91,2025-07-22,2026-01-07,4.4,4165.2,132972.41
3421,825,19,2,71,2025-03-19,2025-09-07,5.23,10017.63,240612.75
3422,147,19,2,18,2025-06-22,2025-10-12,0.7,925,12618.35
3423,265,14,3,93,2025-03-11,2025-07-04,0.42,958.68,8912.38
3424,183,19,3,5,2025-06-09,2025-11-23,8.65,14713.27,356782.42
3425,1677,19,1,19,2025-01-09,2025-06-16,2.79,5702.55,41477.83
3426,808,2,1,4,2025-03-11,2025-08-14,5.45,11821.09,85171.81
3427,386,1,1,76,2025-05-07,2025-08-14,0.86,2029.15,28306.93
3428,459,19,2,57,2025-06-17,2025-10-06,4.8,11362.49,158539.29
3429,12,1,1,78,2025-01-22,2025-07-01,3.63,3902.95,138946.48
3430,1673,19,1,90,2025-03-11,2025-09-05,1.65,2193.52,69977.53
3431,1690,23,3,70,2025-08-10,2026-01-02,2.56,4033.48,98303.66
3432,657,23,3,89,2025-01-01,2025-06-02,7,7790.4,175913.2
3433,966,2,1,20,2025-03-17,2025-06-03,2.24,3282.28,54817.3
3434,422,16,2,89,2025-09-08,2026-02-07,2.09,3117.07,82721.07
3435,1178,1,3,53,2025-01-19,2025-06-14,2.35,4179.8,50935.39
3436,1450,19,1,14,2025-09-10,2025-12-20,1.13,1912.91,15943.77
3437,1418,19,2,22,2025-10-01,2025-12-25,4.65,11082.64,124492.98
3438,511,20,1,40,2025-09-16,2025-12-13,2.54,2326.39,92001.83
3439,439,19,1,50,2025-03-21,2025-08-24,4.3,7398.8,198304.19
3440,1463,1,3,27,2025-04-20,2025-09-09,2.17,4716.1,73336.79
3441,822,1,1,48,2025-11-10,2026-04-05,3.07,4419.7,152835.69
3442,1685,19,3,21,2025-03-17,2025-07-05,2.85,5295.83,79139.11
3443,688,1,2,56,2025-07-17,2025-11-18,5.07,4626.08,96342.47
3444,956,16,2,76,2025-06-07,2025-09-27,2.64,3871.19,107307.46
3445,1278,20,3,63,2025-07-08,2025-10-17,0.72,1274.41,22608.81
3446,1551,1,1,75,2025-02-18,2025-07-23,4.08,5280.23,121038.21
3447,1185,20,2,25,2025-08-21,2025-12-08,1.04,1485.9,36469.61
3448,751,19,1,13,2025-09-12,2026-01-03,2.04,2660.58,80766.35
3449,1755,19,1,19,2025-11-08,2026-01-30,2.79,4944.45,74649.44
3450,1076,19,2,47,2025-11-07,2026-04-06,4.62,4805.68,211424.61
3451,1260,7,1,83,2025-10-06,2026-03-30,3.47,3911.43,181100.56
3452,1534,2,3,86,2025-07-19,2025-10-02,0.52,967.84,9023.66
3453,1384,1,2,33,2025-08-06,2026-01-10,1.36,2482.42,71386.85
3454,1445,19,3,63,2025-04-09,2025-06-26,3.2,5910.19,105079.47
3455,1079,14,1,43,2025-02-17,2025-05-19,7.51,13676.5,348489.49
3456,733,23,1,73,2025-06-17,2025-12-13,1.5,3176.89,59620.27
3457,812,1,2,40,2025-07-07,2025-11-15,1.36,3047.55,51985.28
3458,282,19,1,11,2025-11-01,2026-01-15,1.97,2881.65,47586.23
3459,1532,20,3,65,2025-06-24,2025-10-07,1.81,3308.28,70408.07
3460,1235,41,3,79,2025-12-09,2026-04-26,1.52,2204.86,21203.97
3461,1160,1,1,26,2025-03-18,2025-08-04,7.34,15603.46,121127.58
3462,697,14,3,100,2025-09-12,2025-12-30,6.83,13236.25,198529.99
3463,1513,20,2,7,2025-05-14,2025-09-01,2.4,4631.54,42236.84
3464,1634,1,3,28,2025-05-25,2025-11-08,2.9,4593.27,108312.63
3465,971,14,3,86,2025-11-08,2026-04-27,0.54,1188.11,17049.62
3466,1122,2,3,83,2025-11-12,2026-02-16,4.68,6495,255079.51
3467,894,19,3,84,2025-01-15,2025-06-24,8.96,13237.2,153949.34
3468,1645,20,3,49,2025-01-01,2025-03-23,0.5,887.25,9517.52
3469,1282,1,2,90,2025-11-03,2026-02-06,9.13,20290.66,174251.98
3470,1668,14,3,82,2025-12-08,2026-03-29,4.27,9576.29,198450.09
3471,1662,19,2,73,2025-12-18,2026-06-13,1.04,1036.84,46524.54
3472,1472,1,2,21,2025-02-03,2025-07-24,3.72,3561.74,88415.73
3473,578,19,3,14,2025-01-10,2025-05-28,0.77,696.62,19672.89
3474,1176,2,3,9,2025-09-03,2025-11-22,2.92,2695.94,92109.02
3475,1524,16,1,36,2025-06-21,2025-10-16,1.21,1786.48,27052.22
3476,1051,1,1,27,2025-09-04,2026-01-01,2.13,4897.07,114529.72
3477,508,19,1,37,2025-08-22,2026-02-16,2,2765.13,57471.14
3478,509,7,2,100,2025-05-06,2025-08-14,4.08,9621.79,118383.43
3479,1358,19,3,55,2025-08-10,2025-11-08,2.87,4335.02,101949.99
3480,1767,1,1,35,2025-05-02,2025-08-11,0.65,644.07,13441.91
3481,86,19,3,73,2025-09-06,2026-02-07,2.73,3201.11,68069.44
3482,660,1,1,98,2025-01-17,2025-05-09,6.46,13926.19,149166.71
3483,666,1,2,80,2025-12-09,2026-03-19,3.79,4693.89,129160.02
3484,762,23,1,3,2025-07-07,2025-10-19,3.07,6787.55,143076.79
3485,1194,19,2,100,2025-03-04,2025-06-13,0.46,624.62,23029.53
3486,550,20,1,24,2025-03-14,2025-07-02,1.63,3137.04,21417.36
3487,1094,23,2,29,2025-05-11,2025-10-25,0.8,1645.18,29806.16
3488,1786,14,2,57,2025-03-04,2025-08-31,6.63,14314.69,147269.12
3489,280,20,3,26,2025-02-18,2025-05-24,0.46,1034.54,6543.12
3490,624,1,1,29,2025-11-20,2026-05-10,8.03,13416.26,413697.9
3491,767,19,2,97,2025-10-17,2026-01-26,1.51,1715.02,27395.67
3492,1106,20,2,92,2025-04-05,2025-08-13,1.87,2659.83,25066.92
3493,944,1,3,45,2025-01-21,2025-07-17,8.72,17897.37,412905.56
3494,60,1,2,86,2025-04-09,2025-08-14,1.78,2392.6,27965.57
3495,124,20,1,88,2025-08-04,2025-12-16,10.3,18916.03,324890.86
3496,1105,19,2,86,2025-04-09,2025-06-29,2.81,4373.25,62134.3
3497,1265,1,1,7,2025-01-19,2025-07-09,2.35,4857.23,96146.2
3498,1219,19,2,11,2025-07-02,2025-09-25,5.26,11653.79,114432.47
3499,890,20,1,48,2025-11-19,2026-03-25,7.74,14966.49,307706.03
3500,293,2,2,53,2025-11-07,2026-02-10,6.9,8461.58,332552.45
3501,900,20,3,54,2025-06-02,2025-09-06,8.81,16526.11,177107.73
3502,592,14,2,85,2025-01-23,2025-04-21,1.13,2175.12,41107.84
3503,1529,19,3,67,2025-04-16,2025-08-06,8.33,10551.6,434170.54
3504,300,1,1,45,2025-01-14,2025-07-02,0.96,2108.87,15785.75
3505,1619,16,1,24,2025-09-22,2026-01-17,0.8,1501.34,32219.36
3506,21,2,1,93,2025-02-23,2025-07-17,9.12,14710.6,318862.41
3507,892,1,3,49,2025-10-05,2026-03-11,2.43,5722.65,85933.4
3508,394,19,2,60,2025-07-16,2025-11-11,1.86,4098.2,51620.87
3509,232,14,1,15,2025-06-04,2025-10-25,5.78,6320.64,176238.81
3510,1127,2,2,31,2025-03-15,2025-06-08,3.89,8566.39,148084.87
3511,1018,14,3,18,2025-08-12,2025-11-28,5.08,9996.81,217067.69
3512,656,20,2,44,2025-10-19,2026-04-12,1.69,2402.32,74086.25
3513,1487,14,1,42,2025-08-15,2025-12-15,1.72,3205.67,46431.35
3514,131,2,2,30,2025-07-07,2025-10-18,1.37,2144.05,64803.96
3515,1150,2,1,28,2025-01-02,2025-06-25,4.36,10359.55,224479.74
3516,1107,20,3,69,2025-05-07,2025-08-04,0.7,1378.99,16047.84
3517,1110,19,2,77,2025-10-19,2026-03-31,1.27,1262.32,22177.09
3518,1345,19,2,45,2025-08-25,2026-01-11,5.31,6828.56,107651.39
3519,559,19,3,1,2025-08-04,2025-11-30,2.62,4059.45,76366.12
3520,1221,19,2,97,2025-08-05,2025-12-16,0.41,391.76,8459.81
3521,1789,23,2,22,2025-10-25,2026-04-06,0.93,964.07,32726.39
3522,1467,2,3,95,2025-08-04,2025-11-13,5.38,4926.06,103701.23
3523,1306,19,2,99,2025-02-11,2025-07-23,2.05,2718.93,97538.22
3524,103,19,2,56,2025-02-21,2025-06-04,6.15,6049.67,314190.31
3525,1168,1,3,13,2025-09-12,2026-01-15,5.73,5330.32,253503.5
3526,43,1,1,74,2025-08-11,2025-12-13,7.68,15967.28,283842.96
3527,216,19,1,50,2025-02-06,2025-07-24,1.39,2677.18,46390.18
3528,190,19,3,7,2025-05-11,2025-08-15,5.5,7002.54,287912.41
3529,11,1,1,32,2025-01-07,2025-05-14,4.34,6939.08,121609.76
3530,1476,1,2,45,2025-06-05,2025-11-04,2.29,5077.17,121619.41
3531,176,7,1,42,2025-01-09,2025-07-08,8.95,18315.62,238433.04
3532,74,2,1,51,2025-12-13,2026-03-25,3.78,3907.77,204186.6
3533,958,1,1,69,2025-08-11,2025-11-23,3.1,5676.06,112508.09
3534,1039,20,3,73,2025-11-19,2026-05-02,6.13,6620.25,229524.42
3535,1765,41,1,96,2025-05-10,2025-08-17,0.48,1008.98,11075.62
3536,467,1,2,52,2025-10-02,2026-03-09,4.6,9719.3,119507.05
3537,215,2,1,41,2025-05-08,2025-09-19,1.35,2753.09,19350.8
3538,1309,1,1,57,2025-07-10,2025-10-14,1.81,1750.61,63401.17
3539,1103,20,1,28,2025-06-13,2025-09-08,5.69,13180.4,297428.43
3540,74,2,1,22,2025-06-15,2025-09-10,1.28,1915.29,68687.38
3541,276,19,2,9,2025-04-23,2025-08-22,5.32,5532.77,178901.82
3542,577,19,3,64,2025-07-17,2026-01-03,6.14,12165.93,249053.48
3543,7,1,2,4,2025-06-03,2025-10-22,1.47,3253.66,60985.76
3544,1303,14,1,98,2025-01-16,2025-06-01,0.52,769.14,19274.46
3545,351,20,3,23,2025-11-12,2026-01-30,7.17,15926.27,276208.7
3546,618,19,2,61,2025-09-07,2025-12-18,4.65,10916.28,111844.15
3547,399,7,3,55,2025-05-06,2025-09-12,1.07,2392.63,33690.98
3548,611,1,2,2,2025-10-15,2026-03-06,8.72,9624.21,190612.67
3549,1748,19,1,5,2025-04-20,2025-10-05,0.47,446.63,7719.63
3550,1355,1,1,28,2025-04-11,2025-07-19,1.59,2817.03,40601.92
3551,1683,7,3,20,2025-11-05,2026-02-21,5.78,12364,130008.02
3552,1624,14,2,35,2025-03-11,2025-08-13,0.99,2093.94,29681.94
3553,1074,20,1,65,2025-11-05,2026-03-13,2.79,3143.37,85791.21
3554,416,20,2,96,2025-11-23,2026-04-02,1.99,2107.92,67756.58
3555,954,14,1,65,2025-07-21,2025-11-09,1.17,1441.26,57585.74
3556,1533,19,2,53,2025-11-09,2026-05-04,5.18,8793.18,101794.03
3557,491,2,3,30,2025-12-11,2026-03-22,0.66,1438.37,11168.42
3558,970,2,3,75,2025-07-19,2025-11-20,4.53,5424.33,246932.61
3559,322,19,2,21,2025-12-06,2026-03-04,1.81,4127.37,84332.84
3560,588,1,1,63,2025-01-13,2025-04-05,2.39,4796.2,42544.02
3561,1782,20,2,70,2025-04-05,2025-10-02,1.71,2394.03,42564.28
3562,818,14,1,40,2025-02-04,2025-06-04,1.12,2124.77,52257.64
3563,736,2,2,37,2025-05-07,2025-09-06,0.72,875.72,16280.48
3564,1701,16,2,45,2025-04-07,2025-07-04,4.81,6441.96,171294.9
3565,1039,19,1,78,2025-05-21,2025-10-02,2.13,2619.02,104339.67
3566,1721,41,2,38,2025-11-15,2026-05-12,3.64,5328.48,90103.16
3567,122,19,3,53,2025-07-16,2025-10-05,6.17,13874.55,230641.32
3568,664,1,1,95,2025-04-10,2025-07-01,3.5,6989.59,47714.85
3569,1409,1,1,78,2025-11-21,2026-02-17,0.94,1410.51,49550.98
3570,968,14,1,59,2025-05-18,2025-10-01,1.64,2855.7,76340.33
3571,1316,14,2,87,2025-11-24,2026-04-10,8.34,19411.85,137758.75
3572,513,20,3,36,2025-11-03,2026-03-17,4.56,8231.46,243096.71
3573,1482,23,1,27,2025-06-17,2025-11-15,2.11,3147.65,56838.6
3574,345,1,2,82,2025-01-15,2025-05-09,1.3,1321.64,33683.07
3575,1469,16,2,1,2025-12-15,2026-04-27,1.2,2712.45,56802.79
3576,1379,20,1,57,2025-03-25,2025-08-17,3.59,5301.08,119068.51
3577,1044,1,3,53,2025-07-17,2025-11-21,1.57,2858.27,59842.17
3578,1045,1,1,54,2025-09-05,2026-02-03,1.06,1877.06,26940.06
3579,844,20,3,54,2025-05-18,2025-10-25,2.63,3247.48,130773.93
3580,79,1,1,69,2025-01-22,2025-04-20,0.43,975.65,18701.13
3581,1567,19,3,4,2025-06-20,2025-09-20,3.29,6988.12,106349.48
3582,743,1,3,5,2025-07-21,2025-10-26,6.94,9615.39,363298.44
3583,399,41,3,44,2025-05-18,2025-08-07,0.89,1909.1,35499.96
3584,58,1,2,31,2025-05-07,2025-08-27,0.67,725.86,33232.79
3585,292,19,3,40,2025-01-09,2025-04-25,8,7350.85,271691.43
3586,235,20,2,5,2025-12-03,2026-02-24,4.41,5722.75,228919.11
3587,1317,19,1,99,2025-12-11,2026-03-25,0.45,847.36,17989.7
3588,722,2,3,12,2025-11-10,2026-03-30,4.46,4324.8,241324.29
3589,471,14,3,51,2025-12-04,2026-04-17,5.65,12982.02,105506.17
3590,441,23,3,42,2025-05-20,2025-10-20,10.64,16147.59,170541.51
3591,873,2,1,67,2025-10-15,2026-01-26,1.34,3015.1,34384.89
3592,603,1,3,79,2025-02-19,2025-07-11,4.85,9439.63,79582.9
3593,263,20,3,26,2025-03-13,2025-06-21,3.34,4096.81,157899.68
3594,579,41,3,52,2025-05-14,2025-10-26,0.77,1684.31,16330.16
3595,1736,23,3,39,2025-04-13,2025-08-04,1.94,3331.76,96389.03
3596,184,1,1,16,2025-05-14,2025-10-15,3.04,6544.4,132044.98
3597,1416,7,1,76,2025-03-03,2025-08-13,3.22,5525.86,76635.37
3598,833,19,2,63,2025-10-10,2026-02-26,6.18,11366.69,122998.26
3599,660,20,2,20,2025-06-04,2025-10-11,1.85,1809.96,35687.7
3600,1431,19,2,66,2025-05-08,2025-09-13,7.07,10345.85,240612.16
3601,140,1,3,60,2025-11-17,2026-03-30,0.47,676.72,24450.99
3602,1417,1,1,88,2025-09-12,2025-12-14,4.18,9400.58,160995.73
3603,1149,19,3,22,2025-01-09,2025-06-07,2.03,3916.16,107896.52
3604,540,23,2,25,2025-07-18,2025-11-12,1.4,3113.19,55557.56
3605,922,1,3,19,2025-01-04,2025-04-28,4.7,7461.48,192844.01
3606,195,20,1,87,2025-08-22,2025-11-30,3.78,4686.18,52712.79
3607,1557,19,2,15,2025-12-24,2026-04-22,2.21,3868.44,108020.98
3608,590,19,1,50,2025-06-08,2025-12-05,6.85,14894.88,179111.08
3609,1371,2,3,78,2025-02-11,2025-06-18,2.77,4262.92,104814.59
3610,395,41,2,41,2025-08-10,2026-01-18,1.02,1644.19,25388.99
3611,997,41,3,30,2025-08-09,2026-02-04,5.82,12228.47,100658.94
3612,111,41,2,59,2025-01-05,2025-05-21,5.52,6640.59,252038.71
3613,1328,2,1,6,2025-08-02,2025-11-09,5.36,11971,293645.05
3614,1698,7,1,5,2025-07-16,2025-12-25,1.5,1390.53,31957.71
3615,1189,14,1,29,2025-02-13,2025-07-17,11.26,20473.71,528266.12
3616,1278,19,3,41,2025-04-14,2025-08-24,1.27,2211.91,29621.33
3617,424,1,3,57,2025-01-23,2025-04-21,7.17,7517.28,324003.21
3618,507,19,3,54,2025-02-25,2025-05-29,8.68,19180.66,417801.09
3619,843,20,3,22,2025-08-21,2026-01-31,5.34,11875.82,96304.58
3620,942,19,3,68,2025-06-19,2025-11-20,7.04,16415.22,236292.8
3621,561,23,2,75,2025-11-23,2026-02-28,2.97,5806.51,121534.15
3622,870,14,2,95,2025-04-19,2025-08-19,7.55,6984.26,146002.03
3623,1233,1,3,23,2025-10-03,2026-02-19,0.96,1116.42,15654.1
3624,244,1,2,3,2025-12-14,2026-05-28,2.23,2671.52,84617.55
3625,254,20,2,64,2025-05-13,2025-10-16,3.42,5667.59,150964.79
3626,79,2,2,11,2025-04-13,2025-08-26,0.75,926.32,22637
3627,1216,1,1,21,2025-06-14,2025-11-02,5.23,5833.82,270846.36
3628,850,1,1,24,2025-02-10,2025-07-02,0.65,1428.43,14357.52
3629,1778,7,2,83,2025-06-22,2025-09-17,1.48,3170.08,27141.12
3630,472,19,1,86,2025-03-16,2025-07-16,0.97,2239.09,17976.35
3631,952,16,1,99,2025-10-22,2026-01-24,8.19,19440.85,191490.32
3632,1635,1,3,67,2025-04-13,2025-09-18,0.68,1298.14,34616.45
3633,1638,20,3,21,2025-03-07,2025-06-06,1.53,2387.03,48058.13
3634,1677,20,2,95,2025-03-06,2025-08-28,2.59,5591.12,102208.84
3635,1603,1,1,71,2025-05-24,2025-11-19,0.7,1523.71,27347.17
3636,794,19,3,25,2025-01-24,2025-06-03,0.5,1028.75,18167.38
3637,231,14,3,56,2025-02-14,2025-05-22,5.54,8054.42,168593.36
3638,1163,2,1,87,2025-08-21,2025-11-11,1.59,3149.74,28213.65
3639,1554,23,3,39,2025-04-19,2025-07-05,6.83,13546.87,316275.97
3640,448,19,2,63,2025-06-13,2025-08-27,2.46,5483.46,42850.21
3641,461,20,3,30,2025-09-24,2026-03-06,2.71,4230.14,120009.37
3642,1570,14,2,72,2025-05-22,2025-10-05,0.83,1191.84,38674.28
3643,226,20,2,50,2025-10-02,2025-12-16,5.12,10758.13,205217.38
3644,1039,19,2,67,2025-12-18,2026-05-11,3.07,5221.62,98767.57
3645,71,14,2,38,2025-11-09,2026-02-10,3.1,4098.26,79140.77
3646,1327,19,2,14,2025-12-13,2026-04-12,0.87,2081.83,26203.38
3647,199,19,1,64,2025-09-22,2026-01-11,2.09,3474.6,77452.33
3648,765,19,2,44,2025-04-23,2025-09-09,0.73,942.89,29402.64
3649,1697,7,2,29,2025-10-16,2026-02-21,1.04,2098.28,56959.01
3650,238,20,2,63,2025-12-03,2026-05-03,3.47,7537.29,126957.34
3651,1615,23,3,75,2025-08-05,2026-02-01,1.47,3161.14,25966.41
3652,1399,19,3,38,2025-12-23,2026-05-14,8.14,15082.13,340489.04
3653,54,19,2,29,2025-12-03,2026-02-26,1.56,2529.26,64182.25
3654,1027,19,3,11,2025-12-18,2026-05-01,0.5,838.1,10597.19
3655,549,19,1,21,2025-04-16,2025-08-15,2.77,2514.51,147924.56
3656,4,20,1,36,2025-10-15,2026-03-18,2.49,4338.14,85069.79
3657,1707,20,1,24,2025-10-09,2026-01-11,1.46,1685.88,64206.58
3658,699,20,2,100,2025-05-08,2025-10-09,0.61,757.77,29056.97
3659,1377,1,1,71,2025-05-17,2025-08-13,3.18,7598.22,82825.6
3660,1696,23,1,46,2025-04-08,2025-09-30,3.41,4040.3,53011.69
3661,1542,7,2,21,2025-10-11,2026-03-02,1.01,1484.82,51732.15
3662,925,41,3,25,2025-09-08,2025-12-06,10.09,13133.77,340820.1
3663,408,20,2,11,2025-01-13,2025-04-04,3.38,6404.29,121567.07
3664,128,23,3,18,2025-11-06,2026-05-03,1.55,2846.42,52229.36
3665,1665,14,3,13,2025-06-03,2025-11-14,3.89,5903.12,57627.61
3666,841,19,1,24,2025-01-02,2025-03-22,8.22,17176.16,421050.49
3667,1300,19,2,76,2025-11-13,2026-02-15,1.82,3976.21,53343.24
3668,71,14,2,8,2025-01-15,2025-07-02,3.06,4022.98,37400.15
3669,1391,19,2,22,2025-09-25,2026-02-15,10.99,22191.85,342799.18
3670,710,14,2,82,2025-04-14,2025-09-01,5.37,11588.13,253772.05
3671,1292,1,1,96,2025-05-11,2025-08-05,0.64,1135.13,34238.48
3672,375,2,2,77,2025-06-07,2025-09-27,0.83,1481.62,24772.23
3673,476,1,3,9,2025-06-24,2025-10-21,2.6,5588.97,95042.74
3674,1518,14,3,17,2025-05-20,2025-08-27,1.97,4363.22,37896.72
3675,1764,19,2,11,2025-11-25,2026-02-14,0.8,1261.95,18024.86
3676,419,19,2,64,2025-03-01,2025-08-19,4.15,5063.99,66907.19
3677,1330,1,3,10,2025-04-22,2025-08-19,0.9,1783.73,11889.75
3678,1231,23,3,11,2025-12-13,2026-05-28,5.88,10508.85,283754.34
3679,1484,20,3,48,2025-09-04,2025-11-20,1.72,2827.32,61879.85
3680,1311,1,1,4,2025-03-09,2025-05-31,8.32,9052.31,277844.88
3681,1679,1,1,1,2025-02-01,2025-06-13,2.45,2578.18,41135.7
3682,748,1,2,42,2025-10-23,2026-01-27,2.04,4513.3,30423.24
3683,113,19,1,60,2025-08-24,2026-01-05,1.59,3572.53,20228.98
3684,1136,20,3,3,2025-01-15,2025-04-02,3.43,5920.03,69924.49
3685,1443,1,3,66,2025-07-10,2025-10-22,4.06,6889.37,120168.15
3686,1195,19,2,90,2025-06-09,2025-12-03,2.85,5454.67,127360.12
3687,664,19,3,68,2025-07-16,2025-11-13,7.93,14129.78,250019.66
3688,175,7,3,15,2025-12-24,2026-03-22,2.41,2614.87,124692.81
3689,588,19,3,34,2025-10-02,2026-02-17,3.4,3934.96,44457.49
3690,1146,20,1,46,2025-03-24,2025-08-04,1.29,3016.85,18697.34
3691,1553,23,2,55,2025-06-23,2025-12-15,1.66,2647.3,66933.31
3692,783,7,2,30,2025-10-16,2026-02-01,0.75,1572.41,20734.02
3693,297,19,1,37,2025-12-06,2026-05-05,0.8,762.37,30561.66
3694,722,1,3,45,2025-07-11,2025-10-15,4.79,5289.71,185112.73
3695,503,1,3,68,2025-09-10,2025-11-24,1.51,1690.83,74184.73
3696,1759,1,2,18,2025-03-21,2025-07-04,0.51,938.53,21002.23
3697,687,1,3,72,2025-12-20,2026-04-15,3.65,4299.73,172334.91
3698,1011,41,3,22,2025-06-04,2025-10-26,5.24,6875.83,124486.49
3699,1610,14,3,89,2025-02-12,2025-06-15,2,3995.15,29939.88
3700,595,14,3,65,2025-06-16,2025-09-12,1.59,3098.41,37914.53
3701,1005,19,3,8,2025-07-24,2026-01-04,3.6,4110.07,152009.01
3702,1646,1,1,34,2025-09-08,2026-01-02,1.28,2555.24,44621.17
3703,648,19,1,19,2025-11-14,2026-02-21,2.63,3755.38,62174.18
3704,373,2,1,27,2025-06-23,2025-12-18,3.13,6990.77,70927.99
3705,511,20,3,38,2025-01-13,2025-04-30,0.6,546.66,26014.67
3706,1745,19,1,56,2025-08-21,2025-12-07,5.08,10090.6,198820.87
3707,1698,41,2,67,2025-04-25,2025-10-05,2.03,4855.12,84219.34
3708,1194,14,1,81,2025-11-25,2026-04-01,1.4,2422.8,19877.98
3709,50,19,2,53,2025-02-23,2025-05-19,1.17,1325.51,51052.76
3710,74,2,1,3,2025-02-01,2025-07-17,2.44,2972.24,77095.5
3711,675,20,2,96,2025-11-15,2026-04-02,1.96,3292.89,103966.98
3712,797,16,3,15,2025-07-06,2025-11-16,0.43,998.26,22549.64
3713,1167,1,3,84,2025-02-04,2025-05-28,0.75,1732.8,39559.27
3714,192,14,2,54,2025-08-12,2025-10-26,1.54,3290.46,49339.36
3715,1266,1,1,24,2025-01-21,2025-05-03,0.83,1386.21,37947.75
3716,606,19,1,98,2025-05-11,2025-08-16,6.48,7810.85,202535.56
3717,560,2,2,13,2025-07-23,2025-12-30,3.92,5867.77,95530.52
3718,147,16,2,78,2025-03-13,2025-09-07,1.29,2206.56,26453.31
3719,371,1,3,100,2025-11-19,2026-02-21,0.99,2256.33,45939.59
3720,1365,20,3,61,2025-11-22,2026-02-09,2.68,2972.48,72790.81
3721,1050,20,3,14,2025-01-04,2025-04-05,4.51,8544.89,115264.69
3722,928,14,3,28,2025-05-25,2025-11-03,0.6,1027.59,22902.1
3723,52,41,3,11,2025-10-14,2026-03-14,0.5,1158.64,12724.19
3724,1412,20,1,69,2025-01-20,2025-04-21,10.78,18376.08,274471.02
3725,1659,20,1,25,2025-05-02,2025-10-13,6.8,7049.13,91565.42
3726,207,1,3,17,2025-09-04,2026-01-29,1.14,2632.13,39662.78
3727,301,19,3,87,2025-01-25,2025-05-22,4.29,5628.89,137206.77
3728,1399,19,2,16,2025-04-14,2025-09-06,1,1904.14,46802.76
3729,1096,1,3,26,2025-12-07,2026-05-18,3.61,5272,57899.14
3730,1562,14,3,85,2025-12-14,2026-03-07,4.38,4461.38,180377.3
3731,1424,2,3,1,2025-04-16,2025-10-06,0.77,1780.18,26202.52
3732,795,1,3,95,2025-07-06,2025-12-20,1.5,3148.28,70117.36
3733,1316,19,1,84,2025-01-11,2025-07-04,1.65,2796.12,89269.13
3734,42,20,1,28,2025-12-22,2026-04-09,1.47,1601.71,45094.35
3735,1395,19,1,39,2025-12-02,2026-03-02,5.21,9095.92,278944.88
3736,1017,14,3,11,2025-01-17,2025-07-10,7.26,8318.07,206650.35
3737,406,14,2,86,2025-07-10,2025-09-29,0.49,1155.31,23281.99
3738,300,19,1,65,2025-05-16,2025-10-10,1.39,2533.46,23446.9
3739,695,41,3,14,2025-09-12,2026-02-19,3.44,6028.59,90688.44
3740,785,19,2,65,2025-01-17,2025-04-07,2.81,2746.9,95943.56
3741,216,2,2,32,2025-07-20,2025-11-11,3.54,6963.79,65561.86
3742,1250,23,1,93,2025-09-04,2026-02-15,4.45,4697.16,60197.73
3743,1678,1,2,46,2025-09-11,2026-02-04,0.68,1016.57,35419.56
3744,145,41,1,48,2025-12-18,2026-06-08,1.26,1947.19,63698.64
3745,1626,14,2,82,2025-05-02,2025-09-07,0.78,1639.06,36226.05
3746,971,1,3,22,2025-09-22,2026-02-25,0.88,1893.69,33031.03
3747,905,19,2,1,2025-02-03,2025-07-18,6.48,7589.36,333469.55
3748,1290,2,3,35,2025-01-08,2025-04-15,3.52,7432.15,175968.89
3749,343,20,1,68,2025-08-03,2026-01-19,11.71,21361.7,282711.24
3750,1641,19,3,18,2025-11-12,2026-05-09,1.57,2249.99,31750.35
3751,779,2,3,22,2025-09-07,2025-12-22,3.63,7837.24,127998.28
3752,295,19,1,22,2025-07-20,2025-12-19,7.54,10746.61,297990.05
3753,1398,19,1,7,2025-04-18,2025-08-08,4.62,8926.38,215899.54
3754,808,19,2,12,2025-08-23,2025-12-17,2.89,3427.67,54872.8
3755,1726,1,1,23,2025-04-06,2025-09-14,1.61,3409.33,20787.14
3756,1310,1,1,84,2025-11-19,2026-02-07,2.32,2791.71,106076.54
3757,1022,2,3,92,2025-11-07,2026-02-21,9.07,10898.71,121045.16
3758,1262,20,2,63,2025-03-08,2025-07-17,8.86,21126.17,172139.25
3759,1292,2,1,2,2025-11-04,2026-04-12,0.55,1134.44,26252.25
3760,855,19,1,27,2025-01-06,2025-06-10,1.34,2579.46,32425.76
3761,1042,20,2,50,2025-04-07,2025-09-02,6.03,13917.94,103867.77
3762,959,1,3,89,2025-08-25,2026-02-05,3.14,5458.85,51276.24
3763,680,23,3,94,2025-06-05,2025-11-07,4.5,8843.77,182016.08
3764,1343,19,1,79,2025-10-01,2026-01-09,1.45,1954.41,60435.31
3765,212,2,1,85,2025-08-06,2025-12-20,1.4,1390.15,23556.15
3766,1146,20,2,95,2025-05-15,2025-09-25,2.06,2977.12,55782.36
3767,942,1,1,90,2025-01-06,2025-06-07,1.88,2003.79,45916.95
3768,900,2,2,94,2025-02-18,2025-05-26,5.38,6966.84,201475.32
3769,1141,19,1,43,2025-02-19,2025-07-07,1.53,1466.08,79507.73
3770,197,20,1,12,2025-06-14,2025-08-28,9.11,19502.86,234672.22
3771,377,2,2,49,2025-05-04,2025-10-30,2.17,5037.78,57966.98
3772,1012,41,3,63,2025-10-12,2026-02-25,1.86,3863.6,75255.68
3773,1426,14,1,79,2025-10-18,2026-02-23,3.42,7743.52,86827.84
3774,767,14,3,3,2025-10-06,2026-01-15,1.06,1878.57,30968.26
3775,411,2,2,69,2025-04-20,2025-08-11,0.55,1050.13,20653.75
3776,1046,2,3,93,2025-03-23,2025-07-28,2.24,3123.01,115052.17
3777,1494,20,1,72,2025-01-10,2025-04-20,8.5,19274.38,172021.18
3778,1561,14,2,64,2025-10-04,2026-02-10,1.6,3313.83,25072.55
3779,49,19,1,61,2025-10-25,2026-03-22,1.09,1945.22,50555.01
3780,679,1,2,36,2025-04-22,2025-08-07,4.39,9539.46,91261.64
3781,642,1,1,12,2025-09-05,2026-02-22,1.05,2382.34,32148.23
3782,1220,19,3,81,2025-08-19,2025-12-16,3.39,6161.26,166230.49
3783,1652,1,3,39,2025-04-24,2025-08-14,1.18,1456.04,43279.96
3784,475,23,2,9,2025-06-22,2025-09-09,1.27,1568.56,57075.33
3785,319,20,1,16,2025-02-17,2025-06-25,5.13,5599.88,117820.85
3786,351,1,2,26,2025-11-22,2026-05-11,0.53,1058.24,13996.7
3787,1515,19,2,30,2025-12-08,2026-03-09,1.78,2190.11,49565.53
3788,984,20,3,82,2025-12-03,2026-05-26,0.69,1390.55,32012.96
3789,318,7,2,82,2025-11-14,2026-04-30,3.84,9140.7,51777.16
3790,1133,19,2,89,2025-06-23,2025-09-19,7.89,15257,282587.27
3791,1671,23,3,20,2025-04-20,2025-08-31,2.32,2327.09,30327.92
3792,408,1,1,78,2025-10-24,2026-02-10,1.97,4483.36,100354.87
3793,1277,20,1,100,2025-10-20,2026-01-05,1.83,1884,40095.1
3794,1652,1,2,23,2025-07-14,2026-01-08,1.6,3269.16,48962.8
3795,47,23,1,14,2025-12-23,2026-05-23,1.83,3763.33,98191.89
3796,1309,1,3,4,2025-12-21,2026-05-19,2.08,3482.73,90384.45
3797,1225,23,1,95,2025-04-06,2025-08-15,1.76,4067.83,56793.13
3798,1023,19,3,13,2025-02-08,2025-06-30,1.22,1946.5,15442.79
3799,992,1,2,55,2025-10-25,2026-01-14,3.57,6390.85,173242.12
3800,1427,1,2,70,2025-06-04,2025-09-13,2.35,2690.37,73201.12
3801,44,20,1,93,2025-02-16,2025-07-04,1.45,2516.85,76670.63
3802,812,19,1,46,2025-08-15,2025-11-13,10.69,23240.67,481773.3
3803,1712,19,2,7,2025-12-06,2026-05-01,2.54,2799.81,96561.07
3804,1220,20,2,70,2025-07-02,2025-09-27,4.15,7045.37,164521.65
3805,959,1,3,10,2025-03-08,2025-07-31,0.77,946.97,30610.03
3806,394,1,1,21,2025-07-11,2025-11-21,1.83,2575.44,79980.37
3807,1323,14,2,69,2025-05-25,2025-09-14,1.16,1816.05,26018.04
3808,1790,41,2,21,2025-05-03,2025-10-08,9.42,14923.18,217651.09
3809,452,14,2,61,2025-05-01,2025-07-30,3.19,3263.68,174455.38
3810,1309,1,2,41,2025-06-20,2025-12-17,8.54,19267.28,362207.26
3811,1774,23,3,61,2025-06-05,2025-10-21,1.48,1764.73,70170.38
3812,561,23,3,87,2025-08-25,2025-12-28,2.84,4314.12,126301.55
3813,413,20,2,20,2025-02-09,2025-07-23,2.79,3630.67,146776.11
3814,988,23,3,48,2025-02-03,2025-06-18,8.5,16736.32,402719.65
3815,783,7,1,42,2025-05-23,2025-09-10,3,5826.13,74883.24
3816,1450,19,2,33,2025-09-04,2026-01-11,2.03,1949.22,65595.5
3817,1354,14,1,98,2025-08-18,2025-12-03,10.01,12292.45,435456.24
3818,924,19,2,59,2025-03-16,2025-09-07,10.57,20424.05,200031.44
3819,997,20,3,30,2025-07-21,2025-12-18,8.47,15770.45,147298.08
3820,1577,23,2,95,2025-04-23,2025-08-04,1.22,2459.24,58135.28
3821,972,20,3,59,2025-02-21,2025-07-22,4.3,4521.35,225829.82
3822,614,2,2,53,2025-10-01,2026-01-27,0.87,1300.58,24647.4
3823,1575,19,2,53,2025-02-10,2025-05-27,5.77,8595.37,224593.85
3824,1497,20,1,44,2025-05-01,2025-10-23,0.95,1713.07,45757.71
3825,1163,19,2,51,2025-06-24,2025-11-11,0.71,1177.25,11261.68
3826,1690,23,3,41,2025-06-06,2025-10-10,3.92,9349.19,111556.58
3827,910,1,3,66,2025-07-02,2025-11-10,2.14,2761.97,46730.17
3828,1778,41,2,12,2025-02-05,2025-05-31,5.59,5509.88,133800
3829,1491,14,2,94,2025-05-01,2025-09-09,2.24,3108.68,53802.32
3830,122,1,1,17,2025-05-01,2025-07-29,2.43,2427.23,127060.79
3831,1591,2,1,88,2025-11-25,2026-05-22,2.58,2563.21,60161.1
3832,392,20,2,37,2025-05-03,2025-10-20,7.54,16939.34,239388.91
3833,1008,1,2,2,2025-06-21,2025-10-30,1,976.72,44590.04
3834,278,1,3,36,2025-07-07,2025-12-12,1.67,2396.09,86124.37
3835,1796,20,1,6,2025-10-07,2026-01-24,6.6,11900.8,86400.51
3836,988,20,3,81,2025-10-17,2026-01-06,3.74,4729.18,93564.29
3837,146,41,3,4,2025-07-17,2025-12-16,1.85,2170.95,81544.96
3838,168,1,3,2,2025-09-22,2026-03-01,5.34,12100.05,286202.94
3839,303,14,2,34,2025-01-09,2025-06-13,4.44,9337.71,102038.82
3840,74,19,2,66,2025-03-05,2025-08-21,3.67,8112.02,114341.48
3841,1742,1,2,83,2025-02-15,2025-08-06,0.93,1564.42,23965.92
3842,1565,14,1,62,2025-10-15,2026-03-28,1.84,2909.22,25572.97
3843,681,2,3,72,2025-02-18,2025-06-26,1.07,2202.43,45639.33
3844,289,1,2,33,2025-06-05,2025-08-24,1.32,2742.77,20337.54
3845,849,1,1,27,2025-08-06,2025-11-10,1.13,1223.08,18844.9
3846,1370,1,1,81,2025-12-17,2026-06-11,0.48,713.7,11266.82
3847,424,19,3,94,2025-04-19,2025-10-15,3.13,3546.59,130724.66
3848,1407,19,1,95,2025-10-25,2026-03-30,2.29,3672.54,47094.99
3849,965,19,2,17,2025-06-19,2025-09-21,1.41,1588.14,17297.35
3850,1217,2,1,18,2025-02-05,2025-05-17,3.07,5817.39,81185.72
3851,196,1,1,47,2025-02-12,2025-08-06,0.89,1504.07,18993.27
3852,741,19,1,3,2025-09-07,2026-01-14,0.87,1609.94,27479.22
3853,1618,20,1,77,2025-01-16,2025-07-11,1.69,4037.56,32052.55
3854,816,7,1,90,2025-06-03,2025-08-21,4.31,10070.87,86985.59
3855,1247,41,3,8,2025-10-16,2026-01-05,0.77,820.79,27497.23
3856,388,23,3,56,2025-01-09,2025-05-08,5.09,7384.09,211963.7
3857,1731,7,3,15,2025-11-03,2026-01-20,1.36,1934.21,72681.71
3858,1750,23,2,94,2025-04-09,2025-08-16,0.48,705.11,5972.67
3859,785,14,2,46,2025-08-08,2025-11-26,1.97,3531.21,106790.3
3860,565,23,2,50,2025-11-03,2026-04-07,6.11,12324.6,218453.33
3861,452,19,1,20,2025-01-15,2025-06-27,3.51,4806.7,81961.89
3862,1048,2,2,6,2025-08-22,2026-01-15,5.6,9079.59,198088.35
3863,1018,19,1,94,2025-02-17,2025-05-12,1.45,1944.8,71216.28
3864,903,14,2,5,2025-07-16,2025-12-08,7.94,10014.25,242963.34
3865,57,1,3,34,2025-10-15,2026-03-24,2.7,3379.32,80774.28
3866,1389,20,3,82,2025-11-20,2026-03-08,4.92,9731.56,65814.96
3867,1119,19,1,13,2025-10-18,2026-03-25,1.87,4369.44,88935.05
3868,945,1,3,56,2025-11-13,2026-03-16,1.56,3194.2,44682.15
3869,544,19,2,78,2025-03-20,2025-08-23,6.74,12020.29,356257.19
3870,413,20,3,7,2025-05-18,2025-10-06,2.87,3970.16,91716.19
3871,245,14,1,9,2025-03-23,2025-06-13,0.95,1253.23,33125.47
3872,1725,20,2,9,2025-11-08,2026-01-29,5.18,11854.76,147263.74
3873,296,2,2,83,2025-08-11,2025-10-31,0.62,980.79,33975.81
3874,993,1,3,71,2025-09-09,2025-12-02,11.49,18379.66,265674.52
3875,917,20,3,48,2025-07-20,2025-10-25,0.52,519.46,22158.97
3876,1694,19,1,91,2025-03-07,2025-07-24,1.6,3058.65,79209.23
3877,454,19,2,38,2025-10-13,2026-04-01,2.24,4073.31,38985.63
3878,1468,1,2,78,2025-03-11,2025-07-18,3.25,3605.71,136237.93
3879,1037,20,1,57,2025-01-24,2025-05-03,1.01,1949.82,15012.11
3880,927,14,1,13,2025-04-22,2025-08-28,0.77,1046.53,10607.9
3881,1449,14,3,9,2025-07-18,2025-12-06,0.94,1038.32,27850.11
3882,421,19,2,99,2025-07-18,2025-11-08,1.9,4470.86,90300.86
3883,416,7,3,34,2025-12-19,2026-05-17,0.44,629.67,10825.69
3884,831,19,3,97,2025-02-21,2025-07-20,10,19376.84,287421.71
3885,212,19,2,52,2025-02-25,2025-06-28,1.92,4346.52,58416.27
3886,972,1,2,78,2025-08-05,2025-10-25,7.5,9247.55,180284.02
3887,1531,16,1,93,2025-02-14,2025-07-03,4.27,5774.65,194875.84
3888,1489,2,3,58,2025-07-25,2025-11-28,3.01,6359.36,68745.29
3889,439,2,3,25,2025-08-25,2026-01-30,4.65,8870.18,102525.95
3890,1127,19,1,86,2025-07-11,2025-11-13,5.97,7170.07,135385.33
3891,1273,2,1,14,2025-09-25,2026-01-09,2.42,5536.91,30166.86
3892,513,2,2,82,2025-09-03,2025-12-23,4.54,5578.66,91956.68
3893,1680,41,2,68,2025-07-08,2025-10-19,6.26,11107.43,340388.48
3894,1688,19,2,74,2025-01-07,2025-06-11,6.37,7583.18,91619.96
3895,359,20,1,16,2025-11-17,2026-05-08,5.89,7248.59,140896.25
3896,1153,7,1,69,2025-01-05,2025-04-05,9.59,11475.68,134695.26
3897,996,14,2,80,2025-12-15,2026-05-14,2.47,3464.78,30969.44
3898,1262,16,2,97,2025-01-05,2025-06-30,4.24,4754.33,226525.7
3899,1358,2,2,41,2025-05-01,2025-08-03,5.78,9711.73,268049.51
3900,1614,7,3,57,2025-06-11,2025-10-08,1.36,2128.76,37524.78
3901,1764,14,1,18,2025-04-22,2025-09-15,0.56,798.81,13558.95
3902,1433,1,1,1,2025-05-14,2025-10-26,2.14,3674.93,97208.58
3903,666,20,1,25,2025-09-17,2026-03-08,2.22,5250.38,111751.65
3904,585,19,3,20,2025-01-10,2025-05-18,4.39,10378.82,97475.72
3905,1506,23,3,66,2025-11-04,2026-02-16,2.29,2739.78,85859.92
3906,619,19,3,77,2025-09-06,2026-01-11,1.78,3596.46,95715.43
3907,1421,19,3,2,2025-03-24,2025-08-11,1.36,2982.34,39639.72
3908,259,23,1,50,2025-06-05,2025-11-04,7.47,12852.31,203896.67
3909,431,16,2,33,2025-08-11,2025-12-22,3.55,7111.01,108321.51
3910,1504,2,2,33,2025-07-19,2025-11-04,4.86,9524.35,62594.24
3911,1615,23,2,95,2025-09-13,2025-12-31,4.2,3847.18,66252.04
3912,724,14,3,66,2025-11-22,2026-03-21,2.8,5480.03,122396.32
3913,391,41,2,83,2025-10-07,2026-03-23,3.15,6775.43,156574.18
3914,1013,2,2,8,2025-11-06,2026-02-22,2.67,4643.29,142181.99
3915,472,14,1,16,2025-06-06,2025-09-26,0.5,871.5,6503.58
3916,1308,1,3,8,2025-05-18,2025-11-02,3.8,7976.94,128281.61
3917,614,19,2,5,2025-04-18,2025-08-19,1.54,2789.95,31326.56
3918,84,23,2,49,2025-09-05,2025-12-19,3.1,4097.02,145062.7
3919,683,19,3,30,2025-09-02,2026-01-19,9.28,9985.04,444267.81
3920,306,1,2,19,2025-02-14,2025-05-10,2.41,4800.47,50656.21
3921,739,19,2,76,2025-06-13,2025-10-14,11.59,15374.9,232904.91
3922,1660,20,1,61,2025-01-24,2025-04-20,5.79,10083.5,172976.72
3923,560,2,1,15,2025-10-16,2026-02-02,6.13,8500.9,277006.79
3924,246,19,3,74,2025-02-08,2025-06-19,3.96,5683.46,102077.38
3925,1227,1,3,5,2025-12-02,2026-05-16,2.55,3432.8,125585.7
3926,1326,1,2,21,2025-02-17,2025-06-29,3.55,4624.2,167531.9
3927,438,19,3,13,2025-09-15,2026-02-10,1.57,3404.42,56664.74
3928,643,41,2,1,2025-12-05,2026-03-09,1.7,2754.32,55863.97
3929,144,19,1,5,2025-11-23,2026-04-06,2.88,3775.86,116852.55
3930,1735,19,1,86,2025-11-08,2026-03-25,2.63,2859.69,74867.39
3931,1202,19,1,34,2025-10-23,2026-01-07,7.3,9198.41,225325.59
3932,732,1,3,22,2025-10-20,2026-02-09,6.07,13654.51,139000.35
3933,286,19,3,55,2025-06-16,2025-11-19,0.54,1004.68,22948.85
3934,48,1,2,22,2025-07-15,2025-10-19,4.02,9628.32,113578.74
3935,108,1,3,64,2025-02-09,2025-07-16,7.62,7546.16,254042.09
3936,1622,14,2,36,2025-11-19,2026-02-17,3.69,8841.95,95835.44
3937,1252,14,2,38,2025-06-09,2025-11-18,2.83,5668.04,80148.74
3938,1336,16,3,17,2025-07-07,2025-10-01,0.57,1108.61,28747.16
3939,974,14,3,23,2025-10-20,2026-02-09,1.3,2161.53,64450.23
3940,51,41,2,91,2025-05-20,2025-08-06,1.72,3830.55,51580.75
3941,86,2,2,67,2025-09-24,2026-02-09,6.2,6309.57,288146.69
3942,200,19,1,72,2025-12-08,2026-03-01,9.9,13735.83,249502.63
3943,456,20,2,73,2025-07-08,2025-09-26,1.19,2201.08,22301.11
3944,188,19,2,17,2025-06-24,2025-09-13,6.79,9661.26,325601.04
3945,1781,1,3,93,2025-05-04,2025-07-18,4.15,8568.29,180782.08
3946,29,19,2,48,2025-02-08,2025-07-24,2.41,3506.17,43066.02
3947,654,14,1,51,2025-07-08,2025-10-15,0.53,895.88,19420.79
3948,278,1,2,28,2025-10-15,2026-04-01,4.33,7450.11,129463
3949,145,20,1,41,2025-01-11,2025-06-15,1.69,3176.98,69713.11
3950,454,16,3,98,2025-06-23,2025-09-29,0.51,834.52,8544
3951,137,1,1,2,2025-03-03,2025-05-24,6.65,10919.02,304299.07
3952,1696,23,1,38,2025-02-05,2025-06-07,2.07,4787.22,59069.93
3953,695,7,1,52,2025-04-09,2025-09-12,8.14,9689.62,385948.11
3954,508,2,2,26,2025-06-16,2025-10-02,7.56,16572.12,384152.63
3955,1157,14,2,22,2025-06-18,2025-10-24,2.92,3034.61,78215.56
3956,911,19,3,43,2025-07-25,2025-12-24,4.6,7047.8,92859.22
3957,573,14,2,36,2025-08-20,2025-11-15,4.04,5608.19,207898.35
3958,640,23,1,69,2025-07-10,2025-10-27,1.71,3506,36871.9
3959,344,41,1,52,2025-06-13,2025-11-21,7.5,10219.67,154353.76
3960,839,1,3,61,2025-07-06,2025-11-30,1.53,2546.16,39807.82
3961,195,1,1,58,2025-08-07,2025-12-08,0.96,1767.68,13156
3962,535,20,1,97,2025-10-19,2026-03-13,0.78,1025.03,23304.35
3963,76,1,2,25,2025-06-06,2025-11-13,4.48,10076.21,66119.28
3964,1165,2,2,53,2025-11-19,2026-04-17,2.03,2643.39,100913.38
3965,228,1,2,45,2025-01-09,2025-05-26,0.89,1245.46,43305.23
3966,946,1,2,3,2025-08-04,2025-11-19,3.97,7155.57,141143.44
3967,1638,19,3,3,2025-05-06,2025-07-20,4.28,8375,214115.42
3968,497,20,3,13,2025-06-13,2025-10-07,1.95,3101.76,103791.19
3969,19,20,1,93,2025-09-22,2026-03-03,6.82,15557.16,149127.05
3970,1712,2,2,30,2025-03-24,2025-08-06,0.51,998.81,27500.44
3971,1249,23,1,58,2025-12-14,2026-05-03,7.46,15257.94,243313.81
3972,786,19,2,61,2025-10-23,2026-03-03,1.14,2040.26,52129.38
3973,1265,14,3,51,2025-03-14,2025-07-18,3.55,5171.56,85362.31
3974,299,1,2,99,2025-06-11,2025-11-18,1.06,1615.78,52085.72
3975,528,19,3,88,2025-11-21,2026-05-18,4.05,7898.46,78840.48
3976,972,1,2,9,2025-07-18,2025-11-20,5.6,7900.05,146707.81
3977,501,1,1,81,2025-12-10,2026-05-07,1.62,3105.71,39756.32
3978,1335,20,1,36,2025-04-08,2025-06-23,1.55,3236.48,66401.22
3979,1361,7,1,68,2025-11-08,2026-02-15,0.42,929.81,11425.79
3980,1708,23,3,46,2025-02-21,2025-05-16,8.54,14450.12,423026.58
3981,1149,1,2,8,2025-07-08,2025-10-18,2.29,3847.46,59829.31
3982,1785,23,1,66,2025-04-20,2025-08-16,0.56,1195.95,10062.76
3983,193,14,2,41,2025-02-25,2025-06-23,6.63,13605.86,313401.23
3984,171,20,2,86,2025-03-22,2025-06-29,8.79,15153.43,442304.32
3985,747,20,2,25,2025-02-16,2025-08-01,2.72,3405.27,147566.16
3986,510,7,3,4,2025-10-15,2026-01-19,1.22,2201.73,58220.89
3987,814,14,1,43,2025-08-16,2026-01-23,5.57,7329.15,252940.06
3988,1654,1,3,98,2025-03-17,2025-06-03,1.29,2956.15,33120.66
3989,442,1,1,74,2025-11-23,2026-05-14,1.48,3439.5,73734.95
3990,1132,1,1,72,2025-01-21,2025-04-30,7.89,7332.55,315176.96
3991,509,7,1,97,2025-03-11,2025-08-13,5.9,9994.66,300131.09
3992,547,23,1,71,2025-05-05,2025-10-03,0.78,1485.91,41237.24
3993,1478,19,2,4,2025-05-12,2025-08-20,1.1,1661.92,48361.99
3994,1203,19,3,23,2025-08-17,2026-02-11,8.44,7992.86,291274.3
3995,1253,23,2,68,2025-11-16,2026-02-10,1.41,1543.86,36797.46
3996,1134,19,2,58,2025-11-23,2026-04-17,8.06,15027.05,216367.54
3997,240,20,1,81,2025-01-12,2025-04-14,0.49,631.21,7422.64
3998,1248,41,3,89,2025-04-05,2025-08-17,4.27,6844.3,181988.66
3999,257,1,3,50,2025-11-13,2026-03-11,0.65,949.51,17511.01
4000,1556,19,3,53,2025-10-14,2026-02-27,1.71,2172.84,46455.46
4001,518,41,2,35,2025-11-09,2026-04-22,1.77,3504.77,97333.78
4002,1422,1,1,92,2025-03-03,2025-08-19,5.5,9977.73,108338.32
4003,1634,1,2,15,2025-12-08,2026-05-25,2.18,3603.78,53687.35
4004,267,20,3,100,2025-10-21,2026-02-24,1.08,1400.14,42579.78
4005,20,1,3,84,2025-01-10,2025-04-16,1.23,2587.91,29174.28
4006,499,20,2,2,2025-06-18,2025-11-25,2.66,3951.48,127589.79
4007,1683,20,3,79,2025-12-14,2026-03-13,7.8,16778.74,270697.37
4008,1504,19,3,87,2025-09-21,2026-01-19,5.41,8766.82,231118.94
4009,408,1,1,89,2025-12-16,2026-04-17,0.96,1647.07,18968.98
4010,1038,20,3,52,2025-06-23,2025-10-11,3.23,7219.54,71117.41
4011,298,19,2,4,2025-12-06,2026-04-19,2.81,5296.39,149125.7
4012,1192,7,2,33,2025-04-22,2025-09-19,3.34,6145.66,51926.71
4013,505,19,2,38,2025-06-06,2025-11-19,1.36,1766.72,63342.25
4014,462,7,2,82,2025-08-14,2026-01-11,10.76,16638.55,339726.57
4015,615,23,3,14,2025-01-09,2025-06-12,0.72,1101.44,17431.03
4016,1522,2,1,52,2025-01-22,2025-07-17,6.56,12773.7,237150.27
4017,433,2,2,57,2025-09-05,2026-02-27,1.68,3444.83,71933.1
4018,1318,19,3,75,2025-02-24,2025-07-05,1.3,2647.01,55888.15
4019,1728,14,2,52,2025-12-23,2026-06-04,2.16,4536.7,30604.14
4020,212,19,1,97,2025-10-03,2026-02-05,2.65,4819.93,144974.54
4021,57,1,2,77,2025-09-14,2026-03-08,2.19,5005.33,118143.52
4022,1026,23,1,42,2025-12-22,2026-05-05,1.01,1036.78,21128.78
4023,1002,1,2,68,2025-10-09,2026-01-25,8.79,11130.16,324683.33
4024,1363,41,3,51,2025-02-13,2025-08-05,0.53,697.44,14872.48
4025,1304,19,3,54,2025-10-18,2026-03-22,2.19,3253.35,62229.07
4026,49,19,3,30,2025-05-02,2025-09-28,3.01,4933.35,108273.05
4027,1316,14,3,79,2025-12-19,2026-05-01,0.43,636.3,11648.21
4028,212,1,2,90,2025-12-13,2026-03-01,2.18,2223.97,87166.37
4029,1604,19,3,15,2025-03-25,2025-07-16,5.84,10455.88,280216.75
4030,535,20,3,32,2025-11-03,2026-01-23,6.97,8746.6,227390.46
4031,656,2,2,82,2025-03-07,2025-08-28,2.13,2208.93,65745.14
4032,910,23,3,7,2025-02-19,2025-08-02,1.72,2435.14,90122.56
4033,1726,19,2,33,2025-02-07,2025-07-27,1.19,2308.43,27783.99
4034,1584,20,3,16,2025-04-13,2025-09-01,0.41,587.34,7265.53
4035,302,19,3,10,2025-01-17,2025-04-25,7.56,13374.74,305279.98
4036,292,14,2,61,2025-05-11,2025-09-30,8.27,9461.01,451983.32
4037,1316,14,3,30,2025-07-05,2025-11-24,10.25,24109.18,142707.78
4038,695,41,2,18,2025-06-02,2025-10-13,5.65,10285.48,131492.66
4039,879,2,1,55,2025-01-02,2025-06-24,3.31,5947.38,81790.41
4040,394,2,2,95,2025-03-13,2025-08-05,1.42,3322.03,37618.5
4041,1096,19,1,33,2025-06-05,2025-09-30,2.44,3058.32,94385.94
4042,435,7,1,65,2025-07-05,2025-09-28,0.41,744.37,9817.34
4043,1222,19,1,48,2025-03-21,2025-07-06,2.96,2681.89,114595.72
4044,1081,20,3,51,2025-03-14,2025-08-25,6.21,9015.28,111910.11
4045,668,19,1,9,2025-04-23,2025-10-06,1.47,1826.81,44413.95
4046,680,23,2,69,2025-06-23,2025-12-07,3.1,3910.61,166403.35
4047,1616,20,1,67,2025-09-01,2025-11-23,0.83,1826.74,33628.29
4048,30,2,2,47,2025-01-04,2025-05-11,1.26,2825.67,60378.27
4049,129,20,2,47,2025-06-10,2025-10-11,2.28,2183.33,56472.91
4050,197,1,2,66,2025-02-02,2025-04-27,5.94,13858.44,323054.56
4051,1554,1,1,90,2025-03-05,2025-07-28,2.91,5112.44,97722.2
4052,1591,1,2,25,2025-02-02,2025-07-16,5.09,10133.66,198058.04
4053,98,20,1,67,2025-05-22,2025-10-14,2.78,5360.53,60949.46
4054,1751,20,3,59,2025-07-18,2025-12-21,3.84,7040.31,109437.34
4055,1398,2,1,1,2025-08-07,2026-01-14,2.14,4099.58,78219.82
4056,458,19,3,56,2025-08-01,2025-10-23,1.65,3254.51,41828.87
4057,1003,19,1,53,2025-05-11,2025-09-08,2.44,4910.78,122147.24
4058,1706,19,3,27,2025-03-04,2025-08-25,0.52,742.71,17459.44
4059,1201,1,3,33,2025-07-15,2025-10-07,3.06,3041.44,121150.4
4060,1217,1,2,28,2025-03-07,2025-07-06,8.79,17954.59,226534.46
4061,1141,19,3,96,2025-06-22,2025-12-01,3.59,8592.56,83681.32
4062,669,1,2,4,2025-11-14,2026-04-12,8.03,17268.82,116248.71
4063,1164,19,2,92,2025-08-11,2026-01-05,0.95,1160.78,22900.03
4064,27,19,2,38,2025-03-22,2025-07-04,4.28,7363.53,189721.48
4065,231,14,2,51,2025-03-10,2025-06-18,3.9,4322.61,88476.96
4066,1182,19,3,29,2025-10-09,2025-12-31,6.6,8595.89,129839.44
4067,1732,1,1,40,2025-05-18,2025-10-05,1.07,1770.06,58390.85
4068,1121,19,1,86,2025-05-15,2025-09-19,11.31,12056.77,168750.51
4069,741,14,3,46,2025-01-01,2025-06-22,1.24,2277.65,61276.09
4070,27,19,3,92,2025-07-08,2025-11-07,2.78,3732.16,44618.21
4071,894,20,2,73,2025-07-16,2025-11-04,1.28,2572.7,64409.11
4072,743,20,2,41,2025-08-21,2026-02-05,6.49,9769.01,231437.03
4073,1268,41,2,25,2025-02-11,2025-07-02,5.04,6040.7,205158.8
4074,784,41,2,91,2025-05-08,2025-09-21,4.01,5926.44,170183.16
4075,1754,1,2,52,2025-04-15,2025-09-13,5.53,10948,115544.42
4076,542,19,3,35,2025-03-08,2025-08-21,4.8,4992.47,116936.53
4077,8,23,1,37,2025-12-04,2026-03-07,4.4,7716.5,185669.46
4078,1533,2,1,59,2025-06-16,2025-12-13,1.38,2018.06,38864.53
4079,1447,19,3,18,2025-02-15,2025-07-09,1.99,4573.77,54813.13
4080,1121,2,1,84,2025-04-12,2025-07-10,0.92,1006.17,25217.21
4081,330,2,3,41,2025-01-13,2025-07-09,3.75,5453.16,153389.9
4082,213,19,1,47,2025-01-19,2025-05-21,2.8,4929.33,126113.88
4083,1548,19,2,96,2025-08-04,2026-01-29,3.36,7568.04,166644.48
4084,665,1,3,32,2025-03-04,2025-07-24,1.93,4166.23,74357.87
4085,1703,14,2,14,2025-03-16,2025-08-14,1.35,2691.4,37822.53
4086,1593,20,1,100,2025-07-18,2026-01-07,4.65,6226.75,118656.4
4087,1025,14,3,25,2025-09-10,2026-03-06,9.25,16365.09,191029.02
4088,1365,16,2,95,2025-05-08,2025-09-12,0.58,981.45,11563.43
4089,784,7,1,81,2025-01-07,2025-04-13,4.9,8836.32,129114.27
4090,921,14,2,82,2025-12-01,2026-03-27,1.37,1449.61,30411.91
4091,1527,2,2,31,2025-08-04,2026-01-04,3.42,3773.5,132158.84
4092,932,7,2,56,2025-07-16,2025-12-20,2.3,2865.61,50874.08
4093,407,20,1,18,2025-01-13,2025-04-26,4.09,5835.19,107531.1
4094,1381,1,1,65,2025-03-03,2025-07-31,4.34,9095.95,96179.95
4095,1,1,1,63,2025-05-07,2025-09-06,2.62,5538.44,68565.09
4096,1048,2,1,42,2025-07-01,2025-09-24,3.7,7076.83,90855.84
4097,1299,20,2,4,2025-09-19,2026-01-17,0.91,923.97,29659.42
4098,637,14,3,80,2025-05-04,2025-10-26,6.81,15401.17,317992.02
4099,1759,1,2,84,2025-02-22,2025-05-29,0.91,2091.19,48463.14
4100,451,19,1,26,2025-12-11,2026-04-22,0.91,1233.86,38495.09
4101,1238,19,2,62,2025-07-17,2026-01-09,0.83,1188.18,32169.44
4102,726,41,2,20,2025-01-08,2025-05-18,7.32,15630.62,393512.42
4103,1800,19,2,90,2025-09-17,2025-12-11,1.06,2381.98,46496.06
4104,1223,19,2,17,2025-01-25,2025-07-05,1.31,2022.82,54167.23
4105,477,20,3,88,2025-02-07,2025-07-05,0.74,708.38,14764.85
4106,1668,19,2,69,2025-05-20,2025-09-08,4.72,8465.08,232735.92
4107,12,19,2,4,2025-07-10,2025-10-26,0.49,579.8,6745.32
4108,844,1,3,79,2025-04-11,2025-10-08,2.33,4817.57,89203.95
4109,325,1,2,10,2025-11-23,2026-02-17,4.26,8122.15,155415.54
4110,878,23,1,98,2025-11-18,2026-04-21,3.23,7471.5,160450.24
4111,1229,19,3,44,2025-07-10,2025-11-01,2.81,6345.68,151218.67
4112,482,23,1,21,2025-07-10,2025-12-14,7.84,16576.85,224265.76
4113,225,19,3,1,2025-12-23,2026-04-14,1.71,4100.71,83753.23
4114,1779,1,3,10,2025-08-13,2026-01-08,7.86,16876.98,399210.98
4115,878,23,3,51,2025-12-11,2026-03-23,5.24,5588.06,83890.76
4116,950,19,1,71,2025-10-02,2026-03-16,3.31,4836.19,133762.39
4117,1114,1,3,60,2025-06-03,2025-10-02,5.34,6022.49,257379.94
4118,1242,1,1,37,2025-02-01,2025-06-14,2.4,4712.03,65292.61
4119,601,2,3,57,2025-04-25,2025-08-11,5.28,4924.23,124083.52
4120,655,2,1,24,2025-01-21,2025-07-16,0.78,780.68,19391.84
4121,613,2,2,33,2025-08-17,2026-01-29,1.22,1705.58,17227.41
4122,422,19,1,8,2025-05-15,2025-08-12,1.96,3744.72,95229.54
4123,196,2,3,65,2025-05-02,2025-10-08,1.64,3181.35,73851.54
4124,40,1,3,20,2025-03-14,2025-08-03,0.84,1604.75,39873.67
4125,363,20,1,68,2025-11-07,2026-03-03,5.25,8084.19,63595.7
4126,617,19,2,34,2025-10-18,2026-03-22,2.26,2826.36,34265.62
4127,1327,1,3,95,2025-07-18,2025-12-10,1.26,2814.67,61795.85
4128,552,19,2,60,2025-08-10,2025-12-12,2.27,2072.26,103752.47
4129,670,23,2,19,2025-05-25,2025-09-16,1.81,1704.63,42543.81
4130,1026,20,1,89,2025-02-24,2025-08-01,1.52,1651.21,38957.37
4131,471,14,3,98,2025-03-15,2025-07-06,1.56,1617.74,81284.29
4132,1270,1,2,12,2025-08-15,2025-11-28,3.26,4366.49,150224.16
4133,1269,1,1,23,2025-08-16,2025-12-27,1.5,2925.41,73236.69
4134,834,19,1,100,2025-04-17,2025-08-01,7.27,15147.27,180193.11
4135,1724,20,2,32,2025-06-16,2025-09-19,0.54,1044.55,13543.11
4136,1125,20,2,10,2025-07-02,2025-09-18,7.03,15948.87,164152.83
4137,1732,1,1,27,2025-05-14,2025-10-11,2.6,5054.98,65030.12
4138,844,20,3,89,2025-06-11,2025-08-30,2.72,4043.72,43509.27
4139,611,20,3,71,2025-04-23,2025-09-09,11.92,15150.46,355449.11
4140,793,20,2,56,2025-01-11,2025-05-09,3.78,6022.9,190518.33
4141,45,23,3,96,2025-02-08,2025-07-12,2.76,6494.93,59367.69
4142,737,14,3,55,2025-10-10,2026-01-13,4.05,7057.98,66124.94
4143,1070,19,1,41,2025-09-01,2025-12-15,0.83,1070.27,11106.58
4144,1504,19,2,52,2025-04-05,2025-07-18,2.5,4577.44,97028.04
4145,249,20,2,85,2025-04-09,2025-09-25,4.16,6895.47,51095.92
4146,1605,7,3,31,2025-04-13,2025-08-31,4.31,10011.38,103136.37
4147,1224,1,3,94,2025-01-02,2025-03-21,3.75,4398.37,191244.01
4148,51,41,1,11,2025-06-07,2025-11-06,5.66,12175.74,306420.97
4149,513,2,3,65,2025-08-06,2025-12-31,1.52,1823.27,36494.3
4150,605,19,2,34,2025-12-08,2026-03-08,1.52,3058.93,70171.45
4151,1257,2,1,57,2025-08-17,2026-01-09,0.75,1308.65,12007.21
4152,1300,19,2,28,2025-03-12,2025-07-18,3.26,7778.98,117468.67
4153,526,1,3,33,2025-10-11,2026-01-02,6.34,7199.02,272807.68
4154,412,2,1,59,2025-07-11,2025-12-22,7.1,13262.34,376322.74
4155,185,20,1,61,2025-10-05,2025-12-23,5.76,7205.64,189602.22
4156,1108,41,2,1,2025-06-02,2025-10-31,10.54,21503.94,537852.51
4157,1513,20,3,33,2025-08-03,2025-12-21,8.43,14590.53,151826.81
4158,804,19,1,17,2025-10-06,2026-03-05,1.21,1492.99,63667.86
4159,1364,7,2,13,2025-09-06,2025-12-12,1.02,1223.95,26960.58
4160,1537,19,1,39,2025-06-20,2025-09-12,2.59,3738.64,79381.32
4161,1035,2,3,56,2025-10-05,2025-12-25,2.18,3330.96,46014.47
4162,1285,19,1,43,2025-07-23,2025-11-12,3.2,6513.75,55412.25
4163,470,20,1,15,2025-07-10,2025-10-16,0.65,1093.17,15774.6
4164,904,1,3,5,2025-04-08,2025-07-22,1.57,2324.67,65461.82
4165,1747,1,1,37,2025-07-19,2025-10-08,1.74,3185.77,30882.44
4166,893,20,3,56,2025-04-23,2025-08-17,5.26,4982.77,212448.61
4167,1053,14,2,4,2025-08-13,2026-01-25,3.09,7080,168676.93
4168,649,14,1,42,2025-07-18,2025-12-24,8.39,11884.93,353344
4169,753,23,2,58,2025-04-03,2025-08-11,2.23,4791,57844.84
4170,1500,14,2,29,2025-12-20,2026-04-07,0.59,734.34,20788.32
4171,1739,19,2,14,2025-12-24,2026-06-21,1.9,4151.27,66525.43
4172,1519,19,1,84,2025-02-08,2025-08-05,4.13,4817.39,99566.78
4173,1753,1,2,46,2025-01-09,2025-04-28,0.5,631.29,25259.44
4174,1331,19,3,94,2025-01-25,2025-06-01,3.38,3911.4,52990.32
4175,610,19,1,11,2025-12-02,2026-05-11,5.12,10352.44,275602.13
4176,325,23,2,11,2025-08-04,2025-12-30,1.87,3064.97,31027.82
4177,27,14,1,39,2025-05-02,2025-09-03,3.28,5099.64,98483.27
4178,1018,19,3,27,2025-06-01,2025-10-28,4.31,8605.8,147660.34
4179,710,14,3,59,2025-08-16,2026-01-22,5.6,6994.47,78867.31
4180,307,2,2,19,2025-06-01,2025-09-17,3.8,4782.22,141655.1
4181,1706,20,2,42,2025-12-11,2026-04-07,1.29,1723.69,35339.16
4182,1172,19,1,68,2025-01-01,2025-06-01,2.82,6260.65,109808.93
4183,1351,2,2,43,2025-07-17,2025-10-21,0.55,865.66,7111.05
4184,479,1,3,61,2025-01-25,2025-06-20,0.47,596.26,12078.02
4185,613,19,1,57,2025-03-25,2025-08-16,6.42,7641.2,128793.41
4186,1018,14,3,53,2025-06-10,2025-10-17,2.39,3455.54,29698.89
4187,264,19,3,99,2025-10-16,2026-03-13,7.1,15893.21,305183.71
4188,1470,16,3,78,2025-04-10,2025-08-11,4.61,8687.05,157553.86
4189,550,16,1,63,2025-03-16,2025-09-12,1.63,1627.9,44379.33
4190,1191,20,2,71,2025-04-07,2025-08-30,2.47,4774.2,125970.77
4191,51,7,3,41,2025-02-08,2025-07-19,3.89,8279.25,145319.65
4192,875,1,3,9,2025-02-02,2025-06-02,3.83,5746.88,52509.45
4193,483,19,3,72,2025-02-25,2025-07-08,3.34,3146.09,182980.7
4194,1730,7,1,85,2025-03-21,2025-08-17,1.89,4160.64,60296.66
4195,802,2,1,26,2025-09-10,2026-01-04,1.22,1441.81,27873
4196,148,20,3,27,2025-07-25,2025-12-15,2.04,2054.98,110259.17
4197,79,2,3,73,2025-07-25,2025-12-12,0.66,1202.49,9020.23
4198,1177,1,2,1,2025-07-12,2025-10-14,0.85,1434.95,41528.9
4199,3,1,3,42,2025-01-18,2025-07-14,1.33,2935.76,23966.44
4200,1449,14,3,89,2025-07-12,2025-12-21,1.55,2266.15,59613.82
4201,222,41,3,56,2025-02-06,2025-06-12,0.78,942.6,42405.56
4202,838,1,2,22,2025-06-04,2025-09-26,0.55,869.19,7930.5
4203,1325,1,2,75,2025-01-18,2025-07-04,11.08,20096.27,375795.19
4204,211,19,1,14,2025-06-04,2025-09-08,1.74,1682.03,80575.4
4205,1754,14,2,18,2025-05-09,2025-09-22,3.38,4281.17,44558.85
4206,1402,1,1,38,2025-09-06,2025-11-28,2.76,6400.81,125982.04
4207,586,1,1,68,2025-03-21,2025-06-28,2.06,3580.4,110994.47
4208,394,1,1,78,2025-11-17,2026-02-06,1.95,2049.25,66835.89
4209,1085,19,3,55,2025-01-09,2025-06-20,5.09,9849.83,132065.68
4210,363,20,3,83,2025-03-10,2025-06-04,7.36,17370.11,125720.11
4211,1400,19,2,16,2025-03-02,2025-05-22,1.99,3800.48,41393.26
4212,1690,23,1,33,2025-04-12,2025-09-12,3.09,4319.69,106895.55
4213,1630,19,1,27,2025-04-18,2025-07-30,3.02,5170.79,63435.64
4214,1032,19,3,90,2025-04-02,2025-07-14,4.3,7177.37,144152.46
4215,954,19,3,75,2025-09-10,2025-12-14,0.54,1025.28,19721.15
4216,46,20,1,90,2025-05-17,2025-10-22,1.78,2830.17,81065.91
4217,648,14,3,52,2025-03-16,2025-09-08,0.47,825.19,7568.5
4218,212,1,2,77,2025-11-19,2026-04-24,1.98,2493.33,99541.43
4219,1630,16,3,70,2025-11-19,2026-03-30,0.48,1004.52,18748.85
4220,1592,2,2,73,2025-03-02,2025-06-15,11.37,14382.28,157514.3
4221,1471,2,1,14,2025-04-04,2025-08-06,5.48,9349.05,194045.28
4222,658,20,2,93,2025-04-25,2025-09-15,7.56,15320.72,343423.63
4223,67,23,2,94,2025-01-04,2025-05-14,4.16,5000.07,97654.78
4224,981,1,2,86,2025-12-07,2026-05-13,8.34,11234.91,173464.79
4225,564,16,2,45,2025-10-23,2026-01-24,3.14,4197.65,80207.53
4226,852,1,1,59,2025-07-12,2025-10-17,4.87,8839.48,201535.12
4227,849,1,2,84,2025-04-05,2025-07-19,1.63,1784.76,57548.23
4228,290,19,2,16,2025-12-13,2026-06-11,1.9,3026.07,42448.21
4229,64,16,3,75,2025-06-10,2025-10-10,4.97,9974.48,135191.5
4230,1736,1,1,32,2025-01-18,2025-05-28,1.01,2217.78,13438.57
4231,1317,1,1,33,2025-06-15,2025-11-29,2.53,4400.95,119898.05
4232,1682,41,1,54,2025-09-11,2026-01-03,2.83,6009.25,123143.52
4233,446,20,2,99,2025-04-21,2025-08-15,3.61,5146.59,167932.68
4234,1625,19,1,78,2025-08-04,2026-01-24,7.06,10662.33,305138.52
4235,1242,19,1,73,2025-09-17,2025-12-27,5.42,10649.3,235188.6
4236,159,20,3,90,2025-05-03,2025-08-25,4.69,4684.49,239477.14
4237,1547,1,1,92,2025-04-25,2025-08-17,1.43,2790.27,62742.98
4238,584,19,1,2,2025-08-23,2026-01-04,1.02,1161.16,16489.35
4239,1056,19,1,20,2025-05-04,2025-10-26,7.47,15704.43,385947.16
4240,1164,2,3,49,2025-08-24,2025-12-28,4.36,7604.62,52973.34
4241,1294,1,1,41,2025-03-12,2025-08-22,2.37,4399.15,76226.89
4242,1232,1,1,88,2025-12-11,2026-02-27,3.6,5308.33,195726.32
4243,1296,20,2,51,2025-09-13,2025-12-23,1.86,3124.23,35013.29
4244,1695,19,2,1,2025-10-09,2026-01-28,3.81,6155.77,49600.54
4245,1692,1,2,58,2025-10-22,2026-03-04,0.43,568.56,23222.73
4246,166,19,3,87,2025-09-12,2026-03-02,1.77,2685.83,56229.02
4247,1402,2,2,74,2025-04-25,2025-09-30,2.37,2956.83,35862.92
4248,691,23,2,38,2025-10-03,2026-03-23,5.04,9820.18,111912.5
4249,454,20,1,54,2025-05-08,2025-09-28,0.86,1363.89,12137.21
4250,442,1,3,84,2025-06-06,2025-10-21,5.52,12543.86,134921.42
4251,1147,23,3,15,2025-06-11,2025-08-25,2.27,3987.52,106271.45
4252,626,14,2,53,2025-02-06,2025-05-26,1.86,3693.62,29624.13
4253,1182,19,3,10,2025-12-09,2026-05-01,1.5,3462.95,33282.38
4254,309,14,2,45,2025-04-06,2025-09-18,2.03,3912.67,73207.41
4255,217,23,3,40,2025-09-20,2026-01-08,0.74,1461.12,32394.56
4256,1417,1,1,39,2025-02-18,2025-08-08,3.76,6151.36,121980.24
4257,1472,1,1,44,2025-03-22,2025-06-12,4.44,10618.65,54907.32
4258,1282,19,3,74,2025-05-13,2025-08-15,2.71,6236.64,101358.99
4259,1186,19,3,33,2025-08-15,2025-12-26,6.96,16527.99,320222.97
4260,1065,19,3,47,2025-08-13,2025-11-07,5.34,4892.91,185861.94
4261,1299,16,2,86,2025-10-11,2026-02-08,0.61,980.74,32685.09
4262,1207,16,3,21,2025-08-01,2025-12-14,5.1,9003.24,101037.37
4263,271,2,1,76,2025-06-08,2025-09-26,1.93,2990.63,87803.15
4264,1649,23,1,73,2025-05-20,2025-09-06,6.52,11232.4,280991.19
4265,537,23,2,84,2025-07-25,2025-12-05,1.33,1959.6,39605.77
4266,419,1,1,24,2025-01-13,2025-07-08,3.29,6552.08,96255.6
4267,1060,20,2,40,2025-06-01,2025-11-16,1.27,1155.89,67437.63
4268,679,1,2,64,2025-05-02,2025-09-13,0.99,2341.1,38080.62
4269,374,1,3,46,2025-05-24,2025-10-30,2.41,5050.03,127001.76
4270,1571,19,3,45,2025-05-22,2025-08-19,1.14,2686.33,57951.48
4271,524,23,3,96,2025-06-25,2025-10-17,0.67,938.25,27324.9
4272,1008,1,2,42,2025-03-02,2025-07-12,0.43,604.1,21239.77
4273,1163,2,2,20,2025-06-12,2025-11-21,1.24,1942.01,35124.59
4274,911,19,1,3,2025-05-18,2025-09-08,5.54,10734.3,145878.97
4275,414,1,3,1,2025-06-11,2025-09-12,1.18,1653.05,39232.85
4276,246,19,3,23,2025-08-02,2026-01-07,3.07,4485.34,107954.17
4277,1076,20,1,2,2025-08-10,2025-12-11,4.25,4475.55,116755.74
4278,595,14,1,50,2025-12-09,2026-05-25,5.52,7540.69,206395.53
4279,668,1,2,42,2025-12-16,2026-06-14,6.84,6755.1,290371.25
4280,991,2,3,1,2025-10-24,2026-02-05,6.68,13127.17,362169.88
4281,804,19,2,42,2025-02-22,2025-05-25,2.78,2810.77,78395.1
4282,479,1,2,92,2025-04-11,2025-07-09,0.42,770.19,11300.55
4283,460,1,3,39,2025-12-12,2026-05-22,10.77,15162.74,249214.15
4284,1678,14,2,47,2025-10-08,2026-01-17,3.75,5320.27,186742.4
4285,454,16,3,18,2025-08-25,2025-12-25,0.88,1262.84,44939.73
4286,530,7,1,25,2025-10-25,2026-02-23,2.02,3524.48,71603.57
4287,1364,41,3,62,2025-09-16,2026-01-29,1,1668.56,17853.46
4288,1461,7,1,24,2025-10-20,2026-01-03,2.87,5537.57,75177.53
4289,1599,41,2,38,2025-07-09,2025-09-27,0.97,1420.66,37356.07
4290,451,19,3,70,2025-12-02,2026-04-04,6.09,11185.32,256648.61
4291,767,19,3,42,2025-01-17,2025-04-28,0.75,1332.82,31605.6
4292,1711,19,2,29,2025-05-11,2025-10-31,9.21,19322.01,425583.32
4293,139,19,2,96,2025-07-19,2025-12-29,2.07,3201.08,71627.82
4294,651,14,3,89,2025-12-02,2026-04-06,9.05,21716.46,310614.25
4295,1519,20,3,45,2025-01-14,2025-03-30,4.4,10303.77,183590.82
4296,981,14,3,76,2025-01-01,2025-06-21,5.05,8663.11,128510.05
4297,1307,19,2,19,2025-11-17,2026-04-22,4.09,6857.45,216178.99
4298,1663,19,2,58,2025-07-22,2025-11-03,0.71,1250.71,28019.97
4299,485,19,2,86,2025-12-17,2026-04-19,1.52,2168.28,20189.06
4300,1146,20,1,64,2025-08-15,2026-01-04,2.91,5639.5,89425.97
4301,1268,7,3,94,2025-09-23,2026-03-17,4.03,6747.33,114545.52
4302,461,7,1,90,2025-01-18,2025-05-23,5.72,10529.67,255482.49
4303,701,1,1,21,2025-01-04,2025-04-06,10.56,13116.99,426940.34
4304,1112,14,1,61,2025-11-04,2026-03-05,9.83,19764.27,484140.18
4305,1739,19,2,88,2025-07-04,2025-10-18,0.4,703.68,16695.21
4306,1478,20,3,4,2025-11-16,2026-02-02,1.18,2675.18,22662.07
4307,84,1,1,23,2025-03-16,2025-07-12,2.86,6680.53,91000.68
4308,353,20,3,3,2025-09-06,2025-11-23,3.42,3400.35,186231.16
4309,1449,19,3,44,2025-02-04,2025-04-21,0.51,765.87,7248.56
4310,60,1,1,82,2025-10-04,2026-02-17,2.5,3160.65,124977.28
4311,676,16,1,18,2025-03-01,2025-07-26,1.58,3428.38,76784.99
4312,1012,41,3,68,2025-11-12,2026-04-19,3.64,6264.49,141153.45
4313,1596,20,1,80,2025-11-05,2026-03-14,2.8,5341.02,145162.07
4314,96,1,1,21,2025-04-01,2025-08-10,2.48,2437.67,80162.78
4315,999,1,1,32,2025-08-14,2026-01-24,1.61,2678.54,19377.61
4316,1532,16,1,97,2025-03-19,2025-06-27,1.19,1156.3,29149.43
4317,1038,1,3,50,2025-08-09,2025-10-30,10.9,22056.14,372580.18
4318,197,19,1,15,2025-04-14,2025-09-15,6.43,9614.54,278534.52
4319,81,2,1,19,2025-01-20,2025-05-17,7.33,10936.7,92021.43
4320,1610,14,1,1,2025-10-05,2025-12-24,0.53,988,18115.57
4321,1796,1,2,54,2025-06-05,2025-09-14,2.99,5678.52,143283.4
4322,1463,19,1,54,2025-05-24,2025-08-11,3.54,5400.13,58691.39
4323,1748,20,2,36,2025-07-05,2025-11-04,0.77,714.53,16382.75
4324,1034,14,1,84,2025-04-16,2025-07-20,1.22,2130.58,15726.46
4325,1629,23,3,11,2025-08-15,2026-02-06,6.08,14410.4,220074.23
4326,530,41,2,35,2025-02-20,2025-06-16,0.58,525.2,9119.65
4327,711,1,1,18,2025-03-12,2025-07-18,4.15,4547.84,104358
4328,45,14,1,53,2025-06-02,2025-09-03,1.44,2372.09,61106.79
4329,195,2,1,71,2025-02-25,2025-06-25,0.75,1506.94,29553.7
4330,623,1,1,78,2025-01-04,2025-06-01,3.02,2727.21,155531.47
4331,155,14,1,60,2025-04-14,2025-09-12,3.36,7379.83,91573.39
4332,135,20,2,55,2025-11-05,2026-01-19,6.78,13775.93,229468.89
4333,1521,1,3,5,2025-04-04,2025-07-12,0.62,1128.17,10939.77
4334,1240,14,3,25,2025-05-16,2025-08-27,3.35,5297.41,68031.91
4335,1644,19,3,56,2025-11-12,2026-04-05,4.05,4286.08,211945.5
4336,545,1,2,74,2025-12-12,2026-05-05,0.98,1280.3,19406.02
4337,1238,19,2,26,2025-08-24,2025-12-09,0.93,1702.98,37973.96
4338,381,19,2,28,2025-09-12,2026-01-30,5.69,11769.31,107570.43
4339,1765,20,1,33,2025-07-21,2025-11-10,2.44,3322.01,64376.06
4340,1243,19,2,15,2025-07-04,2025-11-14,8.29,18771.88,311741.26
4341,621,19,1,88,2025-04-07,2025-07-13,4.13,3941.74,205337.48
4342,349,19,1,11,2025-08-13,2025-11-16,1.37,2600.4,57816.63
4343,244,1,3,11,2025-03-05,2025-08-02,1.41,2391.3,23045.49
4344,1742,14,1,78,2025-12-19,2026-05-17,1.76,3883.57,29997.62
4345,1218,19,1,96,2025-06-07,2025-09-27,1.77,3914.94,79887.15
4346,1616,19,3,16,2025-06-15,2025-09-14,2.05,2405.4,47394.22
4347,1014,2,2,57,2025-10-04,2025-12-19,2.26,2845.81,73146.14
4348,1296,23,1,46,2025-09-04,2026-02-25,0.88,1384.58,48223.4
4349,175,7,1,36,2025-04-17,2025-09-10,2.98,4650.51,41521
4350,1372,19,3,70,2025-02-14,2025-06-30,0.46,920.69,19796.67
4351,1382,2,1,48,2025-01-19,2025-06-05,5.05,10201.32,249939.3
4352,51,41,1,11,2025-08-23,2025-12-24,1.97,3833.58,75765.76
4353,625,19,3,61,2025-09-23,2026-01-15,2.38,2418.29,51550.77
4354,885,2,3,67,2025-12-11,2026-04-27,9.25,15752.11,395106.57
4355,727,20,2,34,2025-02-20,2025-07-31,1.09,1304.28,31925.25
4356,524,1,3,43,2025-12-03,2026-05-09,1.38,1843.68,49598.98
4357,887,14,3,31,2025-10-04,2026-03-08,2.98,3028.98,95986.98
4358,836,1,2,75,2025-11-03,2026-04-19,1.66,2407.94,51036.06
4359,748,23,1,45,2025-07-15,2025-12-15,5.98,7862.74,211513.8
4360,867,41,1,28,2025-08-13,2025-12-07,0.46,919.56,24973.8
4361,485,20,2,55,2025-10-14,2026-03-14,3.02,5088.21,84146.67
4362,1347,41,3,48,2025-08-10,2026-01-24,3.7,8745.69,158030.52
4363,963,19,2,28,2025-05-07,2025-09-06,6.33,9110.4,187784.32
4364,1605,20,2,37,2025-10-09,2026-04-03,5.86,7725.39,206216.13
4365,1780,19,1,54,2025-05-02,2025-08-23,4.5,4595.99,55754.41
4366,1024,14,3,44,2025-10-25,2026-02-22,0.98,1279.48,32070.69
4367,1134,20,2,30,2025-02-15,2025-05-27,4.72,10725.54,250922.91
4368,1068,2,1,26,2025-12-04,2026-04-01,3.75,4887.39,48064.53
4369,1408,1,3,13,2025-01-03,2025-05-22,0.8,1812.41,22063.6
4370,1537,19,3,40,2025-12-19,2026-05-15,1.51,1715.39,47826.95
4371,688,23,3,80,2025-12-18,2026-03-08,4.29,5913.37,222980.38
4372,394,2,2,20,2025-01-23,2025-06-23,1.12,1432.29,42661.04
4373,1257,19,1,32,2025-11-17,2026-03-11,1.31,2384.74,66311.17
4374,588,1,2,87,2025-03-25,2025-07-11,8.86,9853.83,341795.01
4375,780,20,1,9,2025-02-17,2025-08-16,1.32,2833.88,21692.61
4376,1326,19,1,32,2025-09-22,2026-03-16,3.02,6358.23,101040.38
4377,1350,1,1,69,2025-04-08,2025-09-21,8.09,16814.16,379042.55
4378,752,19,1,20,2025-10-11,2026-03-25,4.55,9299.93,177531.12
4379,484,16,3,82,2025-04-15,2025-07-07,1.79,4001.81,40182.93
4380,564,16,3,27,2025-10-08,2026-01-21,3.97,7765.06,208363.63
4381,131,1,1,89,2025-11-07,2026-04-23,1.21,1953.72,24853.89
4382,1437,1,1,100,2025-08-20,2025-11-07,0.81,1692.86,15212.7
4383,1548,19,3,85,2025-03-08,2025-05-30,7.7,11586.3,215495.79
4384,482,23,2,72,2025-08-16,2025-12-28,0.76,1404.55,17937.65
4385,315,19,2,6,2025-04-14,2025-07-18,5.6,11453.73,287535.97
4386,1756,14,3,95,2025-11-19,2026-02-02,1.43,1850.9,47990.33
4387,1245,19,1,40,2025-11-22,2026-02-27,1.29,2994.85,31555.37
4388,1127,19,3,71,2025-07-08,2025-09-29,9.9,22848.91,136008.25
4389,1705,19,1,43,2025-10-06,2026-02-05,10.18,19074.06,433611.53
4390,616,23,2,20,2025-06-23,2025-10-31,8.68,11012.07,289255.34
4391,1484,1,3,87,2025-06-24,2025-11-01,7.38,13625.18,309359.72
4392,208,1,2,69,2025-03-09,2025-07-15,3.58,6518.75,83890.98
4393,1387,20,1,23,2025-09-23,2026-02-23,8.01,8318.67,171344.1
4394,1156,1,1,39,2025-09-14,2025-12-09,5.21,11391.21,205927.47
4395,51,41,3,44,2025-09-15,2025-12-20,9.37,13858.73,470247.85
4396,622,20,3,37,2025-03-06,2025-07-23,0.82,1719.9,28890.76
4397,270,20,1,72,2025-02-17,2025-07-18,4.29,8662.17,186064.52
4398,555,20,1,21,2025-12-03,2026-02-21,1.66,1946.5,77265.06
4399,286,1,1,27,2025-03-14,2025-08-05,0.94,1352.18,31123.45
4400,1288,20,2,37,2025-06-24,2025-09-22,0.82,1786.29,34076.44
4401,442,1,2,16,2025-07-19,2025-10-18,1.59,2413.85,35612.47
4402,78,2,2,36,2025-08-05,2025-11-06,1.96,1895.55,89069.06
4403,800,19,1,3,2025-10-02,2026-03-28,2.44,3916.79,101671.38
4404,812,19,1,21,2025-08-18,2025-12-29,10.56,25109.37,241838.15
4405,1190,1,1,95,2025-12-09,2026-04-04,5.03,11765.84,163464.65
4406,1450,19,2,68,2025-01-06,2025-04-21,2.38,5128.72,45173.71
4407,497,14,2,86,2025-11-14,2026-01-31,5.69,6883.68,237290.05
4408,1336,16,1,84,2025-05-17,2025-10-02,2.25,3322.1,79505.56
4409,580,7,2,19,2025-05-25,2025-10-05,6.74,13775.36,171389
4410,1144,7,1,100,2025-08-10,2026-01-11,3.41,7599.39,73680.07
4411,1249,23,2,14,2025-12-05,2026-05-06,8.92,20990.2,268538.5
4412,506,2,1,24,2025-03-10,2025-08-03,0.9,2125.36,44909.32
4413,1597,14,1,71,2025-06-18,2025-12-10,3.71,5926.69,69613.17
4414,1424,20,2,60,2025-08-08,2025-11-05,1.21,2094.84,55299.92
4415,1482,1,2,35,2025-11-01,2026-02-12,5.76,13122.38,310242.35
4416,1365,20,2,46,2025-08-22,2026-01-05,1.82,2303.82,47443.77
4417,1219,19,1,20,2025-03-04,2025-08-01,5.06,11531,165185.72
4418,1659,20,3,40,2025-09-06,2025-12-21,6.45,15067,299891.64
4419,118,2,3,50,2025-02-25,2025-05-30,1.45,3063.45,52014.77
4420,1055,16,3,76,2025-06-01,2025-11-07,10.08,18288.61,138046.81
4421,948,19,2,10,2025-09-01,2025-12-22,2.5,4201.31,81568.58
4422,1525,23,3,32,2025-11-04,2026-04-23,8.24,8742.54,180314.02
4423,1562,14,3,11,2025-07-01,2025-11-15,1.27,2657.75,32013.35
4424,21,19,2,26,2025-01-21,2025-07-10,3.68,5198.3,134523.82
4425,328,19,3,4,2025-10-10,2026-03-04,5.46,11342.28,84009.27
4426,1319,1,2,35,2025-07-14,2025-12-09,2.31,2958.62,95498.71
4427,581,14,1,39,2025-04-22,2025-07-14,7.23,16531.5,104022.31
4428,319,20,3,27,2025-06-12,2025-09-01,3.78,8473.94,92778.39
4429,1265,20,1,46,2025-03-07,2025-08-16,6.79,6878.1,139731.41
4430,1795,19,3,26,2025-06-21,2025-10-12,0.72,1230.68,24243.23
4431,143,19,3,41,2025-07-21,2025-10-12,0.94,1583.65,28227.88
4432,118,19,2,54,2025-02-20,2025-05-08,1.19,1625.74,53545.91
4433,1097,1,3,97,2025-08-04,2025-10-18,0.75,949.7,20462.06
4434,353,14,3,56,2025-04-23,2025-07-09,5.21,11228.82,279654.61
4435,1418,19,1,43,2025-06-06,2025-10-02,7.24,12633.67,126631.76
4436,602,2,3,21,2025-02-15,2025-05-06,5.36,9735.86,114985.17
4437,112,20,3,90,2025-03-09,2025-08-17,1.16,2257.57,42356.34
4438,1733,19,1,28,2025-10-16,2026-01-03,6.55,8615.97,225568.88
4439,964,2,2,74,2025-01-10,2025-05-09,6.98,8586.56,362498.48
4440,1719,1,1,13,2025-04-20,2025-09-10,1.97,3736.54,69480.72
4441,292,19,2,46,2025-03-01,2025-08-04,2.32,3707,63584.81
4442,1566,14,3,1,2025-12-10,2026-03-24,2.66,3151.61,112682.25
4443,1112,19,1,68,2025-08-15,2026-01-25,4.93,11635.79,153926
4444,1407,20,2,10,2025-01-07,2025-06-09,4.18,8413.1,181042.24
4445,209,16,3,57,2025-01-17,2025-06-05,2.49,2913.27,122065.64
4446,1722,1,2,92,2025-04-19,2025-08-06,5.91,5444.41,84087.76
4447,1115,7,1,18,2025-12-17,2026-03-12,4.69,8033.61,133207.04
4448,278,23,1,22,2025-10-13,2026-02-26,5.36,9702.41,70184.42
4449,1050,20,3,8,2025-11-10,2026-04-04,3.54,4330.58,105702.8
4450,503,14,3,43,2025-12-21,2026-04-23,2.38,3973.89,86128.28
4451,953,14,2,63,2025-04-08,2025-07-05,1.56,1567.28,38861.77
4452,1133,16,3,56,2025-04-11,2025-08-15,1.15,1479.94,26504.8
4453,20,20,3,22,2025-11-05,2026-04-02,1.85,2900.72,58264.06
4454,333,7,1,92,2025-09-17,2026-03-08,7.92,12398.6,119791.62
4455,734,1,1,45,2025-01-16,2025-04-12,8.28,14754.35,403988.38
4456,744,2,3,60,2025-12-08,2026-03-16,4.8,11151.64,57801.91
4457,1397,1,3,58,2025-07-24,2025-10-10,2.41,3141.52,92085.99
4458,291,14,1,55,2025-04-08,2025-07-13,3.62,4112.43,186954.18
4459,1697,7,2,98,2025-11-12,2026-02-04,4.5,9615.4,180700.14
4460,769,14,1,54,2025-01-11,2025-07-05,2.91,4339.81,110100.09
4461,1773,1,3,64,2025-10-17,2026-01-31,0.77,789.8,34863.03
4462,1092,19,3,75,2025-02-19,2025-06-14,1.98,3566.82,83483.17
4463,102,1,2,82,2025-08-22,2026-02-12,1.67,3224.54,76967.73
4464,1466,19,2,2,2025-11-07,2026-04-14,2.57,4158.21,31811.43
4465,278,23,3,66,2025-05-22,2025-08-20,3.01,3581.41,134850.69
4466,121,14,3,89,2025-10-19,2026-02-22,5.61,13031.81,187182.86
4467,598,41,2,28,2025-01-15,2025-06-13,6.15,8084.69,317433.68
4468,159,2,3,64,2025-07-19,2025-11-26,5.01,6552.43,142440.39
4469,166,1,2,46,2025-01-18,2025-06-19,1.91,2860.89,50227.44
4470,1596,41,1,73,2025-01-03,2025-06-28,0.93,886.12,41534.84
4471,613,19,3,78,2025-10-22,2026-02-20,5.35,6956.69,270166.22
4472,78,2,1,37,2025-09-07,2026-02-15,1.13,1940.76,33731.69
4473,948,19,2,100,2025-07-08,2025-12-08,6.8,12109.46,177920.39
4474,2,1,3,62,2025-09-13,2026-02-08,3.73,3704.34,189349.62
4475,1654,23,2,87,2025-04-19,2025-07-15,1.18,1333.37,20340.89
4476,785,19,1,45,2025-05-08,2025-09-16,2.84,5673.74,87210.61
4477,837,1,2,35,2025-07-21,2025-12-01,1.03,1712.3,43894.34
4478,1192,20,2,12,2025-12-05,2026-04-14,9.93,9698.85,436252.07
4479,173,41,2,75,2025-10-09,2025-12-23,7.13,9809.26,313690.67
4480,179,1,3,39,2025-08-06,2025-12-13,1.23,2772.78,44649.52
4481,145,41,2,99,2025-03-19,2025-06-19,1.34,1576.17,46194.95
4482,511,7,2,18,2025-02-13,2025-07-24,3.96,8610.7,141184.57
4483,988,23,3,95,2025-05-12,2025-09-29,3.2,4806.01,112818.5
4484,877,1,3,20,2025-06-22,2025-10-05,1.29,1403.85,22493.95
4485,702,14,2,63,2025-05-09,2025-07-28,9.22,21192.64,343736.89
4486,1410,23,3,17,2025-02-05,2025-05-12,0.54,900.48,9425.87
4487,899,2,3,44,2025-01-11,2025-04-29,3.06,6680.99,49874.96
4488,1630,19,3,62,2025-11-06,2026-01-25,9.31,10171.13,250334.7
4489,322,19,3,29,2025-08-08,2025-10-24,5.69,6806.57,104158.42
4490,302,14,2,33,2025-05-06,2025-09-17,2.03,4712.33,79935.91
4491,802,1,2,22,2025-09-06,2026-03-05,1.24,2719.4,53197.09
4492,490,20,1,59,2025-08-09,2025-12-19,6.54,12861.2,118261.93
4493,1121,1,2,34,2025-06-18,2025-11-15,9.71,9863.87,506033.85
4494,1798,19,2,3,2025-02-18,2025-06-27,1.64,3339.13,40806.81
4495,1110,20,3,59,2025-09-24,2026-01-29,1.62,2760.4,26838.3
4496,226,16,1,80,2025-03-20,2025-08-24,8.06,9264.66,315718.86
4497,1440,19,2,43,2025-12-23,2026-05-31,2.06,2835.23,35283.1
4498,1361,41,3,62,2025-06-01,2025-10-03,1.86,3390.03,46314.16
4499,1202,1,2,89,2025-01-16,2025-05-30,2.76,2547.44,149540.84
4500,904,1,2,89,2025-10-20,2026-02-15,5.98,7752.3,149122.94
4501,1413,20,2,65,2025-08-24,2026-01-23,1.38,3238.8,42546.04
4502,62,2,3,79,2025-09-24,2025-12-08,7.52,13653.58,244745.5
4503,524,1,2,75,2025-12-13,2026-05-19,1.47,1401.43,77143.34
4504,312,19,1,33,2025-08-15,2025-12-26,2.66,3419.66,95969.63
4505,1451,2,1,42,2025-07-07,2025-12-26,0.86,1542.05,43493.45
4506,457,2,3,33,2025-08-09,2026-01-08,1.71,3336.87,24918.82
4507,193,14,2,70,2025-03-16,2025-07-24,7.14,7136.24,351840.34
4508,465,2,1,90,2025-03-23,2025-08-03,4.7,4605.12,244713.69
4509,96,1,3,100,2025-05-21,2025-08-14,0.54,936.96,14066.58
4510,1285,2,1,19,2025-06-10,2025-10-03,8.07,18129.27,239644.56
4511,1591,2,2,99,2025-01-22,2025-06-29,5.9,8017.34,165313
4512,1778,41,2,70,2025-10-18,2026-01-27,3.99,4059.68,90336.34
4513,338,23,2,43,2025-04-06,2025-07-08,2.23,4320.32,92744.41
4514,483,20,3,4,2025-11-03,2026-04-28,5.94,11176.13,108916.06
4515,732,23,1,66,2025-08-22,2025-12-16,8.12,8674.56,282491.48
4516,404,20,3,32,2025-02-24,2025-06-28,7.23,15227.8,194601.98
4517,518,7,2,97,2025-07-16,2026-01-09,2.41,2440.48,105580.13
4518,468,1,2,92,2025-11-15,2026-01-29,7.74,15771.63,359448.41
4519,550,19,3,33,2025-01-05,2025-04-23,1.63,1607.53,70250.97
4520,152,20,2,66,2025-10-18,2026-04-08,2.15,3396.97,37462.76
4521,256,1,2,9,2025-06-14,2025-09-06,9.34,13916.78,340057.12
4522,1704,1,2,6,2025-05-05,2025-09-01,3.52,3469.08,113709.28
4523,167,2,2,20,2025-08-18,2025-11-15,0.4,774.54,13966.16
4524,287,1,3,83,2025-11-14,2026-04-19,2.11,2291.12,112572.81
4525,416,20,2,11,2025-12-14,2026-04-19,1.42,1651.84,61961.63
4526,1676,1,2,81,2025-06-11,2025-09-20,3.62,6562.39,97582.68
4527,400,20,2,46,2025-04-03,2025-07-06,11.08,12493.71,211462.93
4528,1031,2,3,91,2025-04-17,2025-07-27,1.26,2494.6,57622.21
4529,705,1,2,36,2025-08-01,2025-11-07,1.93,4167.59,47050.97
4530,1787,1,2,28,2025-08-24,2025-12-05,2.41,4411.2,66365.08
4531,1132,20,2,15,2025-02-05,2025-06-26,1.19,2162.69,43242.56
4532,921,14,2,27,2025-06-11,2025-10-19,1.71,3182.64,89064.77
4533,714,1,3,72,2025-03-16,2025-07-17,1.05,1915.06,41785.27
4534,449,2,1,97,2025-09-03,2025-12-19,7.28,12736.4,95221.21
4535,315,19,2,14,2025-12-18,2026-05-10,5.18,7599.52,118185.15
4536,1201,20,3,11,2025-08-25,2026-01-13,2.37,2414.44,97385.89
4537,1633,2,1,33,2025-12-09,2026-04-13,8.36,10398.76,422772.71
4538,599,19,1,95,2025-03-08,2025-05-26,9.7,10022.18,320402.05
4539,1378,19,3,92,2025-07-09,2025-09-30,4.5,4290.22,197816.99
4540,207,23,2,11,2025-11-06,2026-04-06,1.36,3226.97,35360.29
4541,1444,19,3,75,2025-01-23,2025-04-18,1.63,2647.05,20550.11
4542,1274,1,2,70,2025-10-20,2026-01-11,7.46,13599.83,283195.38
4543,597,20,3,33,2025-05-22,2025-10-27,5.82,9633.1,260220.98
4544,914,1,2,59,2025-04-25,2025-10-02,3.85,6069.72,140474.06
4545,12,19,2,95,2025-11-19,2026-03-07,5.54,12953.5,206393.42
4546,416,7,3,27,2025-06-01,2025-09-16,5.13,6739.76,116513.14
4547,863,19,3,81,2025-03-09,2025-06-05,1.45,2331.44,64423.61
4548,1647,16,3,5,2025-03-13,2025-08-29,5.99,5780.04,155373.1
4549,157,20,3,80,2025-09-20,2026-02-28,5.31,12404.28,76903.31
4550,505,2,3,26,2025-09-05,2025-11-29,3.34,7167.99,108708.18
4551,1047,2,1,12,2025-01-20,2025-04-14,1.73,3992.52,22760.78
4552,1259,41,1,80,2025-08-03,2025-11-25,5.93,13707,241493.5
4553,869,23,3,43,2025-03-20,2025-07-15,1.21,2004.58,33945.48
4554,1204,19,1,86,2025-06-04,2025-10-12,3.18,5256.78,147439.53
4555,1787,19,1,65,2025-01-24,2025-04-29,2.51,5053.06,88476.38
4556,196,2,2,69,2025-09-21,2026-03-20,0.48,521.61,13962.82
4557,863,1,2,71,2025-04-03,2025-09-17,1.75,3831.55,41400.4
4558,806,1,3,52,2025-01-11,2025-03-28,2.75,5367.85,101219.65
4559,1138,14,1,20,2025-05-02,2025-08-04,3.04,5007.45,84800.19
4560,1053,14,3,93,2025-03-09,2025-08-23,3.19,7034.27,74421.03
4561,97,2,2,69,2025-03-09,2025-07-12,0.76,1352.37,9465.84
4562,420,19,3,18,2025-02-09,2025-06-18,4.75,6003.96,240879.15
4563,1604,19,3,70,2025-03-16,2025-06-18,9.71,17768.76,429204.31
4564,884,2,1,60,2025-10-20,2026-04-07,0.79,1069.34,35219.43
4565,203,1,2,76,2025-06-14,2025-09-15,3.62,8556.71,165844.98
4566,1673,19,1,85,2025-09-13,2025-12-22,1.44,2502.9,56146.6
4567,429,19,3,69,2025-02-16,2025-06-25,1.66,2115.5,21962.56
4568,980,19,2,7,2025-08-15,2025-11-14,3.89,9332.56,123064.15
4569,1318,19,1,67,2025-08-17,2025-11-01,2.01,2679.78,91160.92
4570,1297,14,2,85,2025-07-09,2025-12-24,1.89,2818.93,88935.49
4571,901,1,2,34,2025-11-15,2026-04-23,2.31,3293.82,55466.25
4572,372,20,1,2,2025-01-06,2025-04-17,1.26,1695.69,57144.76
4573,569,1,3,92,2025-12-06,2026-05-23,2.67,3878.01,84922.23
4574,1738,41,2,87,2025-07-12,2025-11-09,1.03,2342.41,24965.59
4575,528,16,2,55,2025-08-06,2025-11-28,7.11,13131.03,112783.53
4576,1183,14,3,55,2025-05-16,2025-09-25,3.07,6216.66,160113.85
4577,1770,19,2,7,2025-03-23,2025-08-31,2.44,5230.83,77551.8
4578,430,19,2,6,2025-04-16,2025-09-19,2.47,2811,63176.76
4579,555,41,2,69,2025-11-04,2026-02-19,0.65,987.8,23778.55
4580,348,19,1,17,2025-03-10,2025-08-08,1.47,2567.82,39552.39
4581,1426,20,1,8,2025-02-24,2025-08-23,5.1,6342.48,61370.64
4582,1437,2,1,56,2025-01-18,2025-04-16,3.56,8503.3,190738.34
4583,359,20,1,73,2025-12-09,2026-05-18,5.46,10893.31,91767.65
4584,1381,2,3,43,2025-05-10,2025-10-08,6.82,13656.6,126005
4585,493,1,2,91,2025-09-02,2025-12-11,3.52,3507.09,94087.78
4586,718,14,3,30,2025-09-16,2026-03-07,1.32,1936.1,62914.4
4587,95,23,3,71,2025-01-23,2025-05-07,3.59,7627.67,111809.01
4588,814,1,2,63,2025-02-02,2025-06-29,2.24,4639.17,122028.8
4589,1186,19,2,38,2025-06-17,2025-10-26,2.29,2973.87,77820.05
4590,1448,2,2,75,2025-02-14,2025-05-01,0.71,789.8,37769.11
4591,1283,23,1,27,2025-09-09,2026-01-15,0.5,1101.15,11105.22
4592,524,23,3,80,2025-05-10,2025-10-13,1.65,2491.38,74621.83
4593,1117,19,3,12,2025-12-10,2026-04-28,0.83,1639.27,22217.52
4594,1664,2,3,61,2025-07-23,2026-01-01,9.43,17610.93,241299.15
4595,1648,19,1,11,2025-06-10,2025-11-18,0.56,1239.03,25446.02
4596,683,19,2,100,2025-07-14,2025-12-05,2.3,5054.16,74125.65
4597,65,20,3,35,2025-11-20,2026-05-03,8.59,19952.13,157241.4
4598,437,19,2,59,2025-05-23,2025-10-23,2.7,4960.45,128654.42
4599,1018,19,3,51,2025-06-18,2025-11-28,5.5,9139.52,91472.04
4600,1528,2,3,12,2025-05-23,2025-11-19,1.78,3619.4,78562.36
4601,607,19,1,8,2025-01-20,2025-05-26,1.21,2407.94,47409.51
4602,317,7,1,62,2025-03-10,2025-05-26,0.84,1410.17,15225.74
4603,164,7,3,42,2025-03-08,2025-06-12,5.01,10167.36,184763.2
4604,1432,20,1,29,2025-01-14,2025-05-07,1.02,1472.52,21023.42
4605,1717,1,1,57,2025-08-13,2025-11-08,6.01,11564.23,204785.41
4606,1690,1,1,60,2025-10-04,2026-01-24,3.25,4566.21,147965.63
4607,994,23,1,93,2025-09-18,2026-02-21,0.46,918.57,19593
4608,615,23,3,14,2025-02-11,2025-05-23,8.97,10488.07,209667.52
4609,445,1,3,47,2025-11-15,2026-04-29,1.77,3094.67,88115.91
4610,1038,20,1,70,2025-12-15,2026-03-03,2.95,5283.11,47643.12
4611,655,20,3,75,2025-02-04,2025-05-08,6.37,12311.44,107037.4
4612,126,1,1,4,2025-05-02,2025-10-07,6.21,12741.45,211678.33
4613,1257,19,1,20,2025-05-23,2025-11-07,0.93,1074.41,35131.56
4614,1390,20,2,21,2025-06-25,2025-09-11,5.17,6343.82,113402.51
4615,332,20,3,54,2025-01-13,2025-05-18,5.66,12729.6,115382.08
4616,37,2,1,2,2025-10-19,2026-03-15,1.57,1973.88,52804.05
4617,1798,19,1,39,2025-06-17,2025-09-28,1.01,1412.46,50989.23
4618,956,20,1,3,2025-05-17,2025-08-01,2.82,5578.64,151652.62
4619,520,19,1,35,2025-10-24,2026-03-11,0.73,1029.54,34523.77
4620,535,1,1,29,2025-09-14,2026-03-07,1.87,2648.41,37523.85
4621,517,7,2,15,2025-08-03,2025-12-11,2.7,5093.88,47119.34
4622,984,1,2,74,2025-11-21,2026-05-04,8.61,16340.64,370903.57
4623,1529,19,2,97,2025-07-05,2025-09-19,5,5623.33,82296.76
4624,1371,2,2,37,2025-08-01,2026-01-07,4.41,5657.38,99844.82
4625,1548,19,3,26,2025-07-03,2025-09-17,4.2,4027.82,149696.17
4626,877,23,3,41,2025-12-20,2026-04-27,7.34,13810.85,184551.46
4627,531,1,2,40,2025-09-02,2026-01-27,5.25,10944.92,216299.03
4628,1633,2,3,40,2025-01-12,2025-06-06,8.13,13829.21,311713.32
4629,1204,19,2,78,2025-10-11,2025-12-29,3.76,6035.82,75531.46
4630,937,2,3,76,2025-01-10,2025-07-09,2.53,5142.07,66330.51
4631,1800,14,2,46,2025-06-23,2025-11-03,7.36,14716.79,176221.04
4632,1641,16,1,96,2025-05-20,2025-08-26,0.68,1033.95,26449.66
4633,936,20,2,59,2025-10-19,2026-01-06,1.98,4515.03,99934.04
4634,1475,1,2,32,2025-11-03,2026-03-21,9.19,10283.62,453467.56
4635,1437,1,3,40,2025-11-11,2026-03-05,5.53,11661.23,228431.03
4636,806,23,3,37,2025-10-18,2026-03-17,2.02,4703.27,68013.29
4637,757,19,3,87,2025-07-11,2025-11-11,7.27,14671.59,127757.63
4638,1401,20,1,88,2025-06-15,2025-09-22,1.61,3313.51,37975.01
4639,19,19,2,1,2025-09-21,2026-01-02,2.53,3331.35,123582.76
4640,1136,14,1,29,2025-02-03,2025-05-10,2.09,4030.52,109282.33
4641,866,2,1,26,2025-10-12,2026-01-29,3.56,8262.86,148666.5
4642,1063,7,2,1,2025-01-17,2025-04-04,0.82,1257.77,16781.62
4643,1429,23,2,16,2025-05-16,2025-08-05,3.63,5580.24,106704.06
4644,335,19,3,57,2025-11-19,2026-04-10,1.74,3428.68,61025.36
4645,123,16,2,15,2025-12-24,2026-03-25,6.01,8019.75,250470.07
4646,1149,2,2,20,2025-11-17,2026-04-30,0.88,1650.17,31419.74
4647,17,19,1,46,2025-07-24,2025-11-19,4.37,9831.92,200410.01
4648,1429,1,3,77,2025-03-17,2025-07-23,5.24,8181.67,141060.82
4649,1056,20,1,90,2025-05-19,2025-09-14,6.34,9627.42,85367.69
4650,616,1,3,81,2025-08-18,2025-12-25,8.47,13396.8,319719.21
4651,354,1,1,67,2025-05-11,2025-09-14,4.69,6946.22,140552.78
4652,575,1,3,14,2025-03-06,2025-06-12,3.09,5750.88,51757.43
4653,627,19,3,14,2025-02-10,2025-06-09,3.01,3329.06,165499.68
4654,1052,20,2,37,2025-04-18,2025-08-20,0.59,797.48,30501.4
4655,151,2,2,1,2025-08-25,2026-02-17,9.26,13008.8,468644.71
4656,763,19,3,18,2025-01-20,2025-07-13,5.83,13394.74,239313.42
4657,677,1,1,23,2025-04-05,2025-07-11,1.92,1831.24,67144.66
4658,631,14,2,44,2025-06-14,2025-10-07,8.96,12313.54,353216.41
4659,1776,2,2,41,2025-08-01,2026-01-17,8.14,9848.37,211260.71
4660,100,2,3,56,2025-06-18,2025-12-03,2.35,2398.66,54579.99
4661,1692,19,2,73,2025-05-08,2025-09-16,1.05,1547.63,50515.88
4662,443,23,2,85,2025-09-15,2026-02-17,3.21,3944.71,176182.38
4663,666,1,1,1,2025-10-12,2026-03-30,5.44,6474.11,241048.56
4664,644,41,3,67,2025-06-11,2025-11-25,2.6,5538.36,51702.98
4665,1025,23,3,54,2025-03-19,2025-09-09,1.06,1551.63,36227.07
4666,671,19,2,15,2025-02-07,2025-05-22,1.68,2556.72,53429.23
4667,1088,23,3,51,2025-04-01,2025-06-22,2.41,2279.85,72592.76
4668,49,14,1,47,2025-04-07,2025-08-02,2.76,2599.93,146311.65
4669,751,19,2,48,2025-09-02,2026-01-28,0.99,1157.7,23659.84
4670,1799,19,1,95,2025-03-08,2025-07-11,1.41,2097.34,24617.9
4671,746,2,2,97,2025-05-21,2025-11-05,4.13,8441.06,72007.04
4672,736,19,3,12,2025-03-22,2025-07-31,1.94,3006.83,55912.73
4673,1501,41,3,78,2025-06-03,2025-09-06,2.69,3810.54,88224.78
4674,1394,19,1,37,2025-08-15,2025-11-17,0.44,934.46,8760.59
4675,1703,1,3,79,2025-05-13,2025-07-29,3.27,4074.32,112936.81
4676,1705,2,1,82,2025-06-24,2025-11-22,5.95,10320.22,284651.02
4677,934,23,3,43,2025-05-05,2025-07-26,0.72,911.74,34018
4678,1756,1,3,27,2025-01-20,2025-06-20,1.49,1421.72,61556.32
4679,665,2,1,72,2025-12-12,2026-03-25,2.58,5080.67,32876.46
4680,1383,2,3,57,2025-03-16,2025-07-26,3.09,5600.8,123799.35
4681,1548,1,2,31,2025-01-21,2025-04-24,1.47,2655.48,67236.35
4682,1784,1,2,14,2025-11-25,2026-04-02,9.52,9848.7,335787.56
4683,1770,16,1,57,2025-10-25,2026-03-14,4.83,11551.66,118515.26
4684,482,1,2,48,2025-03-22,2025-07-16,3.57,7861.68,185509.98
4685,787,20,1,70,2025-03-04,2025-08-02,1.28,2121.01,41275.02
4686,1698,41,1,10,2025-06-17,2025-11-17,1.51,2081.63,76027.42
4687,1191,41,3,97,2025-06-11,2025-10-13,3.4,6474.55,115437.73
4688,40,19,3,4,2025-09-04,2026-01-20,3.1,6080.07,50983.71
4689,428,19,2,62,2025-12-20,2026-03-20,2.04,2530.54,84317.27
4690,1703,19,2,43,2025-04-08,2025-07-23,3.24,4366.82,52995.4
4691,1535,20,1,50,2025-07-04,2025-12-05,2.72,3519.77,83425.56
4692,1250,1,2,91,2025-04-02,2025-09-24,5.02,8700.6,178903.25
4693,1108,7,1,9,2025-02-18,2025-07-25,5.97,9442.6,151991.15
4694,693,19,1,24,2025-02-24,2025-06-11,2.08,4538.42,91348.93
4695,1340,16,1,86,2025-11-16,2026-04-29,4.47,8637.32,53674.89
4696,833,19,3,19,2025-04-25,2025-10-08,2.5,4626.3,121869.07
4697,887,14,1,66,2025-11-16,2026-03-07,3.28,6005.46,126561.81
4698,832,19,3,67,2025-05-03,2025-08-29,2.18,4226.02,42727.99
4699,1769,1,1,25,2025-02-09,2025-05-13,5.18,7296.87,140931.89
4700,1729,14,1,86,2025-11-21,2026-02-20,1.84,2340.26,63930.71
4701,1424,20,3,35,2025-06-06,2025-11-07,3.35,7391.64,108363.18
4702,186,7,2,70,2025-01-05,2025-04-04,0.62,932.07,25310.82
4703,593,2,2,39,2025-11-23,2026-02-25,2.9,5308.98,39358.01
4704,1681,16,1,56,2025-04-09,2025-09-05,0.61,660.28,25877.82
4705,482,23,1,72,2025-02-08,2025-07-07,5.69,10016.98,117787.48
4706,318,20,3,18,2025-03-12,2025-07-14,3.52,7603.05,136332.61
4707,1242,19,3,19,2025-02-07,2025-05-16,4.77,10516.71,234688.45
4708,1486,19,3,23,2025-06-08,2025-12-05,0.48,1030.2,12668.51
4709,1097,19,2,6,2025-04-03,2025-07-14,0.86,1250.71,40107.46
4710,725,41,3,24,2025-09-24,2026-01-07,2.93,2641.4,132347.51
4711,1653,16,2,63,2025-02-24,2025-08-04,2.01,2021.5,31681.51
4712,963,19,3,29,2025-04-12,2025-07-07,0.52,525.62,14908.82
4713,298,19,1,97,2025-08-18,2025-12-07,2.25,3534.16,88211.99
4714,1673,19,3,7,2025-06-04,2025-08-19,0.59,884.3,7537.5
4715,1315,19,1,96,2025-11-18,2026-03-16,8.46,15412.72,193277.44
4716,1428,23,1,91,2025-05-08,2025-09-30,4.33,4645.88,174360.04
4717,640,23,3,57,2025-12-07,2026-05-22,6.77,13178.28,93749.76
4718,1717,1,3,8,2025-04-23,2025-10-10,4.46,7995.79,125990.24
4719,1380,20,3,97,2025-03-08,2025-07-19,2.2,2816.89,85830.51
4720,691,23,1,17,2025-01-10,2025-05-15,0.96,1049.16,17209.3
4721,1509,20,1,38,2025-05-03,2025-08-11,1.49,2680.69,58117.68
4722,1685,16,1,71,2025-04-23,2025-07-24,1.84,1951.19,92446.84
4723,180,1,2,24,2025-10-03,2026-01-15,6.12,11639.72,123468.84
4724,347,19,3,30,2025-05-13,2025-11-04,3.16,6000.86,70029.13
4725,1230,20,3,53,2025-05-06,2025-09-15,0.5,665.84,22491.45
4726,298,19,1,26,2025-02-19,2025-08-05,2.85,6130.55,83813.1
4727,1792,1,1,61,2025-12-14,2026-04-10,9.78,9308.02,161516.36
4728,1214,2,3,61,2025-08-13,2025-12-16,1.56,2331.32,49853.67
4729,131,1,1,84,2025-01-23,2025-07-06,0.47,1047.15,15157.46
4730,1743,23,1,80,2025-12-11,2026-04-24,2.2,2686.75,38230.4
4731,1109,19,3,79,2025-11-18,2026-03-19,3.23,4876.52,81110.95
4732,1673,14,2,89,2025-10-01,2025-12-26,1.73,3114.49,33655.59
4733,413,1,2,25,2025-03-14,2025-06-01,1.66,1516.56,71911.22
4734,1129,20,1,98,2025-03-23,2025-09-09,0.62,684.63,19005.59
4735,281,19,2,98,2025-05-06,2025-08-19,4.51,9975.63,170528.34
4736,1159,20,2,50,2025-02-09,2025-06-03,4.81,6197.89,71361.47
4737,878,23,2,87,2025-09-04,2025-11-18,4.23,5831.5,84081.44
4738,1210,1,2,59,2025-07-22,2026-01-06,5.07,6677.25,184839.79
4739,1416,41,1,42,2025-08-14,2025-11-20,5.81,10371.44,266449.24
4740,1276,20,1,86,2025-11-03,2026-02-25,2.01,3990.46,100267.64
4741,1227,20,3,10,2025-10-19,2026-01-03,0.8,1646.75,24880.22
4742,1491,19,1,60,2025-04-10,2025-09-08,2.64,3594.6,40647.95
4743,1735,19,2,98,2025-05-25,2025-11-15,3.53,4729.47,175744.67
4744,902,1,3,2,2025-03-16,2025-06-02,2.41,3903.56,63089.9
4745,1793,1,3,67,2025-10-08,2025-12-23,1.02,1417.26,26266.39
4746,635,19,1,56,2025-08-11,2025-12-23,1.18,1217,29912.26
4747,364,19,3,66,2025-07-11,2025-10-16,0.47,935.09,8890.61
4748,190,20,3,32,2025-12-13,2026-06-11,4.36,8278.64,66633.73
4749,1645,20,1,53,2025-10-08,2026-02-19,1.14,2501.11,40903.96
4750,284,20,2,71,2025-10-25,2026-02-14,8.61,14846.28,410862.14
4751,1698,20,3,75,2025-08-14,2025-12-23,2.46,4184.87,44544.73
4752,1484,20,1,3,2025-08-03,2025-12-18,5.43,11304.47,291432.44
4753,957,20,1,14,2025-09-24,2026-01-14,4.75,5936.47,201270.89
4754,291,14,2,76,2025-08-07,2025-12-04,6.27,6335.77,310413.74
4755,415,7,3,18,2025-09-11,2025-12-19,1.1,1790.69,39514.32
4756,947,19,3,65,2025-01-06,2025-05-10,5.04,5169.4,185901.19
4757,464,41,1,78,2025-04-14,2025-07-01,1.8,2576.4,95284.19
4758,448,1,1,50,2025-08-22,2026-01-19,1.34,1250.58,55831.79
4759,1461,41,3,75,2025-06-14,2025-11-27,0.58,772.91,10268.07
4760,1540,1,3,28,2025-11-07,2026-04-16,1.28,1309.58,57837.58
4761,668,1,1,67,2025-05-07,2025-08-08,7.31,6966.88,239902.03
4762,677,1,2,100,2025-03-17,2025-08-18,1.22,1596.92,14755.65
4763,532,1,3,46,2025-10-11,2026-03-05,0.68,1132.98,16485.22
4764,1698,20,2,75,2025-03-23,2025-08-08,2.17,2012.77,108842.64
4765,297,14,1,72,2025-03-10,2025-07-27,5.92,10418.51,84698.99
4766,1009,1,2,95,2025-10-14,2026-03-19,3.98,5803.48,217767.85
4767,571,20,2,70,2025-07-23,2025-11-30,7.46,12593.44,279348.94
4768,573,19,2,86,2025-06-23,2025-11-24,2.49,3678.04,87272.7
4769,1592,1,2,100,2025-01-22,2025-07-04,8.06,14603.28,435746.46
4770,639,1,2,49,2025-07-11,2025-11-19,5.18,11892.28,142671.02
4771,209,19,1,84,2025-11-18,2026-02-12,0.64,1282.38,27299.86
4772,1727,16,2,42,2025-11-25,2026-04-17,2.27,4217.99,86077.51
4773,1643,41,2,34,2025-08-07,2026-01-27,3.88,3626.11,148138.47
4774,1766,19,2,79,2025-01-25,2025-06-12,2.32,4301.93,91432.62
4775,1733,2,3,7,2025-02-03,2025-06-01,0.87,1352.32,38497.99
4776,881,23,1,9,2025-02-19,2025-06-19,3.81,5992.05,81146.03
4777,1565,14,1,99,2025-05-06,2025-08-19,6.08,12022.31,101454.46
4778,35,20,3,26,2025-12-01,2026-05-28,0.95,1534.21,20700.77
4779,961,1,1,28,2025-02-11,2025-07-21,2.48,3359.84,83278.59
4780,963,19,1,54,2025-05-19,2025-09-22,5.03,5147.23,144419.91
4781,334,20,3,77,2025-01-18,2025-04-30,4.96,7123.18,122996.68
4782,878,1,1,56,2025-07-25,2025-12-16,4.9,5955,181374.41
4783,1601,19,3,45,2025-12-09,2026-05-26,4.69,5996.75,147775.71
4784,714,20,2,52,2025-04-01,2025-09-26,0.71,1198.75,10485.09
4785,1065,1,3,38,2025-02-23,2025-08-07,6.29,9687.93,130893.98
4786,944,1,3,78,2025-01-08,2025-04-16,4.14,8317.69,195733.99
4787,606,2,1,25,2025-05-03,2025-09-16,3.46,6839.56,117041.88
4788,90,41,1,91,2025-11-24,2026-05-02,4.7,9922.8,201735.08
4789,967,19,2,8,2025-02-01,2025-06-21,6.46,10554.63,302913.61
4790,1666,14,1,99,2025-01-01,2025-05-24,7.17,11546.43,147856.04
4791,776,23,1,90,2025-08-20,2026-02-16,2.07,3236.59,38287.41
4792,1171,14,3,29,2025-08-13,2026-01-24,3.52,6339.4,132957.5
4793,531,1,3,87,2025-12-21,2026-05-20,3.26,6744.06,55438.51
4794,749,1,3,28,2025-07-14,2025-12-17,6.37,9816.37,242600.34
4795,859,19,1,14,2025-06-24,2025-11-21,0.63,1189.77,34647.25
4796,1003,14,1,25,2025-06-18,2025-10-19,9.52,14228.45,128695.83
4797,1445,20,3,1,2025-03-22,2025-09-05,2.08,3005.03,33847.8
4798,1333,19,2,3,2025-04-10,2025-06-26,1.68,3751.71,53869.8
4799,533,2,3,3,2025-01-08,2025-06-04,0.94,1302.25,34882.2
4800,139,19,3,16,2025-07-15,2025-10-27,0.71,1592.95,14526.2
4801,949,14,2,61,2025-04-11,2025-06-30,5.65,11979.86,235622.15
4802,1170,14,3,75,2025-10-13,2026-01-09,6.51,15484.11,292683.97
4803,391,20,1,74,2025-03-20,2025-07-12,3.8,6381.17,79813.31
4804,1282,20,1,90,2025-05-06,2025-07-27,2.25,4277.1,92943.99
4805,531,1,2,96,2025-02-19,2025-07-25,4.82,7781.73,185307.83
4806,1235,41,2,55,2025-08-11,2026-01-21,1.08,1518.05,22244.8
4807,938,1,3,39,2025-11-25,2026-03-17,5.85,6559.18,135643.91
4808,1481,1,2,95,2025-03-24,2025-08-28,2.92,3012.77,57737.19
4809,1373,20,2,90,2025-11-24,2026-05-23,7.73,15347.02,354844.47
4810,1575,19,2,1,2025-02-14,2025-04-30,7.31,16946.9,156853.21
4811,1704,1,2,5,2025-04-24,2025-07-22,3.49,7838.58,154296.09
4812,1640,7,1,4,2025-11-10,2026-05-06,0.78,1353.35,29855.62
4813,708,23,1,76,2025-12-23,2026-05-21,2.96,6771.6,124686.61
4814,225,16,3,2,2025-01-03,2025-05-07,2.01,4215.75,57401.7
4815,1672,16,1,52,2025-08-01,2025-11-22,1.28,1478.68,35034.33
4816,910,1,1,46,2025-06-18,2025-09-06,1.43,1437.26,58541.8
4817,755,1,3,8,2025-12-24,2026-04-14,1.37,1417.15,50652.14
4818,1266,1,3,99,2025-05-05,2025-10-10,0.74,946.81,26068.59
4819,908,20,2,17,2025-02-20,2025-08-10,2.69,4566.66,121274.61
4820,152,2,2,83,2025-07-20,2025-11-25,3.09,6073.06,141141.95
4821,967,14,2,22,2025-11-18,2026-04-29,4.46,10566.8,176250.48
4822,1782,20,1,54,2025-11-18,2026-02-17,6.38,7529.89,230688.61
4823,546,14,2,85,2025-06-03,2025-11-25,4.61,5600.1,61340.7
4824,289,20,1,82,2025-12-18,2026-06-13,1.36,1660.04,72776.12
4825,222,20,1,26,2025-11-08,2026-02-13,1.42,3100.71,29004.37
4826,240,16,3,74,2025-10-21,2026-02-22,1.13,2678.64,39088.41
4827,886,2,2,100,2025-01-10,2025-07-06,6.18,11953.01,111286.3
4828,18,16,2,4,2025-02-23,2025-07-08,0.63,1255.74,17136.81
4829,1339,19,3,56,2025-03-09,2025-06-30,4.11,6855.35,163143.71
4830,1411,1,2,71,2025-09-13,2026-01-28,1.89,1828.74,88843.68
4831,185,41,3,52,2025-06-24,2025-11-24,5.73,11548.81,248920.6
4832,48,1,2,12,2025-03-25,2025-06-20,2.44,5723.34,113636.43
4833,1110,16,3,32,2025-05-12,2025-08-18,0.57,1169.93,23442.38
4834,1787,1,1,42,2025-04-10,2025-09-24,3,5734.86,146792.9
4835,420,1,1,88,2025-08-06,2026-02-02,6.47,14373.14,347669.38
4836,494,1,2,15,2025-05-16,2025-11-01,2.46,4749.27,47267.57
4837,36,7,1,71,2025-05-22,2025-10-06,8.3,14059.41,133170.26
4838,947,2,1,9,2025-08-02,2025-12-24,6.48,11725.41,198894.19
4839,1287,23,3,64,2025-09-24,2026-03-07,9.84,20709.87,336387.57
4840,280,20,2,10,2025-01-10,2025-06-19,2.61,5343.96,68748.19
4841,1003,14,2,43,2025-03-06,2025-07-19,2.26,5302.8,89067.27
4842,548,23,3,7,2025-11-17,2026-01-31,2.06,3084.16,113195.31
4843,1186,1,1,32,2025-10-20,2026-01-26,6.66,8527.1,234266.54
4844,180,1,1,49,2025-09-13,2026-02-26,4.3,4390.23,83034.61
4845,509,20,1,88,2025-10-11,2026-03-06,6.22,12555.76,275779.72
4846,390,19,3,10,2025-10-19,2026-01-24,1.45,3146.76,49936.47
4847,1033,19,3,17,2025-09-04,2026-02-25,3,4766.85,105585.58
4848,869,23,2,43,2025-11-02,2026-01-20,1.03,2095.48,34799.27
4849,1347,41,2,77,2025-04-08,2025-09-21,0.85,1922.19,41104.12
4850,998,7,3,13,2025-12-23,2026-06-03,2.27,4866.54,50394.61
4851,1077,2,2,50,2025-03-18,2025-06-14,1.5,1832.73,61525
4852,1348,20,1,12,2025-04-10,2025-10-03,5.3,10507.08,120690.42
4853,1654,23,3,28,2025-08-11,2026-01-14,1.51,1690.22,33809.2
4854,1550,2,1,21,2025-02-02,2025-06-07,1.63,1677.28,55328.22
4855,1174,2,2,63,2025-10-17,2026-03-28,0.61,649.02,27753.14
4856,1578,23,3,21,2025-02-03,2025-05-24,5.79,13886.75,298510.19
4857,1768,19,2,84,2025-07-08,2025-11-16,6.84,6289.04,305201.8
4858,78,20,2,41,2025-10-18,2026-02-09,1.98,3953.47,90320.99
4859,867,20,3,22,2025-06-14,2025-10-23,1.32,2055.52,20582.1
4860,1731,7,3,49,2025-02-10,2025-05-21,0.63,1038.59,31818.22
4861,1753,1,3,2,2025-06-20,2025-12-12,4.47,8930.31,132132.14
4862,1749,23,2,1,2025-11-11,2026-05-05,4.69,6229.81,109928.21
4863,1521,1,1,29,2025-05-25,2025-08-19,0.75,1245.03,40659.77
4864,1575,2,2,69,2025-06-02,2025-08-20,2.41,2175.26,97432.52
4865,1311,20,1,29,2025-03-22,2025-09-04,4.91,9246.95,68157.06
4866,69,7,3,60,2025-07-08,2025-11-11,7.58,8070.99,274112.85
4867,1373,20,1,42,2025-01-24,2025-06-04,2.92,4770.7,68784.58
4868,541,1,1,92,2025-05-19,2025-09-19,1.18,2750.81,21957.4
4869,14,7,2,53,2025-04-04,2025-07-29,5.23,4863,203983.31
4870,654,1,3,39,2025-03-19,2025-08-06,0.64,1198.78,14869.22
4871,209,19,3,42,2025-06-23,2025-11-28,1.32,1573.72,39158.35
4872,1101,19,1,18,2025-07-21,2025-12-23,6.78,7504.89,217338.9
4873,25,41,1,30,2025-01-13,2025-07-04,1.61,3015.03,44084.85
4874,601,19,1,45,2025-12-25,2026-03-13,2.48,2596.3,89721.38
4875,257,19,3,68,2025-04-15,2025-07-08,0.76,800.23,33075.06
4876,759,41,3,92,2025-07-16,2026-01-05,0.75,1110.3,16187.82
4877,276,1,3,98,2025-04-18,2025-09-24,5.61,9439.17,112932.66
4878,297,14,3,11,2025-10-16,2026-02-12,5.6,13068.95,126045.99
4879,485,19,3,86,2025-08-16,2025-11-03,0.99,2197.9,46026.79
4880,1010,1,3,62,2025-05-11,2025-08-31,10.1,19317.32,423556.06
4881,1127,19,2,31,2025-01-23,2025-05-02,1.81,3873.34,76017.28
4882,1490,19,2,40,2025-01-21,2025-07-02,7.46,12220.01,373312.78
4883,251,19,2,12,2025-07-03,2025-12-04,1.38,2949.61,19412.03
4884,1315,19,3,32,2025-06-22,2025-12-07,4.62,7601.03,64083.77
4885,199,1,1,73,2025-08-21,2026-01-22,3.25,4508.62,116769.79
4886,1721,41,2,87,2025-11-19,2026-03-27,3.09,6055.71,142093.69
4887,415,41,2,72,2025-09-21,2025-12-08,0.6,1277.21,11905.69
4888,239,20,3,61,2025-06-23,2025-11-29,8.99,16958.25,335896.42
4889,428,20,2,48,2025-01-17,2025-06-28,4.08,7560.13,130863.09
4890,1372,2,1,14,2025-09-09,2025-12-09,0.79,1010.62,21574.67
4891,250,20,3,53,2025-08-09,2025-10-31,5.11,11196.2,110723.57
4892,1037,1,1,12,2025-01-17,2025-05-19,0.58,828.49,12159.9
4893,950,19,3,54,2025-09-02,2025-12-19,2.91,5368.93,50192.98
4894,1709,19,1,32,2025-09-09,2025-12-28,0.8,831.99,21872.56
4895,476,1,3,44,2025-10-10,2026-01-16,0.66,1115.16,16540.78
4896,1407,19,2,77,2025-12-03,2026-05-02,4.11,8015.24,220012.45
4897,823,1,3,46,2025-10-08,2025-12-29,0.98,2236.22,39251.68
4898,1250,1,3,41,2025-01-15,2025-04-06,1.51,3521.86,25724.52
4899,135,1,2,7,2025-11-05,2026-02-07,4.89,5061.09,263059.15
4900,922,14,3,29,2025-09-16,2026-02-15,6.95,15038.97,84668.53
4901,1742,19,2,40,2025-01-23,2025-06-27,3.18,3116.85,48941.39
4902,1256,23,2,13,2025-06-10,2025-11-01,7.36,8136.31,95910.31
4903,134,19,2,79,2025-08-12,2025-11-23,1.21,1685.44,39397.99
4904,914,1,2,89,2025-02-24,2025-08-02,3.72,5618.3,161162.13
4905,1792,20,2,46,2025-04-18,2025-09-10,6.96,14213.35,209208.33
4906,1309,1,1,35,2025-06-09,2025-11-21,1.48,1445.01,46313.98
4907,698,14,3,86,2025-09-17,2026-02-05,0.93,1402.89,48343.47
4908,998,7,1,48,2025-08-17,2026-02-13,2.89,3424.8,112091.4
4909,1515,1,2,86,2025-11-14,2026-04-17,1.25,1356.33,18642.38
4910,871,16,3,100,2025-05-25,2025-08-25,1.99,3912.25,62218.15
4911,695,20,1,36,2025-06-22,2025-09-08,9.86,11622.8,308574.81
4912,695,7,2,42,2025-06-16,2025-09-22,7.35,16851.71,109041.67
4913,1250,1,2,100,2025-05-19,2025-09-07,2.63,3881.04,78958.52
4914,1655,19,1,22,2025-06-12,2025-11-04,5.6,6815.28,249642.19
4915,1331,19,3,74,2025-11-21,2026-04-28,1.83,1698.87,44131.71
4916,1281,1,2,46,2025-06-02,2025-09-05,4.76,6102.19,70623.67
4917,870,1,1,70,2025-10-04,2026-01-21,3.56,7649.98,81782.88
4918,852,1,3,77,2025-02-07,2025-07-08,2.61,5077.25,35611.75
4919,721,20,2,20,2025-09-25,2025-12-22,1.23,2228.81,44835.55
4920,1113,1,1,44,2025-10-02,2026-02-10,3.45,7632.63,151698.76
4921,1028,14,1,42,2025-09-09,2026-01-23,0.8,1894.73,24880.09
4922,423,1,1,62,2025-04-08,2025-07-20,0.97,1562.67,13240.86
4923,1799,16,1,40,2025-06-20,2025-09-21,5.91,10403.66,193902.39
4924,1584,20,3,24,2025-06-10,2025-09-11,0.66,1515.56,21544.45
4925,856,2,3,62,2025-12-11,2026-03-23,9.52,19319.6,266847.89
4926,1577,23,2,85,2025-04-23,2025-08-16,0.49,1001.66,20942.73
4927,762,23,1,74,2025-01-15,2025-07-13,0.75,1672.45,24753.36
4928,966,2,3,76,2025-04-05,2025-09-06,3.52,4136.57,70878.94
4929,544,2,3,64,2025-11-17,2026-04-03,0.76,956.73,27640.04
4930,760,20,2,52,2025-02-15,2025-06-05,3.6,3503.22,154818.83
4931,635,16,3,58,2025-05-24,2025-09-27,0.86,951.64,13176.08
4932,425,19,1,86,2025-02-19,2025-05-30,1.73,2487.64,30082.86
4933,1498,1,2,72,2025-01-06,2025-04-09,3.41,6782.9,106562.07
4934,496,7,1,10,2025-07-18,2025-11-06,3.55,5281.91,192076.45
4935,1110,20,1,4,2025-07-25,2025-11-09,0.54,666.95,29285.58
4936,1097,1,2,32,2025-03-21,2025-09-09,1.18,1299.89,41804.16
4937,777,1,3,91,2025-07-16,2025-10-20,3.48,7089.73,185029.42
4938,449,2,2,7,2025-03-01,2025-08-13,4.52,4911.61,78382.43
4939,832,14,1,28,2025-03-17,2025-08-20,0.96,2124.02,43336.33
4940,400,41,3,78,2025-09-02,2026-02-14,6.69,10156.4,183160.42
4941,1620,20,1,49,2025-10-20,2026-01-19,1.57,2030.98,71008.72
4942,358,23,3,2,2025-06-19,2025-09-03,3.83,8561.18,143534.55
4943,1421,19,2,63,2025-07-18,2025-11-18,1.35,1262.92,21882.76
4944,393,19,1,65,2025-07-21,2025-10-09,0.59,770.37,7459.01
4945,958,1,2,60,2025-09-11,2026-02-03,4.06,8900.9,50380.73
4946,971,20,1,85,2025-03-20,2025-06-23,1.17,2542.58,46558.47
4947,994,20,2,29,2025-05-17,2025-10-16,3.33,3917.5,44249.77
4948,1514,23,2,35,2025-07-15,2025-12-27,1.99,4095.81,37292.51
4949,1251,19,3,87,2025-09-24,2025-12-18,4,4181.37,49852.75
4950,479,23,3,12,2025-10-08,2026-02-22,0.67,913.33,12690.45
4951,1031,2,1,35,2025-07-20,2025-11-04,1.84,3360.97,69544.77
4952,867,20,3,85,2025-06-15,2025-08-29,1.39,3144.99,68000.54
4953,587,1,1,11,2025-04-17,2025-08-01,2.56,2544.57,110235.77
4954,1568,2,1,82,2025-11-06,2026-02-26,6.65,10591.75,353300.03
4955,63,20,2,81,2025-08-19,2025-12-23,8.84,16938.78,204356.82
4956,585,1,1,36,2025-02-25,2025-07-01,1.72,3789.8,59240.77
4957,1142,14,3,23,2025-06-16,2025-11-14,1.04,946.59,16660.66
4958,285,2,1,59,2025-02-23,2025-06-03,1.13,1851.21,42352.44
4959,528,19,1,29,2025-06-20,2025-11-02,5.81,5443.03,154195.68
4960,12,2,1,4,2025-12-02,2026-05-08,5.35,9169.76,286337.48
4961,1116,20,3,32,2025-03-08,2025-05-30,5.2,8095.26,65761.29
4962,1129,1,3,56,2025-03-04,2025-05-31,2.51,3105.42,133657.65
4963,625,14,2,57,2025-09-12,2025-12-08,1.13,1186.61,24348.9
4964,1058,41,3,96,2025-03-20,2025-07-02,1.44,3155.51,50742.82
4965,352,19,3,29,2025-05-16,2025-10-11,0.43,934.63,9858.51
4966,1780,14,2,55,2025-02-17,2025-08-14,5.21,8350.69,181914.88
4967,982,19,3,59,2025-03-15,2025-08-04,3.48,7072.78,59512.79
4968,1635,1,2,1,2025-07-17,2025-10-07,1.31,3027.08,34830.21
4969,1666,14,3,50,2025-05-17,2025-09-13,4.35,8159.26,203118.72
4970,277,1,1,86,2025-04-21,2025-07-07,4.17,6617.78,70484.35
4971,1021,2,2,22,2025-01-15,2025-04-16,3.21,4640.57,65767.44
4972,113,1,3,28,2025-10-24,2026-01-19,1.88,2592.75,53307.36
4973,456,1,1,4,2025-10-07,2026-03-20,0.58,617.57,11737.54
4974,670,1,2,8,2025-04-16,2025-09-10,4.3,7233.77,166354.65
4975,659,1,2,4,2025-12-07,2026-05-03,3.02,5731.16,38524.41
4976,1430,23,3,94,2025-10-05,2026-03-07,5.69,12656.62,305767.19
4977,1708,1,2,31,2025-02-11,2025-08-03,6.94,8464.79,328165.18
4978,907,19,2,90,2025-12-16,2026-05-09,1.85,2525.7,26011.69
4979,1740,20,2,11,2025-06-14,2025-12-05,2.03,4829.19,110346.55
4980,1156,20,2,64,2025-09-07,2026-01-19,3.62,7875.38,183351.63
4981,1397,1,2,73,2025-01-14,2025-04-19,2.31,4235.73,68431.45
4982,1152,2,2,96,2025-04-10,2025-09-09,0.64,1297.5,23125.83
4983,1342,2,2,31,2025-10-06,2026-02-23,1.85,4284.73,48866.79
4984,829,19,3,81,2025-03-09,2025-06-17,0.51,740.12,19105.33
4985,362,14,1,11,2025-01-15,2025-05-16,1.12,1715.64,22713.95
4986,334,7,3,19,2025-04-21,2025-10-06,4.12,5335.02,63986.75
4987,1305,1,2,91,2025-08-07,2025-11-07,1.08,2083.58,26911.47
4988,779,20,3,75,2025-10-18,2026-01-06,0.62,625.6,7858.28
4989,158,14,2,23,2025-06-20,2025-12-16,3.83,5225.08,149482.54
4990,1686,23,3,43,2025-04-17,2025-09-10,6.26,14214.78,164639.51
4991,222,7,3,5,2025-11-22,2026-04-06,0.79,1700.01,19203.16
4992,1547,14,1,51,2025-11-21,2026-05-01,6.3,10598.25,252664.95
4993,1772,19,1,1,2025-09-19,2026-02-08,1.39,1364.98,33899.67
4994,297,19,2,52,2025-09-17,2026-02-25,3.18,4243.21,134777.07
4995,1098,19,3,18,2025-03-16,2025-08-31,11.17,21970.85,234509.98
4996,483,16,1,1,2025-02-15,2025-08-10,8.18,7750.44,216645.29
4997,888,1,3,81,2025-09-24,2025-12-18,1.43,2518.7,68924.8
4998,1120,14,1,52,2025-09-06,2025-12-02,8.47,18887.48,392393.23
4999,409,23,1,78,2025-11-21,2026-05-02,1.56,3053.52,64998.04
5000,466,2,1,40,2025-09-13,2026-02-19,3,5534.61,162827.29
5001,1767,23,3,18,2025-10-18,2026-02-21,1.2,2583.69,25317.63
5002,894,19,3,69,2025-04-23,2025-08-30,6.37,5943.23,198690.26
5003,407,20,1,1,2025-07-13,2025-11-16,6.21,7843.71,281881.41
5004,1347,7,2,56,2025-03-19,2025-08-09,0.45,496.34,24320.68
5005,93,20,3,70,2025-05-25,2025-11-15,2.53,4077.95,79032.96
5006,850,1,1,1,2025-12-22,2026-05-17,5.35,8366.19,158414.8
5007,255,20,3,51,2025-05-11,2025-08-06,1.78,2671.76,45688.96
5008,503,14,3,46,2025-12-05,2026-02-22,1.16,1622.02,24128.75
5009,450,20,3,7,2025-04-15,2025-08-31,7.2,10046.31,277706.68
5010,1228,19,3,13,2025-08-23,2026-01-06,2.14,3037.3,44424.95
5011,700,19,3,7,2025-11-07,2026-04-15,2.98,2726.48,127078.17
5012,754,23,2,18,2025-02-24,2025-07-04,2.31,5164.74,73305.13
5013,1529,2,1,78,2025-02-19,2025-06-28,7.24,9318.98,197623.73
5014,1165,19,1,33,2025-10-05,2026-01-12,2.92,3065.05,64433.02
5015,1267,20,3,1,2025-12-12,2026-04-26,3.15,4256.46,130609.9
5016,300,19,2,5,2025-09-11,2025-11-30,0.78,1215.28,35786.65
5017,1391,14,2,26,2025-05-02,2025-10-27,10.91,15732.47,405418.06
5018,91,41,2,57,2025-09-01,2026-01-15,1.24,1558.3,61599.83
5019,1374,7,1,92,2025-04-25,2025-09-27,0.95,1549.74,14677.35
5020,859,19,2,51,2025-08-05,2025-11-01,5.61,10548.74,271190.86
5021,841,20,1,56,2025-09-09,2026-02-11,8.43,13446.67,320481.79
5022,1089,1,1,50,2025-09-10,2026-01-02,4.56,7995.69,162345.09
5023,225,16,2,54,2025-03-15,2025-06-23,1.05,1797.63,44899.3
5024,533,1,1,92,2025-03-10,2025-08-20,0.71,1382.79,26388.43
5025,264,19,3,11,2025-10-02,2025-12-24,6.28,9858.59,201378.05
5026,142,19,3,44,2025-06-09,2025-12-05,9.36,12838.29,420244.25
5027,1558,14,2,30,2025-12-01,2026-04-15,6.7,11471.03,249927.07
5028,1460,7,1,61,2025-11-17,2026-04-27,2.12,3697.94,27141.43
5029,1518,14,1,37,2025-11-15,2026-02-26,2.82,5010.97,53552.07
5030,198,19,1,87,2025-05-01,2025-08-15,1.37,2530.35,74778.87
5031,640,23,1,81,2025-12-14,2026-03-27,7.31,15384.87,352968.07
5032,1768,14,2,91,2025-03-19,2025-08-15,1.22,1372,14694.76
5033,1287,1,1,21,2025-02-06,2025-04-27,0.92,1708.69,13712.78
5034,685,1,1,44,2025-03-07,2025-07-29,1.56,3727.46,78414.13
5035,1334,2,2,98,2025-01-16,2025-04-07,1.95,4388.85,34936.86
5036,1733,2,2,34,2025-12-14,2026-03-07,2.09,3191.47,50847.5
5037,963,2,2,66,2025-09-07,2025-11-25,1.6,1898.74,55135.45
5038,489,1,3,42,2025-10-20,2026-01-18,2.1,4504.33,104055.83
5039,117,1,2,22,2025-03-02,2025-07-28,0.98,1371.68,12311.92
5040,393,19,1,57,2025-06-03,2025-08-24,9.11,19034.4,129067.52
5041,821,14,2,36,2025-05-15,2025-09-26,4.47,4031.55,170360.08
5042,169,2,2,9,2025-07-24,2025-11-19,1.79,3030.05,48308.83
5043,1593,7,2,74,2025-07-16,2025-10-30,3.41,4221.12,157460.1
5044,177,1,1,83,2025-06-01,2025-09-25,4.81,10441.79,186378.45
5045,715,1,3,64,2025-09-20,2026-03-11,1.3,2961.91,36314.99
5046,1771,19,1,30,2025-05-19,2025-09-08,5.79,7039.5,278788.8
5047,737,14,3,87,2025-09-16,2025-12-29,3.67,5064.23,62244.74
5048,1749,14,2,41,2025-09-23,2026-01-12,0.87,1613.93,28942.53
5049,1138,19,1,18,2025-12-10,2026-04-19,3.93,8079.02,183359.49
5050,721,20,1,47,2025-10-17,2025-12-31,0.99,1774.86,16446.93
5051,1406,19,1,10,2025-10-05,2026-03-15,0.75,861.87,15868.29
5052,168,1,1,84,2025-04-01,2025-07-01,2.52,4652.05,81778.27
5053,541,2,3,77,2025-09-21,2026-03-13,1.35,1658.5,68055.55
5054,466,19,3,77,2025-03-05,2025-07-11,2.71,5167.35,37960.92
5055,117,2,2,100,2025-11-02,2026-02-26,1.24,1305.81,16723.27
5056,271,19,3,28,2025-02-09,2025-06-05,0.55,1233.29,17999.1
5057,1340,16,1,27,2025-06-14,2025-11-13,7.11,13209.32,369756.57
5058,773,41,1,88,2025-10-12,2026-02-17,1.01,1951.01,39776.17
5059,595,1,2,11,2025-11-04,2026-03-12,2.89,6223.48,89639.32
5060,324,2,3,66,2025-11-24,2026-04-04,0.58,1190.09,13363.72
5061,1025,1,3,98,2025-04-19,2025-08-21,8.95,10235.51,154637.27
5062,1418,1,1,75,2025-04-22,2025-09-17,2.39,3676.65,109689.71
5063,1402,1,1,29,2025-03-21,2025-08-10,0.81,1245.45,16011.9
5064,691,1,2,98,2025-10-07,2026-01-29,0.5,1171.18,6760.07
5065,1409,1,3,23,2025-07-17,2025-11-21,2.84,5043.65,131862.91
5066,1624,14,3,26,2025-11-23,2026-02-08,0.66,1521.59,10666.2
5067,1293,20,3,52,2025-04-02,2025-07-27,2.15,3651.72,81330.29
5068,1080,19,1,67,2025-12-20,2026-04-22,1.7,2398.52,84353.43
5069,1396,19,2,50,2025-02-05,2025-07-08,1.75,1810.92,66279.64
5070,152,20,2,20,2025-10-06,2026-03-15,3.41,3687.1,133109.29
5071,426,2,3,38,2025-01-20,2025-07-13,2.63,4671.6,100229
5072,820,1,1,24,2025-12-05,2026-04-08,1.46,3257.91,30048.93
5073,498,1,3,32,2025-11-01,2026-02-13,10.07,12862.55,317247.51
5074,618,16,2,54,2025-02-08,2025-05-27,6.17,6013.92,126768.51
5075,1339,19,1,24,2025-10-23,2026-01-07,0.89,1208.57,26820.38
5076,1174,2,1,74,2025-10-09,2025-12-28,0.44,541.66,16499.27
5077,1165,2,3,76,2025-07-18,2025-10-15,8.32,8650.88,263429.65
5078,1696,1,2,96,2025-07-09,2025-10-22,2.12,2245.68,37750.59
5079,346,1,3,68,2025-09-12,2026-03-02,3.46,3153.23,41616.66
5080,887,14,3,64,2025-09-06,2025-12-05,6.25,6060,308028.47
5081,176,20,2,66,2025-07-08,2025-10-28,5.92,8736.93,228614.89
5082,1783,20,2,91,2025-02-02,2025-07-12,10.29,17439.3,243933.08
5083,328,14,2,66,2025-08-03,2025-12-06,1.88,1990.1,95007.7
5084,117,19,3,14,2025-07-01,2025-10-19,0.68,785.13,18755.64
5085,1336,19,3,25,2025-04-11,2025-09-20,4.16,5857.49,68231.62
5086,523,1,1,16,2025-11-15,2026-02-11,1.08,1045.75,54141.37
5087,1756,1,1,40,2025-08-13,2025-11-12,1.11,2072.91,26148.51
5088,426,19,1,31,2025-01-22,2025-07-14,0.73,699.58,32684
5089,1269,19,3,76,2025-05-19,2025-11-12,4.96,7104.11,174692.6
5090,422,20,2,59,2025-12-12,2026-02-25,2.33,4229.24,68408.3
5091,415,20,1,40,2025-03-13,2025-08-07,1.93,4176.49,31852.87
5092,1565,14,2,3,2025-07-17,2025-11-01,6.38,6927.78,100038.28
5093,1219,19,1,82,2025-07-22,2026-01-13,2.04,3447.03,67804.21
5094,1230,16,1,69,2025-04-21,2025-08-09,0.83,883.09,41110.46
5095,965,2,2,69,2025-10-10,2026-01-22,1.7,1678.99,50781.92
5096,105,16,1,35,2025-12-13,2026-05-17,1.21,1152.24,65179.36
5097,1628,1,3,50,2025-12-11,2026-05-15,1.33,2119.28,21794.6
5098,950,19,2,12,2025-10-04,2025-12-31,3.16,6799.87,125828.97
5099,551,1,3,77,2025-06-15,2025-11-02,3.3,4196.55,64899.58
5100,1512,2,1,40,2025-11-25,2026-02-19,1.03,1895.11,12620.14
5101,1242,19,3,68,2025-05-15,2025-09-29,7.54,9840.11,145752.97
5102,1413,19,1,58,2025-12-04,2026-03-30,2.83,4495.61,152697.64
5103,1505,23,1,81,2025-11-25,2026-02-16,1.76,3138.75,96594.1
5104,921,20,3,1,2025-09-05,2025-11-23,3,2704.1,67795.12
5105,380,19,3,50,2025-08-11,2025-11-11,5.46,7499.52,239952.28
5106,1506,1,1,46,2025-03-21,2025-08-21,1.89,1870.94,67194.22
5107,451,14,2,59,2025-10-06,2026-01-07,2.95,4253.87,83359.76
5108,32,2,2,36,2025-09-15,2026-01-15,0.95,1044.33,33026.49
5109,858,2,3,36,2025-10-10,2026-02-18,1.2,2763.18,61133.71
5110,1445,20,1,58,2025-11-24,2026-03-26,4.16,8934.87,146687.66
5111,1322,1,2,43,2025-07-06,2025-10-28,2.65,3437.47,42932.58
5112,752,2,1,13,2025-06-25,2025-10-10,1.06,1561.63,42493.77
5113,1115,20,1,1,2025-11-03,2026-02-01,5.66,7086.55,196370.36
5114,1497,19,2,70,2025-11-11,2026-03-13,4.06,9700.16,154334.01
5115,583,19,2,7,2025-04-20,2025-09-28,2.02,3176.03,28879.21
5116,1030,19,1,99,2025-12-18,2026-05-27,4.61,9761.66,150206.36
5117,1769,23,3,7,2025-08-21,2025-11-15,3.74,4928.13,173515.15
5118,359,19,2,36,2025-06-15,2025-11-16,0.56,1187.26,19185.82
5119,592,14,1,42,2025-08-06,2026-01-12,0.83,1941.75,18027.63
5120,785,14,1,56,2025-09-09,2025-11-25,0.81,1718.38,40821.79
5121,608,1,1,49,2025-09-09,2026-02-15,10.11,11123.81,364320.82
5122,1535,7,2,24,2025-03-18,2025-08-27,3.7,8177,167558.65
5123,328,14,3,59,2025-06-21,2025-11-09,0.56,520.24,12337.17
5124,784,41,2,95,2025-07-16,2025-10-21,7.56,16957.18,359928.18
5125,1355,2,3,73,2025-09-17,2026-03-09,1.18,1238.07,62977.73
5126,18,16,3,95,2025-03-16,2025-08-06,6.59,15694.42,217439.99
5127,565,23,1,12,2025-03-02,2025-08-29,5.74,6652.2,193503.43
5128,140,1,3,5,2025-11-23,2026-02-06,0.73,895.79,29498.15
5129,595,1,3,36,2025-06-10,2025-10-28,4.89,8549.27,82913.78
5130,803,19,2,18,2025-10-14,2026-03-05,3.21,7585.44,101120.46
5131,181,2,3,71,2025-02-17,2025-05-21,1.96,2510.63,66634.87
5132,1782,20,2,36,2025-02-05,2025-05-31,4.08,4157.87,54150.32
5133,1501,20,1,34,2025-05-04,2025-07-22,3.19,6366.75,95950.51
5134,591,14,1,12,2025-07-13,2025-12-25,3.38,5539.57,177198.42
5135,640,23,1,7,2025-06-06,2025-09-04,2.46,3958.31,35096.95
5136,403,20,1,87,2025-02-08,2025-05-22,1.12,1629.07,29711.34
5137,145,7,2,62,2025-07-21,2025-12-12,0.63,1039.75,10047.93
5138,1538,19,1,27,2025-12-07,2026-05-31,2.38,2408.51,50892.61
5139,411,19,2,10,2025-03-03,2025-06-01,1.05,1303.63,28225.78
5140,1230,16,3,68,2025-06-06,2025-09-03,1.12,1802.02,43493.43
5141,987,14,3,85,2025-11-05,2026-01-21,1.52,1502.82,38661.01
5142,1317,14,3,27,2025-05-03,2025-10-12,6.32,5870,215272.55
5143,168,19,3,55,2025-05-18,2025-10-13,4.02,8201.29,96318.99
5144,943,14,3,57,2025-06-19,2025-10-05,0.87,2004.24,27515.71
5145,793,16,3,97,2025-06-11,2025-10-02,3.33,7720.43,69117.59
5146,428,19,2,37,2025-01-02,2025-03-29,3.77,8810.6,169456.4
5147,1673,19,2,22,2025-02-03,2025-04-26,1.92,1909.72,79897.82
5148,805,1,3,20,2025-02-04,2025-07-28,5,10093.76,246081.07
5149,993,23,2,93,2025-01-21,2025-06-30,0.76,777.82,39370.28
5150,1330,20,3,34,2025-02-20,2025-07-30,3.15,6177.48,126206.55
5151,1577,23,3,5,2025-06-10,2025-11-14,1.86,2182.04,72021.36
5152,1184,14,2,88,2025-06-04,2025-08-29,0.46,502.92,13940.53
5153,1376,23,1,69,2025-12-22,2026-03-22,7.34,13568.59,261747.44
5154,1129,1,2,22,2025-10-18,2026-03-12,3.85,7976.64,70907.55
5155,1159,20,2,41,2025-02-15,2025-06-13,5.09,8658.29,77042.91
5156,327,19,2,43,2025-01-17,2025-05-28,5.77,5376.07,179904.96
5157,1643,7,1,68,2025-02-03,2025-05-06,0.9,1327.43,39439.47
5158,875,2,3,94,2025-06-21,2025-11-29,6.52,8678.15,127168.3
5159,558,20,1,15,2025-06-01,2025-11-28,0.64,605.8,17853.85
5160,97,2,1,42,2025-05-05,2025-09-10,2.99,5316.97,126281.7
5161,899,2,2,29,2025-02-03,2025-07-07,1.73,4103.09,68015.2
5162,135,20,1,49,2025-05-24,2025-08-29,1.57,2336.78,63170.42
5163,859,19,2,55,2025-12-09,2026-05-06,0.44,689.03,23845.12
5164,694,1,3,44,2025-03-01,2025-05-21,5.22,12153.33,195638.21
5165,1718,20,2,56,2025-07-07,2025-10-04,0.79,1050.62,14593.43
5166,1320,1,3,88,2025-03-08,2025-07-23,0.61,1049.27,23231.15
5167,1021,19,3,45,2025-10-24,2026-04-05,2.04,2211.77,107020.98
5168,1634,19,3,63,2025-07-05,2025-10-15,4.97,8144.75,117090.36
5169,409,20,3,30,2025-10-12,2026-01-27,2.05,4770.66,47782.23
5170,1263,14,2,99,2025-11-17,2026-05-13,3.83,8037.47,55496.9
5171,622,20,2,35,2025-01-22,2025-05-16,0.62,899.63,22032.12
5172,1477,20,3,32,2025-02-11,2025-07-19,6.97,13252.77,188628.65
5173,327,1,2,13,2025-09-03,2025-12-05,4,7975.06,54054.28
5174,1724,1,3,97,2025-09-05,2025-12-20,1.11,1639.85,30301.18
5175,68,1,3,68,2025-06-15,2025-11-07,2.3,2585.61,80084.45
5176,761,23,1,43,2025-04-23,2025-09-29,2.76,6227.47,108557.39
5177,903,14,2,78,2025-10-17,2026-01-15,4.72,6866.99,228810.44
5178,88,23,1,73,2025-06-22,2025-10-05,0.46,866.21,21568.35
5179,1428,23,1,86,2025-03-03,2025-08-04,2.97,6232.23,101341.41
5180,1273,1,3,21,2025-06-17,2025-11-07,1.96,3913.68,93453.37
5181,1166,19,1,55,2025-07-10,2025-11-30,5.13,9879.72,255302.76
5182,1384,1,1,5,2025-09-03,2025-12-15,0.51,1033.12,14906.57
5183,187,19,2,65,2025-12-15,2026-05-01,2.45,3436.78,102377.28
5184,1509,20,2,43,2025-09-21,2025-12-29,0.48,680.51,6426.25
5185,915,19,1,62,2025-10-18,2026-01-01,0.92,1142.95,31347.94
5186,1377,1,2,33,2025-10-07,2026-01-30,1.21,1745.89,55913.48
5187,612,20,3,69,2025-05-08,2025-09-17,1.54,3505.28,64759.37
5188,1020,2,3,80,2025-01-20,2025-04-29,6.53,9120.79,138102.87
5189,1395,1,2,67,2025-08-22,2025-11-13,1.68,3362.57,54678.75
5190,236,16,1,48,2025-08-12,2025-11-28,1.23,2353.43,57199.2
5191,198,20,3,37,2025-01-25,2025-04-17,1.45,3017.57,56004.3
5192,193,19,1,74,2025-01-25,2025-07-08,4.97,10942.28,74378.39
5193,1579,1,3,73,2025-11-24,2026-05-07,6.8,14755.17,215505.5
5194,889,20,2,54,2025-05-17,2025-08-11,4.92,7211.55,68127.77
5195,141,1,1,41,2025-04-19,2025-07-30,6.9,15912.23,339588.25
5196,725,7,1,88,2025-12-11,2026-06-03,2.59,5984.29,104909.51
5197,1316,19,3,81,2025-01-24,2025-05-28,4.74,9630.49,242178
5198,119,41,1,43,2025-12-01,2026-03-03,0.96,2094.4,14334.56
5199,443,1,1,93,2025-04-22,2025-09-28,1.51,1464.48,41151.93
5200,398,14,2,56,2025-05-01,2025-09-09,1.77,3762.58,71604.07
5201,1201,20,2,60,2025-02-22,2025-05-08,3.87,6575.53,211110.43
5202,999,20,3,23,2025-02-17,2025-05-07,1.56,1675.44,71670.18
5203,467,2,1,16,2025-12-14,2026-04-11,5.39,10464.16,283715.72
5204,743,1,3,73,2025-11-05,2026-04-22,3.97,6050.65,201496.48
5205,1617,16,2,67,2025-01-02,2025-04-05,0.8,1779.53,20296.94
5206,451,14,3,67,2025-12-22,2026-06-16,5.16,8991.64,123576.69
5207,840,23,2,89,2025-06-21,2025-10-18,3.98,4760.25,205736.29
5208,1630,19,1,74,2025-11-07,2026-04-17,7.05,15954.55,144463.26
5209,83,1,3,17,2025-04-15,2025-08-29,2.27,4057.52,27462.83
5210,1343,2,2,67,2025-03-06,2025-07-27,1.27,1468.91,46411.07
5211,1494,19,3,65,2025-10-16,2026-02-11,2.04,4403.64,36056.45
5212,363,20,1,14,2025-03-07,2025-05-21,0.75,845.76,35322.69
5213,133,1,3,63,2025-08-08,2026-01-27,1.21,1289.79,34463.06
5214,1190,19,1,8,2025-05-21,2025-10-31,3.64,5047.84,186517.55
5215,1075,16,2,21,2025-10-04,2026-02-19,0.95,1396.29,19753.16
5216,981,14,2,7,2025-02-07,2025-07-27,6.98,15915.05,290435.97
5217,371,2,3,14,2025-02-05,2025-05-04,1.23,2598.62,17239.83
5218,1714,20,1,56,2025-10-10,2026-03-15,1.27,2170.52,57490.07
5219,118,2,3,5,2025-04-13,2025-07-18,2.54,4448.2,99538.67
5220,1497,1,1,92,2025-11-09,2026-04-08,2.18,4019,84937.21
5221,1566,14,1,55,2025-04-21,2025-08-29,2.03,4596.69,29076.28
5222,59,1,2,56,2025-07-04,2025-10-18,2.23,2472.97,100153.2
5223,1049,2,1,34,2025-12-23,2026-04-22,1.98,3639.41,59812.89
5224,607,20,2,70,2025-02-12,2025-08-04,0.42,434.93,7406.95
5225,649,1,3,1,2025-07-11,2025-12-20,9.49,9609.82,193305.39
5226,1117,19,3,32,2025-02-02,2025-05-16,1.28,2105.58,17091.12
5227,994,1,3,83,2025-10-14,2026-01-30,0.64,786.93,8104.5
5228,592,1,3,11,2025-06-02,2025-11-13,0.88,1144.66,26134.11
5229,795,19,3,7,2025-07-03,2025-12-15,4.1,9567.24,104506.84
5230,198,20,3,31,2025-08-11,2025-12-22,1.65,2535.77,61194.71
5231,713,1,1,74,2025-05-16,2025-08-31,0.56,1149.9,29828.37
5232,870,20,2,75,2025-11-20,2026-04-08,1.58,2462.54,40086.73
5233,943,14,2,69,2025-06-06,2025-12-03,1.9,2192.87,78096.61
5234,79,2,3,67,2025-05-11,2025-10-31,2.01,3783.06,31573.23
5235,508,2,2,27,2025-07-22,2025-10-11,8.61,8520.38,330217.88
5236,1226,1,3,16,2025-12-22,2026-04-27,4.23,5790.04,176450.09
5237,399,20,3,28,2025-08-23,2025-12-08,1.86,2717.96,97264.24
5238,1128,2,2,12,2025-08-12,2025-11-22,1.47,2100.39,75753.05
5239,80,1,2,80,2025-12-25,2026-03-22,3.79,4527.22,192614.09
5240,1232,1,3,98,2025-04-19,2025-09-24,5.07,6250.09,91213.01
5241,142,20,3,45,2025-04-05,2025-09-16,9.38,13995.42,412526.99
5242,1209,20,2,30,2025-06-10,2025-11-14,8.56,12034.35,380655.92
5243,892,23,2,98,2025-04-03,2025-09-02,1.57,2853.1,56343.05
5244,1784,20,3,67,2025-08-17,2025-12-07,3.73,5002.89,185175.05
5245,1034,14,1,15,2025-10-17,2026-01-03,0.54,967.33,8999.08
5246,291,19,1,31,2025-12-04,2026-03-18,6.62,12516.36,229305.05
5247,890,1,3,78,2025-06-25,2025-11-15,2.39,4081.29,114267.18
5248,1525,1,3,60,2025-08-03,2025-12-15,7.87,14336.81,377282.29
5249,1253,1,1,25,2025-04-23,2025-10-13,1.95,2013.35,92692.58
5250,1331,19,3,66,2025-01-18,2025-04-15,6.59,8818.4,327179.1
5251,296,2,1,82,2025-12-10,2026-03-31,0.92,2173.88,26996.16
5252,829,2,2,8,2025-06-05,2025-10-22,0.8,1698.41,40071.97
5253,1446,16,3,27,2025-10-24,2026-03-11,1.67,3953.18,26737.04
5254,1217,1,3,86,2025-02-06,2025-06-14,9.02,10563.55,435757.6
5255,287,23,3,9,2025-03-25,2025-07-26,1.49,1650.73,79681.35
5256,420,19,1,70,2025-12-03,2026-03-09,2.62,6084.22,87573.05
5257,581,14,3,52,2025-01-17,2025-06-06,4.02,5298.63,96749.9
5258,381,20,3,51,2025-10-18,2026-03-25,2.12,3240.1,114365.74
5259,200,1,1,67,2025-12-09,2026-05-02,4.83,4838.88,188106.11
5260,845,19,3,51,2025-04-18,2025-07-15,2.1,3557.83,92794.4
5261,186,7,3,84,2025-10-23,2026-02-27,4.1,5684.71,124540.46
5262,667,20,3,60,2025-04-17,2025-08-21,3.45,6002.96,87368.44
5263,665,1,1,43,2025-12-09,2026-04-06,0.42,833.41,19152.87
5264,713,20,3,93,2025-07-11,2025-09-28,1.33,3065.05,48368.26
5265,1102,20,3,52,2025-04-22,2025-09-11,0.74,716.07,37993.26
5266,383,16,1,55,2025-03-03,2025-08-03,7.84,13863.07,362070.25
5267,1643,20,1,98,2025-06-13,2025-12-06,2.57,5098.92,63225.94
5268,674,20,3,63,2025-05-06,2025-08-07,0.62,669.78,9077.96
5269,1676,23,2,43,2025-12-08,2026-06-02,2.49,2770.71,86719.09
5270,800,19,3,51,2025-02-21,2025-07-08,5.24,5280.44,102773.96
5271,855,19,2,99,2025-01-23,2025-05-29,1.09,1410.68,57036.6
5272,747,20,1,93,2025-12-09,2026-04-17,5.2,10318.52,235350.35
5273,847,19,3,66,2025-12-09,2026-03-02,9.7,10581.28,232368.74
5274,1773,1,3,78,2025-01-19,2025-04-22,1.95,2437.3,68386.89
5275,553,2,3,29,2025-05-07,2025-09-01,4.16,9807.5,140443.31
5276,584,2,1,76,2025-06-16,2025-09-14,0.58,998.26,21889.49
5277,1501,7,3,42,2025-05-07,2025-10-31,2.7,3524.05,72812.88
5278,671,1,3,63,2025-11-07,2026-04-03,4.26,7515.42,126158.78
5279,671,20,3,71,2025-03-10,2025-07-21,4.85,10961.55,139752.33
5280,474,19,1,16,2025-06-16,2025-10-14,2.04,2160.17,109132.04
5281,1165,2,2,59,2025-05-23,2025-08-21,4.84,5916.98,143521.6
5282,1259,20,1,27,2025-07-18,2026-01-07,5.77,10604.33,286042.06
5283,1394,19,1,6,2025-11-17,2026-02-22,6.68,12713.53,123007.99
5284,82,20,2,92,2025-11-21,2026-03-24,4.39,7954.55,159282.09
5285,1525,23,2,55,2025-09-13,2026-01-13,1.64,3263.68,61893.61
5286,957,1,2,32,2025-11-07,2026-03-17,5.64,5462.6,79315.54
5287,237,16,1,48,2025-05-08,2025-08-18,1.67,1525.34,48867.58
5288,1113,23,1,86,2025-06-07,2025-11-01,2.98,6331.38,59673.73
5289,519,19,2,23,2025-12-05,2026-05-15,3.11,5601,67820.65
5290,943,1,1,89,2025-09-01,2025-11-28,1.35,2701.43,66541.27
5291,13,20,3,62,2025-08-14,2025-12-07,2.74,5880.63,75460.56
5292,9,19,3,23,2025-09-15,2025-12-02,7.98,17171.13,220230.43
5293,1162,2,2,13,2025-04-10,2025-06-25,1.59,2707.59,67204.05
5294,1095,1,3,79,2025-08-25,2026-01-19,3.14,6241.61,117500.76
5295,1695,2,2,88,2025-03-22,2025-06-09,5.22,9285.64,232868.38
5296,107,1,2,97,2025-03-10,2025-08-17,2.65,2886.03,58516.79
5297,771,2,1,97,2025-08-14,2025-12-18,1.9,1722.69,28435.22
5298,1395,19,2,56,2025-10-02,2026-02-20,6.51,13137.45,174784.81
5299,257,19,2,23,2025-11-06,2026-03-22,0.87,1922.4,33028.1
5300,143,19,2,83,2025-05-16,2025-11-02,3.2,3561.25,102583.52
5301,992,2,3,66,2025-05-01,2025-10-19,3.72,7886.72,116029.5
5302,222,20,1,61,2025-03-07,2025-06-24,1.49,2742.51,27259.92
5303,1156,2,3,40,2025-06-18,2025-09-12,8.01,19202.67,281923.37
5304,1069,19,3,74,2025-05-16,2025-09-14,0.64,1221.19,10295.19
5305,1138,14,1,70,2025-02-02,2025-05-19,1.81,4035.34,82142.66
5306,1592,20,2,26,2025-09-19,2025-12-25,3.8,5855.61,197436.07
5307,423,19,1,15,2025-02-21,2025-05-18,0.46,520.35,8192.3
5308,672,20,2,14,2025-08-23,2026-01-14,1.16,1399.03,59059.06
5309,1686,1,2,52,2025-06-01,2025-10-05,6.55,8132.72,260019.11
5310,1042,19,2,19,2025-11-19,2026-04-15,1.19,2026.38,52074.23
5311,173,41,1,3,2025-01-02,2025-05-10,9.51,22351.68,517146.66
5312,1258,19,2,66,2025-01-14,2025-05-19,2.27,4253.39,65078.21
5313,1013,2,1,11,2025-01-24,2025-05-12,2.64,6080.23,37204.26
5314,1647,19,1,83,2025-01-21,2025-05-31,6.22,8765.64,85771.51
5315,1058,41,1,78,2025-06-07,2025-11-04,1.08,1137.06,57875.82
5316,971,23,3,76,2025-04-12,2025-07-09,1.31,1216.09,59396.18
5317,1067,19,1,77,2025-08-04,2025-11-28,1.06,1012.98,42458.26
5318,467,2,3,94,2025-01-06,2025-05-17,0.48,905.7,23511.55
5319,724,14,1,85,2025-03-16,2025-06-05,1.02,2068.89,34473.11
5320,1401,1,3,22,2025-08-11,2025-12-14,5.14,5893.68,64189.65
5321,1454,1,1,74,2025-02-09,2025-06-02,6.91,14051.48,265407.26
5322,1632,19,3,56,2025-03-07,2025-08-10,1.61,3704.24,47795.04
5323,1576,2,2,51,2025-01-25,2025-07-19,1.08,1089.77,18178.8
5324,662,20,1,94,2025-02-02,2025-06-22,0.98,1416.65,14664.97
5325,1051,2,1,27,2025-10-07,2026-01-17,2.56,3510.1,98924.3
5326,1736,1,1,8,2025-08-11,2025-11-18,2.46,5479,113663.71
5327,214,19,1,28,2025-09-20,2026-02-21,3.08,5370.97,37630.11
5328,911,14,3,46,2025-11-25,2026-04-21,2.82,4264.27,120875.66
5329,454,20,2,66,2025-08-05,2026-01-05,5.4,10868.21,202636.11
5330,629,2,1,62,2025-01-08,2025-04-28,0.94,2219.54,45722.39
5331,661,1,3,80,2025-01-03,2025-06-15,2.54,3973.34,110063.35
5332,1529,2,3,90,2025-01-09,2025-07-05,4.22,8495.54,193526.35
5333,1591,20,1,66,2025-09-22,2026-01-02,6.54,15681.16,134350.6
5334,1057,20,2,15,2025-02-13,2025-06-22,6.35,11797.18,323264.28
5335,864,19,3,90,2025-01-25,2025-05-13,1.42,2179,58586.32
5336,1742,1,3,67,2025-10-01,2026-01-14,2.76,6365.53,114848.54
5337,1648,19,3,20,2025-10-17,2026-02-25,2.94,3475.41,156394.3
5338,1057,41,3,25,2025-06-24,2025-12-09,4.33,6234.78,145057.67
5339,1053,1,1,25,2025-12-02,2026-04-15,0.85,1690.27,46698.12
5340,1049,2,3,45,2025-01-13,2025-05-14,2.04,3524.77,62461.02
5341,1223,19,2,90,2025-02-04,2025-07-17,2.17,2115.74,48362.86
5342,1359,1,2,57,2025-06-04,2025-09-19,1.63,3392.8,58838.68
5343,472,14,1,99,2025-10-07,2026-01-31,1.27,2590.11,35399.08
5344,536,1,2,63,2025-12-03,2026-03-11,0.53,718.43,13544.59
5345,177,1,1,84,2025-10-21,2026-01-18,2.21,4847.38,72307.42
5346,34,2,2,56,2025-07-08,2025-10-05,4.23,7270.4,205762.26
5347,1343,2,3,97,2025-04-10,2025-09-28,1.37,2007.9,68885.18
5348,301,14,3,71,2025-05-18,2025-11-04,0.91,1131.7,48843.5
5349,1622,14,3,47,2025-10-06,2026-03-28,2.07,2988.91,106901.44
5350,1537,2,3,89,2025-04-15,2025-09-19,3.81,4678.13,160741.29
5351,276,20,2,27,2025-11-02,2026-04-18,6.51,12784.09,201308.51
5352,15,2,2,69,2025-07-03,2025-10-13,8.13,19173.7,299642.63
5353,120,7,3,69,2025-07-04,2025-12-21,0.96,1548.92,34141.53
5354,740,2,2,14,2025-08-03,2025-12-06,7.17,11995.77,101428.7
5355,703,20,3,62,2025-10-18,2026-02-16,1.26,2226.77,15965.37
5356,1352,2,2,88,2025-11-24,2026-05-19,2.02,2370.86,96685.84
5357,1187,20,3,69,2025-01-06,2025-07-05,4.76,7988.16,257024.17
5358,1691,23,3,88,2025-03-19,2025-08-11,3.75,7540.35,200086.32
5359,733,1,3,4,2025-04-12,2025-09-18,3.17,2909.66,74402.13
5360,171,20,3,52,2025-09-16,2026-01-29,4.19,6339.24,138799.61
5361,269,7,2,1,2025-10-25,2026-04-23,6.58,13484.45,296998.01
5362,222,7,1,47,2025-06-03,2025-11-19,0.46,437.21,9289.84
5363,1640,7,2,65,2025-11-17,2026-02-28,2.62,3323.36,119319.08
5364,1492,19,3,78,2025-10-01,2025-12-30,2.29,4275.06,65591.48
5365,1598,14,3,87,2025-08-13,2025-11-20,5.98,10926.94,158656.8
5366,761,23,2,73,2025-08-20,2025-12-06,2.22,3892.04,90110.68
5367,1564,41,2,86,2025-04-16,2025-08-11,0.45,982.72,6488.88
5368,1482,1,3,77,2025-03-03,2025-05-23,3.52,7343.78,138800.12
5369,404,1,1,22,2025-06-05,2025-10-17,7.84,8813.59,308079.76
5370,1663,19,3,8,2025-12-22,2026-04-29,1.19,2699.72,42167.96
5371,1078,1,3,84,2025-04-01,2025-06-23,0.57,1140.07,12734.22
5372,1581,1,1,84,2025-01-12,2025-06-28,9.14,16053.04,168547.17
5373,340,1,3,84,2025-04-23,2025-09-27,4.75,8979.56,109768.78
5374,289,1,1,12,2025-10-18,2026-02-24,0.62,792.57,15026.57
5375,961,23,2,8,2025-09-03,2025-12-04,1.48,1822.34,54217.81
5376,1212,2,2,87,2025-01-05,2025-04-03,4.37,3990.65,108287.6
5377,734,1,3,20,2025-09-17,2025-12-25,0.79,1645.59,27853.06
5378,1481,1,2,100,2025-07-05,2025-12-31,1.32,1451.44,37243.71
5379,94,1,2,35,2025-01-11,2025-04-06,1.24,2140.75,42204.46
5380,660,19,2,39,2025-02-14,2025-08-02,2.66,5605.94,76371.93
5381,564,20,3,96,2025-04-16,2025-07-15,3.33,4284.9,182736.07
5382,1746,2,1,91,2025-02-13,2025-07-10,3.31,4700.76,169195.07
5383,1150,19,3,24,2025-04-06,2025-07-20,3.6,6125.04,46495.61
5384,1075,16,2,95,2025-02-04,2025-05-08,5.14,12287.27,254488.28
5385,670,1,1,29,2025-10-06,2026-03-12,0.9,864.45,27248.18
5386,1246,2,1,86,2025-09-06,2025-12-08,3.12,6608.97,140591.19
5387,1241,19,2,19,2025-03-12,2025-06-22,10.19,19832.75,388232.32
5388,751,19,2,27,2025-08-12,2026-01-02,3.48,4959.83,49744.35
5389,1304,14,3,23,2025-09-08,2026-01-30,1.93,3118.28,41918.46
5390,386,23,1,57,2025-10-16,2026-03-30,0.63,955.24,30848.68
5391,1296,1,1,5,2025-04-14,2025-07-28,0.89,1712,31846.62
5392,1693,7,1,68,2025-08-22,2025-12-12,5.68,11050.58,213944.45
5393,1564,41,1,89,2025-03-23,2025-09-19,0.53,775.06,9827.18
5394,329,19,2,38,2025-11-11,2026-04-08,1.85,3640.24,30018.41
5395,503,14,1,72,2025-08-12,2025-11-26,1.83,1798.86,82358.78
5396,996,19,3,21,2025-02-21,2025-05-07,0.75,713.53,14612.94
5397,1705,2,2,11,2025-12-17,2026-05-24,1.08,1249.87,43493.3
5398,577,19,3,19,2025-03-19,2025-09-12,4.01,3955.94,51961.96
5399,600,19,1,93,2025-11-01,2026-04-10,9.66,13213.38,440420.31
5400,1768,19,3,15,2025-09-20,2025-12-14,5.47,8305.08,143233.61
5401,480,14,1,30,2025-11-10,2026-03-21,3.5,6296.6,142638.45
5402,75,2,3,30,2025-10-15,2026-01-07,0.63,969.02,30728.27
5403,879,2,3,54,2025-11-13,2026-02-21,1.14,1036.45,40113.33
5404,56,14,2,84,2025-11-08,2026-02-17,6.34,6988.33,168686.84
5405,1612,20,3,50,2025-10-07,2026-03-30,1.89,2484.6,95095.21
5406,795,19,3,63,2025-12-15,2026-03-25,0.43,542.28,23092.84
5407,1307,20,3,4,2025-10-06,2026-01-13,3.25,6166.69,170745.92
5408,676,16,3,79,2025-08-15,2025-12-27,7.58,15805.56,415384.37
5409,641,2,3,98,2025-10-07,2026-02-18,10.1,22633.52,238420.11
5410,1129,1,2,37,2025-04-14,2025-07-26,0.61,792.56,31486.29
5411,826,2,3,11,2025-06-11,2025-11-01,0.67,1561.25,14475.56
5412,428,19,2,42,2025-08-07,2025-12-04,8.07,9213,225010.39
5413,1047,20,3,76,2025-05-20,2025-11-12,3.27,4187.46,50579.44
5414,297,19,1,21,2025-02-13,2025-06-02,6.95,12306.26,250925.98
5415,178,1,3,89,2025-09-15,2026-01-02,0.97,2229.69,25109.75
5416,1664,2,1,80,2025-02-19,2025-06-19,7.12,11925.35,158002.11
5417,1494,19,3,22,2025-10-25,2026-04-08,7.73,11306.51,318898.05
5418,542,1,2,58,2025-09-11,2026-01-14,6.3,11752.03,319715.26
5419,1598,19,3,33,2025-01-15,2025-04-12,4.84,10778.47,209083.54
5420,1266,23,3,64,2025-09-22,2026-02-05,1.92,2510.68,103186.03
5421,1575,19,1,6,2025-06-24,2025-09-23,4.92,10406.25,107950.81
5422,1459,7,3,11,2025-09-12,2025-12-30,4.43,9910.61,106502.26
5423,1602,1,1,97,2025-09-08,2026-01-06,1.25,1492.93,15858.25
5424,1107,20,3,18,2025-05-17,2025-09-04,2.39,4171.5,74452.1
5425,224,19,3,61,2025-11-02,2026-01-25,6.57,13885.95,87596.48
5426,1566,14,3,26,2025-12-19,2026-03-14,0.92,1487.14,13536.88
5427,1472,1,2,28,2025-04-08,2025-08-24,0.65,1509.96,15143.31
5428,64,16,1,17,2025-01-24,2025-05-03,6.03,11349.72,85871.72
5429,530,7,3,8,2025-06-15,2025-11-23,2.17,2308.47,41872.47
5430,369,41,2,48,2025-01-25,2025-04-19,1.06,2042.97,55204.47
5431,1147,20,3,18,2025-08-08,2025-12-09,9.22,16047.19,323248.72
5432,1784,20,3,29,2025-08-17,2025-12-20,2.94,4766.77,40707.1
5433,659,1,3,69,2025-01-16,2025-04-27,0.66,638.11,18754.37
5434,677,23,3,80,2025-05-08,2025-08-11,0.73,1186.43,15325.72
5435,53,2,1,95,2025-05-17,2025-09-21,6.2,9069.31,239007.44
5436,780,20,3,95,2025-12-02,2026-04-18,0.5,541.92,14667.03
5437,1769,1,2,68,2025-11-01,2026-02-15,2.31,2374.62,119310.41
5438,1055,19,2,48,2025-11-19,2026-03-06,3.34,5060.54,112063.1
5439,1552,1,2,62,2025-02-13,2025-06-09,5.83,10593.63,233664.09
5440,1430,1,2,21,2025-05-12,2025-10-21,8.33,15562.84,170375.75
5441,1455,20,1,68,2025-12-06,2026-05-19,3.66,8166.65,117750.91
5442,1384,1,3,36,2025-12-15,2026-04-27,0.69,648.06,23152.49
5443,594,2,2,84,2025-03-13,2025-07-07,4.02,4638.34,61974.89
5444,1789,20,3,48,2025-11-18,2026-05-04,0.91,1282.09,11044.61
5445,1295,20,1,42,2025-08-17,2026-01-04,0.6,968.13,32004.32
5446,1465,16,3,59,2025-07-08,2025-12-01,5.78,7682.41,210376.31
5447,208,1,2,97,2025-03-18,2025-07-02,1.43,3065.79,69133.51
5448,401,20,2,66,2025-05-25,2025-10-13,2.02,1921.48,56769.34
5449,411,2,2,12,2025-11-12,2026-04-29,0.77,1542.07,26387.7
5450,1457,7,3,94,2025-11-14,2026-02-06,0.54,1033.26,14484.76
5451,384,16,2,52,2025-09-03,2026-02-16,0.92,1943.34,30298.12
5452,713,1,1,34,2025-09-12,2025-12-31,1.17,1453.04,47137.02
5453,187,20,1,49,2025-06-05,2025-09-18,3,6185.7,135249.94
5454,1173,2,2,97,2025-08-24,2025-11-17,0.72,690.86,11580.85
5455,600,19,1,60,2025-06-20,2025-10-27,3.54,5335.49,50289.34
5456,1153,41,3,91,2025-08-14,2026-01-30,1.84,3334.05,73310.03
5457,1616,19,3,26,2025-02-06,2025-07-28,2.66,5321.59,136816.02
5458,180,14,3,23,2025-11-21,2026-03-19,1.69,2890.87,81648.51
5459,262,19,3,42,2025-12-18,2026-05-15,3.95,6386.8,49468.95
5460,892,23,3,21,2025-08-01,2025-12-07,1.99,2780.49,99141.11
5461,51,7,3,3,2025-06-06,2025-11-30,2.13,2436.65,116447.04
5462,1768,14,3,52,2025-11-01,2026-02-16,5.34,7176.92,125452.29
5463,111,41,2,51,2025-07-15,2025-12-01,6.76,6439.16,352413.9
5464,1436,20,1,13,2025-12-13,2026-05-14,2.62,4634.9,134965.78
5465,1124,14,1,8,2025-05-06,2025-07-30,2.3,2306.89,99002.36
5466,890,14,2,79,2025-06-19,2025-09-19,1.06,1086.5,55649.19
5467,253,19,2,18,2025-02-01,2025-07-16,1.21,2597.17,15709.9
5468,641,1,2,76,2025-01-25,2025-05-23,10.39,13110.95,202723.41
5469,715,23,2,5,2025-09-07,2026-01-26,1.02,1291.15,18198.29
5470,1604,14,1,78,2025-09-14,2026-01-18,1.44,2425.86,22014.23
5471,1156,2,3,79,2025-09-12,2025-12-06,8.12,19395.04,212606.77
5472,574,14,3,18,2025-06-15,2025-10-04,11.07,21888.16,285451.87
5473,1702,14,3,59,2025-02-09,2025-07-05,2.73,5432.38,45746.45
5474,1449,14,1,81,2025-10-01,2026-01-04,1.36,1614.87,52542.23
5475,1468,19,1,42,2025-11-03,2026-02-17,3.16,3917.82,141794
5476,927,14,1,84,2025-09-14,2025-12-22,1.76,1674.5,30523.71
5477,286,19,2,9,2025-06-14,2025-09-14,0.93,1618.78,22508
5478,1614,41,1,43,2025-07-25,2025-10-16,9.98,19293.73,423320.94
5479,1388,1,1,12,2025-10-20,2026-03-03,1.29,1908.46,45319.08
5480,68,23,3,56,2025-07-06,2025-10-20,2.3,2134.53,55460.08
5481,341,14,3,91,2025-06-11,2025-09-24,1.93,3652.09,58298.57
5482,187,20,3,23,2025-05-25,2025-10-09,3.68,8482.97,80849.54
5483,15,19,3,72,2025-02-24,2025-08-20,10.03,13021.44,308665.78
5484,180,1,1,12,2025-01-08,2025-04-18,5.12,4807.38,152067.59
5485,332,1,2,43,2025-09-18,2026-03-12,3.19,3988.97,112481.29
5486,1572,19,3,13,2025-04-12,2025-08-10,4.95,10837.4,259247.95
5487,400,41,2,56,2025-10-06,2026-01-13,4.97,6936.39,229905.34
5488,558,23,3,31,2025-06-13,2025-09-01,0.85,776.88,44130.63
5489,1221,19,1,77,2025-08-05,2025-10-27,1.24,1619.61,49687.14
5490,696,20,3,71,2025-02-16,2025-05-16,1.01,2290.18,49608.02
5491,957,20,3,2,2025-11-22,2026-02-13,5.45,4974.45,262455.69
5492,1455,2,2,5,2025-02-14,2025-07-19,3.81,5715.63,131787.86
5493,1680,7,2,94,2025-10-15,2026-01-31,0.58,752.54,25318.32
5494,298,19,1,1,2025-10-24,2026-02-22,1.07,1350.13,34158.36
5495,573,14,1,10,2025-10-07,2026-02-18,3.15,3106.48,98766.58
5496,1769,1,3,57,2025-07-16,2026-01-01,4.15,5359.84,211142.91
5497,287,1,1,44,2025-08-10,2025-10-29,0.61,1342.2,13416.76
5498,1330,20,1,37,2025-07-19,2025-11-10,7.44,12873.56,127933.35
5499,1459,7,1,35,2025-08-22,2026-01-18,2.56,5602.86,108486.34
5500,528,16,3,96,2025-08-24,2025-11-26,5.18,9456.05,259773.91
5501,874,2,1,56,2025-12-07,2026-02-20,1.93,2091.24,59748.36
5502,642,2,2,53,2025-03-18,2025-08-08,0.56,534.47,29549.23
5503,1567,2,2,17,2025-01-25,2025-07-21,2.14,1958.86,90049.98
5504,50,14,1,74,2025-04-09,2025-07-27,2.95,4403.48,99882.44
5505,962,23,2,18,2025-11-18,2026-03-13,2.05,2038.02,82853.07
5506,673,20,2,97,2025-06-12,2025-09-21,8.91,20515.84,377114.77
5507,755,2,2,80,2025-03-16,2025-08-27,3.39,3510.24,122090.63
5508,334,20,1,21,2025-06-22,2025-09-25,5.16,4817.44,81637.92
5509,1765,41,3,40,2025-08-14,2025-12-10,2.8,6156.69,132597.21
5510,512,41,3,66,2025-11-09,2026-02-21,0.44,678.62,8402.66
5511,354,14,3,43,2025-01-16,2025-07-04,4,8319.21,157324.72
5512,1522,2,1,68,2025-10-15,2026-04-12,2.18,5184.58,115437.3
5513,254,20,3,70,2025-12-02,2026-04-28,3.65,5133.37,87730.13
5514,1546,14,3,22,2025-08-12,2026-01-28,1.19,1572.07,30811.73
5515,1398,19,1,77,2025-09-20,2026-01-05,4.49,8884.16,195565.95
5516,134,1,2,82,2025-11-01,2026-03-18,1.78,3965.08,58836.5
5517,45,1,1,9,2025-12-20,2026-05-09,1.73,3422.3,34284.45
5518,760,20,1,84,2025-07-20,2025-11-14,0.77,1595.75,24402.39
5519,520,20,1,86,2025-02-09,2025-05-27,1.68,3744.91,51194.27
5520,1054,19,3,91,2025-07-20,2025-10-13,7.53,17218.99,317673.67
5521,1277,20,1,45,2025-08-16,2025-11-25,1.09,2238.43,36066.34
5522,1360,1,2,14,2025-10-19,2026-01-25,1.27,1701.64,25686.54
5523,772,2,1,16,2025-03-04,2025-07-28,8.21,11830.02,246548.82
5524,619,19,2,78,2025-02-10,2025-06-10,1.98,4607.24,42558.49
5525,1400,19,2,95,2025-04-06,2025-07-29,4.1,6891.59,127642.26
5526,1584,14,2,26,2025-10-20,2026-03-14,0.76,1770.55,14656.39
5527,1785,23,1,70,2025-10-06,2026-03-14,1.19,1579.19,38494.04
5528,199,1,1,17,2025-08-20,2025-12-29,2.83,4543.36,57455.14
5529,123,16,1,12,2025-06-12,2025-10-25,3.88,4572.47,96026.52
5530,482,1,1,96,2025-08-13,2026-01-26,0.62,1112.92,16526.26
5531,1466,20,3,60,2025-08-02,2026-01-29,1.52,2694.29,69263.22
5532,978,20,1,23,2025-07-23,2025-11-19,0.67,1010.88,27694.53
5533,1749,1,3,23,2025-10-04,2026-04-02,0.55,1054.17,24963.11
5534,501,19,3,11,2025-11-15,2026-04-29,1.2,1963.84,63738.36
5535,1388,1,3,34,2025-02-24,2025-07-12,1.24,1441.19,56807.66
5536,586,1,1,84,2025-01-19,2025-05-20,2.59,4752.41,91394.06
5537,1110,19,2,38,2025-07-24,2025-11-22,2.16,4878.73,84168.8
5538,923,19,1,23,2025-09-06,2026-02-10,3.34,3765.86,175804.41
5539,328,1,1,83,2025-01-02,2025-05-07,5.38,11971.21,126814.2
5540,941,19,1,18,2025-05-07,2025-07-22,8.67,12437.28,433288.26
5541,1103,20,2,80,2025-09-11,2026-01-04,2.22,2062.48,97201.42
5542,176,7,3,51,2025-02-10,2025-06-23,1.1,1005.92,34489.63
5543,90,20,1,73,2025-11-23,2026-02-15,1.13,1526.94,37797.8
5544,670,1,3,35,2025-08-09,2025-12-05,7.72,7353.27,374365.49
5545,767,14,3,15,2025-06-03,2025-10-15,0.43,763.31,20470.2
5546,304,14,1,61,2025-07-22,2025-10-06,4.88,8388.87,121650.37
5547,838,1,1,25,2025-03-15,2025-08-23,0.78,822.12,27811.18
5548,1113,23,1,7,2025-09-01,2026-01-20,3.04,2783.81,131106.81
5549,1015,19,2,61,2025-04-11,2025-07-23,1.67,3523.72,41868
5550,1097,1,1,16,2025-11-01,2026-03-25,1.17,1699.46,24405.05
5551,399,20,2,38,2025-04-04,2025-09-14,2.91,4305.72,42969.06
5552,432,20,3,98,2025-04-16,2025-08-21,2.67,5503.6,39372.61
5553,1025,20,2,34,2025-06-10,2025-11-05,7.45,9265.3,316737
5554,306,2,3,43,2025-09-16,2026-02-18,4.2,5207.22,54760.69
5555,1724,1,3,94,2025-11-04,2026-05-02,0.64,1448.95,8074.4
5556,965,2,2,64,2025-09-15,2025-12-12,2.48,2339.72,123156.49
5557,1015,1,1,29,2025-10-21,2026-03-21,6.38,10008.88,240860.72
5558,1762,1,3,85,2025-01-19,2025-04-26,8.29,19581.02,337382.78
5559,1709,2,3,79,2025-08-16,2025-11-09,0.9,1096.12,11122.85
5560,1743,20,2,97,2025-07-17,2025-12-07,3.98,3735.35,97232.71
5561,705,1,2,59,2025-04-08,2025-10-05,4.37,7706.8,208900.05
5562,552,1,2,82,2025-02-22,2025-05-13,6.37,9971.02,216497.02
5563,1037,1,1,12,2025-05-07,2025-07-31,0.75,1450.51,29451.31
5564,1361,20,1,23,2025-11-08,2026-04-05,2.57,2665.24,49250.23
5565,602,2,1,73,2025-03-24,2025-08-02,1.86,3435.01,37920.16
5566,1079,19,1,13,2025-06-08,2025-11-14,9.33,19119.36,481130.64
5567,794,16,1,92,2025-02-16,2025-05-21,0.48,649.31,18195.56
5568,708,1,2,36,2025-06-19,2025-11-17,2.02,3493.79,69478.67
5569,157,1,2,60,2025-10-12,2026-02-16,4.25,6771.71,176740.04
5570,1800,19,1,46,2025-12-13,2026-03-10,7.81,13774.02,241730.86
5571,394,19,2,17,2025-09-17,2025-12-20,1.5,3141.12,33394.32
5572,1079,19,1,26,2025-01-22,2025-05-10,1.56,3268.26,80993.69
5573,1018,14,3,67,2025-11-22,2026-03-09,1.45,1467,68387.1
5574,1646,1,3,60,2025-11-09,2026-04-04,6.68,11823.56,96175.2
5575,99,2,3,83,2025-01-24,2025-04-25,0.97,1824.24,51166.82
5576,613,2,1,83,2025-05-10,2025-09-29,0.57,1159.41,10168.66
5577,584,19,1,11,2025-02-08,2025-05-06,1.15,1669.71,38329.91
5578,838,20,1,72,2025-01-12,2025-06-04,0.43,937.17,6878.39
5579,790,19,2,12,2025-03-12,2025-08-05,0.79,1608.39,11430.56
5580,1039,19,3,23,2025-10-23,2026-03-09,4.11,6121.1,170052
5581,354,1,3,36,2025-10-24,2026-04-13,3.96,7747.98,204655.63
5582,1098,1,1,19,2025-05-04,2025-10-30,10.89,15667.15,272157.45
5583,42,2,1,6,2025-01-18,2025-07-08,1.18,2250.89,33344.18
5584,222,41,1,77,2025-08-12,2025-10-29,0.84,1446.6,27023.31
5585,248,7,2,14,2025-03-24,2025-09-10,4.99,11582.95,208081.71
5586,1014,19,2,5,2025-06-15,2025-11-23,0.98,1005.95,40522.25
5587,73,1,1,47,2025-03-15,2025-07-22,3.25,6583.84,129207.14
5588,843,2,3,48,2025-05-10,2025-09-11,0.42,619.7,18047.2
5589,1503,19,3,90,2025-11-20,2026-02-18,1.67,2076.53,31810.19
5590,1072,1,2,92,2025-04-17,2025-08-14,4.16,6182,167524.2
5591,1007,1,1,31,2025-07-17,2026-01-01,5.31,9180.34,191650
5592,506,19,1,52,2025-10-09,2026-02-22,0.79,747.95,31359.87
5593,1302,41,2,65,2025-12-13,2026-03-10,4.08,7163.49,179900.19
5594,63,20,1,14,2025-11-09,2026-04-29,5.71,10918.49,252397.2
5595,849,2,3,77,2025-02-09,2025-06-13,0.51,683.34,11290.33
5596,669,1,2,4,2025-07-24,2025-10-18,7.79,13092.83,162141.71
5597,533,2,1,35,2025-04-11,2025-07-10,2.25,4370.79,32351.01
5598,1415,41,2,4,2025-08-15,2025-11-15,2.33,3765.78,46613.63
5599,318,20,1,22,2025-07-12,2025-11-24,2.93,2748.51,153101.15
5600,256,14,2,49,2025-01-20,2025-07-18,5.2,7242.02,132357.12
5601,218,20,2,84,2025-07-21,2025-10-30,1.11,1398.17,38039.99
5602,18,19,3,49,2025-11-17,2026-04-20,7.99,10873.95,398399.82
5603,1499,19,1,88,2025-04-11,2025-07-01,0.98,2134.69,41919.5
5604,15,2,1,71,2025-07-08,2025-11-01,2.56,2691.32,134442.63
5605,922,20,3,75,2025-08-14,2025-12-11,7.97,15599.98,419573.19
5606,293,2,3,54,2025-01-11,2025-07-05,4.92,5130.81,225142.36
5607,1289,2,1,31,2025-04-11,2025-10-06,3.39,5788.46,52806.64
5608,1601,1,1,62,2025-12-24,2026-06-15,1.57,3758.03,63825.76
5609,233,20,2,70,2025-06-08,2025-09-10,2.99,4681.3,93113.54
5610,1598,19,1,31,2025-09-05,2026-01-14,10.17,16515.89,335278.17
5611,1756,14,1,44,2025-08-16,2026-02-05,0.92,2159.37,28169.41
5612,404,19,3,17,2025-03-11,2025-07-02,1.38,1920.62,67047.72
5613,1430,23,1,13,2025-11-09,2026-03-11,10.14,16270.56,415522.01
5614,1102,19,3,97,2025-02-25,2025-05-19,0.58,680.21,14849.25
5615,226,16,1,28,2025-01-12,2025-04-05,7.1,8321.35,268152.32
5616,747,14,3,65,2025-08-18,2025-11-08,8.75,13567.27,105451.58
5617,1372,2,3,28,2025-05-01,2025-09-10,1.08,1603.52,32798.29
5618,789,20,2,24,2025-04-11,2025-08-07,5.84,11101.05,170276.99
5619,566,1,1,24,2025-09-23,2026-03-09,1.27,2671.07,62778.87
5620,1799,19,3,82,2025-03-14,2025-06-08,3.36,6718.39,152257.83
5621,785,19,1,41,2025-10-23,2026-03-13,2.53,4855.7,106306.04
5622,1671,23,3,23,2025-04-06,2025-09-01,1.51,1479.43,72412.11
5623,1393,19,2,34,2025-02-20,2025-07-19,3.95,9121.24,207629.82
5624,1742,1,3,54,2025-10-15,2025-12-30,1.39,2949.09,48832.2
5625,243,2,2,18,2025-03-25,2025-08-24,2.26,4908.02,78179.22
5626,688,23,3,59,2025-04-21,2025-09-19,3.22,7635.91,173259.7
5627,214,14,1,43,2025-04-25,2025-08-22,7.32,7176.51,197644.01
5628,1181,2,2,12,2025-06-21,2025-12-04,1.39,2541.17,34219.89
5629,1331,19,3,7,2025-10-13,2026-03-06,5.19,6269.12,129336.33
5630,1193,14,1,57,2025-10-02,2026-03-03,5.97,5529.17,175861.25
5631,890,20,1,14,2025-01-03,2025-06-03,5.86,8260.56,304639.42
5632,1127,19,2,31,2025-12-10,2026-03-14,9.61,13944.56,257125.07
5633,1188,20,2,100,2025-02-23,2025-07-24,2.91,5780.78,69958.16
5634,1529,19,3,57,2025-01-12,2025-06-11,8.72,9912.15,109695.88
5635,134,19,2,63,2025-03-05,2025-08-28,0.83,1401.27,19134.79
5636,11,19,2,96,2025-09-02,2026-01-17,4.39,4242.03,198901.16
5637,69,7,1,69,2025-10-15,2026-03-27,5.32,11221.86,193649.48
5638,172,20,1,14,2025-01-05,2025-06-28,7.05,12510.12,139975.65
5639,1541,7,3,15,2025-05-05,2025-08-21,2.6,5683.25,47228.91
5640,1743,14,3,33,2025-04-09,2025-07-27,5.15,5042.87,168082.02
5641,397,14,2,18,2025-11-06,2026-02-22,2.08,3359.7,42947.11
5642,1361,41,3,65,2025-07-17,2025-10-04,1.06,2223.89,30633.83
5643,1604,14,2,21,2025-08-06,2025-10-20,5.62,7874.21,185441.65
5644,1616,1,3,29,2025-03-20,2025-09-12,0.91,2118.56,15025.93
5645,1713,23,1,65,2025-10-07,2026-01-01,4.82,4408.13,95308.24
5646,1555,1,2,50,2025-04-02,2025-06-24,3.14,6359.72,58967.19
5647,507,2,3,62,2025-10-18,2026-03-14,0.69,982.65,32199.15
5648,1648,1,3,76,2025-06-22,2025-09-27,4.07,3810.35,135177.68
5649,756,2,3,46,2025-05-23,2025-09-12,1.1,2583.04,26774.83
5650,462,41,1,32,2025-10-07,2025-12-21,4.42,10499.09,122744.84
5651,1210,1,2,61,2025-11-04,2026-03-29,4.95,5435.09,178597.33
5652,1424,2,3,58,2025-07-19,2025-12-10,1.3,2699.01,28925.57
5653,530,20,1,82,2025-04-07,2025-06-23,2.27,4235.51,65399.26
5654,1442,2,3,7,2025-09-20,2026-03-03,0.77,856.52,22032.52
5655,1778,41,2,1,2025-06-08,2025-11-05,3.66,4113.02,46582.57
5656,1115,20,2,13,2025-11-18,2026-02-06,5.41,11119.85,291943.14
5657,1208,20,3,22,2025-06-24,2025-11-08,2.82,3442.86,46007.42
5658,850,2,3,89,2025-04-19,2025-09-14,6.52,10976.04,130589.32
5659,641,2,3,3,2025-04-04,2025-09-24,5.75,5727.44,234961.56
5660,1118,1,3,68,2025-08-08,2026-01-29,2.79,4465.43,119983.69
5661,419,1,1,14,2025-01-14,2025-04-11,2.74,3039.97,86472.9
5662,1262,16,1,75,2025-07-03,2025-09-25,6.96,11036.51,350040.59
5663,1055,19,1,90,2025-04-10,2025-06-28,9.74,17944.31,160793.49
5664,1494,20,3,23,2025-10-02,2026-02-22,0.92,1775.23,34592.07
5665,1515,1,1,2,2025-11-15,2026-03-03,1.2,1917.28,25416.19
5666,1574,19,2,38,2025-09-09,2026-01-26,5.19,8485.71,100279.58
5667,417,1,2,62,2025-05-25,2025-11-18,2.45,3468.68,49215.43
5668,1546,14,2,79,2025-03-18,2025-06-05,3.05,3886.91,150142.06
5669,454,16,3,26,2025-06-01,2025-11-14,3.81,5754.28,138025.5
5670,1041,16,1,57,2025-09-09,2026-03-06,5.84,13908.57,202615.8
5671,527,19,3,34,2025-11-12,2026-02-04,1.17,2448.6,46162.69
5672,1391,1,2,4,2025-06-17,2025-11-30,2.39,3116,90188.02
5673,111,41,3,59,2025-09-06,2026-02-20,5.48,6966.73,104953.47
5674,716,23,2,100,2025-02-18,2025-07-09,4.19,4796.73,60589.59
5675,1213,2,2,28,2025-03-19,2025-08-09,1.36,1967.26,23202.97
5676,647,19,1,55,2025-02-20,2025-06-19,2.33,3254.45,92052.38
5677,802,1,3,75,2025-06-05,2025-08-26,2.39,4766.17,127954.59
5678,378,2,1,28,2025-08-17,2026-02-02,1.02,2416.01,53102.27
5679,1161,19,1,37,2025-10-14,2026-03-11,8.3,9161.54,373855.5
5680,232,14,1,36,2025-01-07,2025-05-12,7.13,12368.11,93080.55
5681,1474,1,2,9,2025-06-03,2025-08-19,1.93,2460.51,57829.57
5682,893,1,2,40,2025-10-20,2026-03-26,3.48,5418.73,151429.58
5683,1685,20,3,83,2025-09-17,2026-03-06,1.03,2402.54,28376.42
5684,369,41,3,91,2025-05-03,2025-08-12,1.99,2707.28,93263.33
5685,1242,1,2,52,2025-03-03,2025-05-27,6.5,11540.83,317766.81
5686,1583,20,2,93,2025-01-13,2025-06-07,10.93,15728.76,219982.31
5687,1224,1,1,79,2025-03-11,2025-08-19,3.94,8486.04,122854.54
5688,475,23,1,22,2025-12-14,2026-04-28,0.77,1291.71,21557.63
5689,1390,23,1,40,2025-02-23,2025-06-05,5.09,5306.81,268357.41
5690,1044,2,1,1,2025-04-05,2025-09-19,2.83,5045.96,134489.11
5691,61,19,1,67,2025-02-21,2025-05-21,5.95,5752.95,273287.3
5692,1028,19,3,41,2025-10-22,2026-02-01,6.69,6267.09,354839.25
5693,169,2,2,68,2025-12-18,2026-03-03,1.04,2005.44,23372.38
5694,1169,14,3,34,2025-05-21,2025-09-30,7.16,11869.26,191510.52
5695,315,2,2,13,2025-06-15,2025-10-18,5.33,11431.51,198844.95
5696,847,19,3,6,2025-02-07,2025-06-29,3.57,4434.17,66639.25
5697,1651,20,2,50,2025-06-09,2025-12-06,1.43,2559.87,30975.45
5698,431,20,3,79,2025-12-06,2026-04-08,8.76,19717.5,122322.84
5699,1052,1,1,55,2025-10-04,2026-02-01,0.51,533.12,12701.6
5700,508,2,3,47,2025-02-19,2025-08-17,8.37,15122.17,266310.93
5701,1312,20,2,49,2025-11-14,2026-02-24,0.43,939.28,19121.21
5702,1268,7,2,76,2025-01-05,2025-04-25,3.8,8058.67,68325.74
5703,1430,1,2,36,2025-04-12,2025-07-29,8.61,17977.63,310553.8
5704,494,1,1,1,2025-03-19,2025-07-30,2.36,3693.77,74807.35
5705,1014,19,2,71,2025-08-09,2025-11-27,2.09,3995.96,71304.13
5706,609,16,3,99,2025-11-22,2026-02-21,1.59,3633.86,64053.52
5707,1604,14,3,14,2025-11-02,2026-03-16,7.83,15350.71,116301.68
5708,159,2,3,99,2025-11-17,2026-02-23,4.26,8810.88,84858.61
5709,1382,2,1,78,2025-08-10,2025-10-30,4.38,7562.09,119872.94
5710,96,23,2,19,2025-07-14,2025-09-27,3.84,4683.17,189001.19
5711,244,1,1,52,2025-09-03,2026-01-09,1.08,1961.9,27407.77
5712,1307,20,3,9,2025-10-04,2025-12-27,4.78,4348.61,114605.97
5713,1017,14,3,93,2025-04-14,2025-07-24,3.38,6258.26,180600.04
5714,656,20,3,31,2025-11-02,2026-01-23,2.74,5128.1,143787.98
5715,288,1,2,66,2025-05-12,2025-10-17,0.47,656.03,25406.96
5716,1224,19,3,79,2025-01-03,2025-06-11,0.53,540.99,7960.76
5717,1412,20,3,97,2025-09-25,2026-01-29,0.43,836.4,14801.8
5718,1012,7,3,17,2025-01-17,2025-05-15,4.1,9094.16,56522.47
5719,272,19,1,66,2025-09-20,2025-12-27,1.78,1834.51,78303.41
5720,213,14,3,82,2025-05-03,2025-09-28,1.19,1686.56,36501.95
5721,1500,19,3,70,2025-09-01,2025-12-05,2.65,4695.54,76237.05
5722,1300,19,3,70,2025-03-19,2025-06-26,3.1,3130.24,96524.27
5723,1406,16,1,4,2025-06-16,2025-10-25,2.7,4241.03,68914.37
5724,149,2,3,63,2025-10-06,2026-02-16,1.28,1712.8,16365.66
5725,1351,19,2,11,2025-08-02,2026-01-15,1.04,2230.81,43277.32
5726,1446,19,1,56,2025-09-14,2026-02-14,2.52,3532.86,54848.02
5727,1311,2,3,90,2025-07-17,2025-11-01,3.02,3750.79,45155.3
5728,1104,2,2,88,2025-12-04,2026-04-16,0.74,981.27,20527.59
5729,1037,1,1,14,2025-07-20,2025-10-03,1.05,1255.47,13423.24
5730,1104,1,2,2,2025-03-01,2025-07-29,2.86,5800.92,81151.84
5731,1756,14,2,49,2025-09-11,2025-12-19,0.7,1224.06,10195
5732,692,23,2,78,2025-04-06,2025-07-10,0.63,811.06,33471.72
5733,974,14,1,83,2025-11-01,2026-01-25,4.56,8566.62,129382.51
5734,815,20,2,87,2025-11-20,2026-03-11,1.73,4050.28,40318.27
5735,255,23,2,11,2025-01-08,2025-04-13,2.03,1909.69,74510.22
5736,334,20,2,91,2025-07-22,2025-12-15,2.24,3119.94,53998.92
5737,1701,16,1,84,2025-05-23,2025-11-16,6.47,8300.02,143062.34
5738,1281,19,1,40,2025-02-08,2025-05-28,6.9,14041.15,367372.34
5739,852,1,3,8,2025-10-05,2026-02-26,7.23,15313.1,274218.46
5740,1159,19,1,49,2025-06-13,2025-12-06,9.14,15772.54,344507.1
5741,270,20,1,79,2025-09-13,2025-12-05,2.43,4481.34,59648.15
5742,591,14,2,91,2025-08-07,2025-11-05,4.12,7279.23,221896.83
5743,1570,20,1,62,2025-07-15,2025-10-08,3.27,4241.92,173093.42
5744,1761,20,3,96,2025-06-17,2025-10-15,4.7,8035.74,65949.07
5745,1764,14,2,93,2025-06-10,2025-10-14,0.7,1410.71,33748.12
5746,85,2,1,45,2025-11-24,2026-03-31,3.54,7383.02,80512.7
5747,1404,23,3,42,2025-11-14,2026-04-11,1.41,3033.39,23049.14
5748,414,19,3,55,2025-02-24,2025-08-06,1.67,1587.89,58859.58
5749,1606,7,3,5,2025-05-15,2025-11-05,1.61,3502.92,54005.77
5750,1318,14,2,11,2025-02-02,2025-06-30,1.53,1380.19,79662.21
5751,1694,19,3,39,2025-01-25,2025-06-29,3.06,5258.64,59563.5
5752,952,19,2,70,2025-04-07,2025-07-01,9.02,21455.65,172540.19
5753,1053,19,3,14,2025-09-16,2026-02-23,0.73,1189.12,14315.67
5754,1373,7,1,65,2025-05-10,2025-07-26,2.32,5077.57,42573.98
5755,1510,20,2,99,2025-09-07,2026-02-18,3.49,5251.6,88064.98
5756,341,14,2,41,2025-11-09,2026-02-11,1.28,2001.46,26190.56
5757,198,19,1,59,2025-05-18,2025-09-21,2.53,3338.47,55822.98
5758,1235,20,2,44,2025-07-21,2025-11-21,1.22,2873.81,61582.67
5759,1623,41,3,2,2025-07-10,2025-11-27,4.36,8766.94,129460.15
5760,245,19,2,47,2025-08-24,2025-12-25,3.54,5742.65,193107.74
5761,1614,20,2,59,2025-05-15,2025-08-15,5.22,8419.49,135274.94
5762,1671,23,3,75,2025-10-22,2026-02-06,1.18,2197.59,56523.23
5763,737,19,2,89,2025-11-16,2026-03-22,3.84,5467.79,175484.54
5764,598,41,1,93,2025-11-16,2026-04-06,4.09,4419.55,49690.46
5765,83,14,1,6,2025-09-15,2026-01-10,6.5,11905.7,289303.14
5766,1187,1,1,38,2025-12-17,2026-04-27,1.04,1215.61,40845.98
5767,911,14,1,80,2025-04-13,2025-07-15,8.12,12091.19,174377.19
5768,1119,19,2,49,2025-10-20,2026-03-16,1.46,1851.48,51842.44
5769,902,19,1,1,2025-09-15,2025-12-02,3.29,6294.71,69430.25
5770,958,20,2,17,2025-02-18,2025-05-07,0.55,1170.57,25872.52
5771,903,1,2,79,2025-03-11,2025-06-06,2.4,4098.51,43986.72
5772,923,19,2,33,2025-03-07,2025-06-15,3.44,6655.07,186627.6
5773,494,1,3,37,2025-04-03,2025-08-23,1.13,1905.57,55085.68
5774,1575,1,3,17,2025-12-15,2026-05-18,7.95,12086.86,303954.46
5775,135,19,2,92,2025-05-16,2025-07-30,6.23,13393.96,302478.57
5776,42,1,1,95,2025-11-19,2026-04-02,0.51,1140.83,21862
5777,1704,2,3,14,2025-06-06,2025-08-24,2.9,4598.23,114466.98
5778,1086,2,2,28,2025-02-23,2025-06-17,1.37,1527.76,68092.36
5779,215,1,3,21,2025-01-17,2025-07-14,3.38,3405.93,133835.3
5780,1220,20,2,35,2025-02-09,2025-06-04,0.56,1299.72,19916.79
5781,1557,14,3,50,2025-04-22,2025-07-09,2.38,5387.75,40910.96
5782,760,41,3,78,2025-06-14,2025-09-14,8.42,7866.39,197517.19
5783,1591,20,1,29,2025-11-08,2026-03-08,2.12,4709.27,97844.78
5784,560,19,2,22,2025-06-16,2025-11-24,4.04,5508.09,65827.73
5785,1624,19,2,20,2025-03-20,2025-07-08,0.66,690.72,10386.4
5786,1134,16,3,50,2025-10-05,2026-01-07,11.33,24085.07,187901.34
5787,313,2,3,13,2025-02-10,2025-04-30,1.42,2272.8,36273.72
5788,685,1,1,47,2025-12-04,2026-04-09,0.49,501.58,19069.26
5789,731,23,2,98,2025-03-03,2025-06-26,2.82,4601.98,66222.63
5790,69,41,3,42,2025-06-19,2025-11-20,2.02,2963.9,101919.28
5791,10,19,1,50,2025-01-23,2025-06-29,1.88,2710.3,68522
5792,763,16,1,34,2025-11-23,2026-04-06,5.79,13526.12,310548.35
5793,298,14,1,85,2025-06-04,2025-11-08,1.09,1165.26,53498.45
5794,795,1,1,49,2025-09-22,2026-02-14,3.31,6444.27,131108.1
5795,1236,7,3,56,2025-08-16,2026-01-16,3.35,3685.11,72658.37
5796,302,19,2,25,2025-12-08,2026-06-04,1.39,2318.52,63176.77
5797,74,2,2,66,2025-11-11,2026-02-08,2.28,3048.99,79072.83
5798,438,19,2,68,2025-06-25,2025-10-29,0.53,792.55,6701.5
5799,1349,19,1,89,2025-04-19,2025-10-14,3.72,8751.8,111131.9
5800,992,20,2,70,2025-02-08,2025-07-20,2.13,4230.48,28692.13
5801,1638,19,1,24,2025-06-11,2025-11-07,3.07,3464.99,69001.37
5802,1223,19,2,87,2025-04-20,2025-08-17,0.92,1820.28,41593.95
5803,440,2,2,39,2025-04-19,2025-07-11,0.92,1195.26,32372.27
5804,1472,2,1,63,2025-10-18,2026-02-15,5.35,5878.45,224574.43
5805,1607,20,3,8,2025-05-12,2025-10-09,8.94,15127.44,181182.73
5806,1652,1,1,5,2025-10-19,2026-03-28,1.26,1733.32,63836.75
5807,89,20,1,59,2025-01-19,2025-04-11,0.82,1758.83,22776.09
5808,959,23,1,95,2025-02-02,2025-06-04,4.84,6590.74,199554.52
5809,251,2,2,59,2025-02-17,2025-07-04,4.08,8090.12,49459.65
5810,524,23,2,43,2025-04-06,2025-07-09,0.44,791.49,23786.65
5811,1209,1,1,52,2025-03-06,2025-08-18,3.92,6598.11,136583.4
5812,447,19,2,34,2025-07-05,2025-10-07,3.83,6781.17,135332.65
5813,1797,2,1,30,2025-03-23,2025-07-22,0.65,1346.73,13182.37
5814,929,14,2,63,2025-02-14,2025-06-14,1.02,1073.71,49180.05
5815,1018,14,1,12,2025-11-10,2026-02-21,0.93,963.37,37806.53
5816,1172,14,2,21,2025-07-02,2025-12-10,4.15,8854.28,140427.65
5817,1135,20,2,8,2025-02-12,2025-07-04,3.97,5805.63,199777.89
5818,1497,20,3,32,2025-11-11,2026-03-07,2.06,2910.89,71349.25
5819,895,20,2,40,2025-06-18,2025-10-18,1.59,2965.99,72973.5
5820,13,20,2,17,2025-02-11,2025-06-11,1.21,1902.89,58365.98
5821,253,20,2,16,2025-01-22,2025-05-20,2.52,6026.37,121122.72
5822,1750,23,2,2,2025-10-04,2026-02-28,8.07,11453.87,191423.45
5823,771,19,3,74,2025-03-23,2025-09-02,1.13,1663.12,30838.76
5824,208,20,1,58,2025-11-09,2026-02-06,3.77,9021.73,109067.22
5825,273,41,2,12,2025-07-22,2025-10-09,1.94,2491.11,88614.9
5826,771,19,2,80,2025-04-02,2025-07-31,1.29,2726.37,44885.3
5827,5,1,3,8,2025-04-19,2025-09-03,0.43,730.31,20418.13
5828,624,1,2,13,2025-08-21,2025-12-18,3.54,4006.21,168333.75
5829,1187,1,3,39,2025-09-03,2026-02-23,8.7,19577.31,281144.48
5830,1280,7,3,12,2025-01-22,2025-05-20,2.73,3036.84,137716.29
5831,256,20,2,100,2025-10-25,2026-03-07,6.24,9676.28,184963.29
5832,1190,14,2,39,2025-06-24,2025-10-21,4.84,8234.96,141420.76
5833,572,20,2,74,2025-07-09,2025-11-30,0.86,1793.89,27450.11
5834,676,20,3,76,2025-08-17,2025-11-26,7.75,12262.28,272490.52
5835,28,19,1,23,2025-12-10,2026-04-25,4.2,4168.82,77186.73
5836,41,20,1,15,2025-10-16,2026-03-23,8.51,19184.93,130556.15
5837,365,23,2,54,2025-06-13,2025-12-02,2.31,2618.55,83389.8
5838,1766,16,3,7,2025-05-09,2025-09-30,1.55,3317.03,65926.75
5839,1797,19,2,41,2025-10-01,2026-02-02,0.73,1607.05,29926.44
5840,506,19,1,57,2025-08-02,2026-01-18,0.7,1458.01,10790.52
5841,1023,19,3,60,2025-06-18,2025-12-12,4.34,8251.2,204034.98
5842,568,2,2,93,2025-05-09,2025-09-24,2.06,2022.14,69424.67
5843,1547,19,3,37,2025-06-18,2025-11-12,5.74,12365.83,107565.89
5844,1711,19,3,71,2025-10-02,2025-12-18,7.04,15054.88,300569.21
5845,515,19,3,53,2025-01-08,2025-06-22,3.52,7810.4,147393.57
5846,842,1,2,51,2025-08-22,2025-11-22,6.85,6201.72,331910.84
5847,46,14,3,44,2025-12-24,2026-03-15,2.12,2688.32,87833.84
5848,800,1,2,21,2025-12-18,2026-05-11,2.79,3402.45,129477.56
5849,1624,14,3,62,2025-11-03,2026-03-26,0.82,1825.88,22959.35
5850,1726,1,3,30,2025-07-11,2026-01-07,0.81,741.72,12846.72
5851,335,20,1,20,2025-08-07,2025-12-11,0.76,1813.14,20449.66
5852,761,23,3,80,2025-03-13,2025-08-06,1.81,2640.81,57800.71
5853,816,7,2,80,2025-12-18,2026-06-04,6.84,15141.32,162846.74
5854,46,20,3,82,2025-09-18,2026-01-25,0.92,1368.93,15877.27
5855,44,23,2,57,2025-07-06,2025-09-29,1.75,1709.99,23156.66
5856,976,2,3,68,2025-07-03,2025-10-20,5.73,13487.34,127414.05
5857,28,14,1,97,2025-07-04,2025-12-01,5.95,8878.05,310977.8
5858,1141,14,3,93,2025-02-25,2025-06-07,4.23,9131.56,70239.51
5859,107,19,1,77,2025-04-21,2025-10-04,3.97,7390.75,184518.71
5860,451,19,2,44,2025-06-01,2025-08-18,2.12,3600.09,75991.72
5861,1545,19,1,13,2025-01-24,2025-04-28,0.87,1522.55,29832.49
5862,742,14,1,82,2025-09-19,2025-12-27,1.89,2578.4,32327.75
5863,131,20,3,86,2025-03-13,2025-08-30,1.38,2538.33,73045.04
5864,1124,1,3,31,2025-11-03,2026-02-06,0.45,1001.73,7578.92
5865,1324,20,1,89,2025-06-10,2025-09-14,2.54,3791.01,109403.61
5866,761,23,2,48,2025-02-25,2025-05-21,2.76,5089.92,96528.05
5867,1116,7,3,94,2025-12-25,2026-05-16,6.15,7808.01,264206.28
5868,233,7,3,14,2025-09-16,2026-01-16,2.59,4282.29,86991.05
5869,1509,1,3,31,2025-11-05,2026-02-07,3.63,6618.28,138859.61
5870,21,19,3,66,2025-05-10,2025-08-14,10.54,20915.23,424670.64
5871,1104,20,2,91,2025-08-22,2025-12-31,2.31,5034.43,112514.42
5872,1696,1,3,13,2025-03-09,2025-07-22,0.53,994.46,6802.05
5873,1703,14,2,50,2025-11-24,2026-04-28,2.2,4851.64,53356.39
5874,25,7,2,22,2025-12-24,2026-04-29,4.09,4885.05,147184.53
5875,1421,2,2,57,2025-06-11,2025-12-05,1.37,2198.01,74712.76
5876,814,1,3,22,2025-04-05,2025-07-12,3.43,4774.15,84710.06
5877,683,19,2,87,2025-07-01,2025-10-03,0.94,1530.46,44563.51
5878,1214,19,3,95,2025-02-25,2025-05-18,1.67,1864.88,24684.99
5879,1347,7,2,97,2025-12-22,2026-03-19,2.38,2914.97,84888.75
5880,163,20,3,73,2025-03-21,2025-09-03,0.83,1673.72,32566.06
5881,1171,1,1,17,2025-08-15,2025-11-08,6.07,13022.45,91241.21
5882,517,41,1,31,2025-11-13,2026-03-14,3.69,5760.84,175971.33
5883,1471,20,1,52,2025-01-13,2025-07-05,6.17,9211.64,316358.3
5884,106,16,2,53,2025-09-25,2026-01-14,3.27,3489.51,143824.21
5885,1118,1,2,38,2025-07-15,2025-12-05,3,5401.29,127275.22
5886,85,1,1,4,2025-02-10,2025-07-21,2.59,5909.15,110841.88
5887,1303,19,2,51,2025-05-03,2025-09-07,3.68,5766.1,165579.13
5888,162,1,2,32,2025-03-06,2025-06-27,1.96,4657.31,34503.58
5889,986,1,3,45,2025-03-11,2025-07-30,2.07,2157.17,104780.27
5890,1142,14,1,24,2025-12-09,2026-02-25,1.33,2305.01,68584.02
5891,515,19,2,74,2025-09-15,2026-02-17,3.25,4139.05,72223.71
5892,1620,7,3,54,2025-12-21,2026-05-08,3.14,5517.35,135161.15
5893,1043,20,2,54,2025-06-19,2025-10-15,1.08,1251.07,22143.93
5894,1163,2,1,84,2025-11-12,2026-03-29,2.48,5401.44,126902.87
5895,618,16,1,58,2025-02-01,2025-06-24,6.86,14504.7,140168.44
5896,1265,23,2,47,2025-01-22,2025-06-17,10.27,17923.38,295572.63
5897,870,20,1,51,2025-05-03,2025-10-28,0.98,983.44,22092.66
5898,1796,20,2,22,2025-06-01,2025-11-08,3.32,3122.59,118810.3
5899,967,19,1,84,2025-08-04,2025-12-21,6.63,7007.41,246538.99
5900,1512,1,1,89,2025-08-10,2025-11-16,7.32,10618,95481.75
5901,63,16,3,24,2025-11-04,2026-02-14,6,9835.34,221696.5
5902,1291,19,1,9,2025-12-17,2026-04-16,2.36,4140.12,58537.85
5903,577,14,3,99,2025-08-06,2025-12-18,4.37,5316.99,167619.8
5904,515,19,2,66,2025-10-15,2026-02-03,3.5,4578.74,103085.45
5905,629,19,1,36,2025-03-20,2025-08-13,1.41,1612.64,74041.62
5906,487,41,1,38,2025-06-14,2025-11-18,0.9,1877.73,28024.89
5907,447,1,1,28,2025-05-11,2025-09-25,1.2,1172.26,46441.74
5908,23,14,1,51,2025-12-16,2026-06-14,0.91,2087.11,24542.85
5909,186,41,3,82,2025-05-16,2025-08-31,5.73,5945.26,103985.85
5910,1080,14,3,12,2025-08-21,2025-12-16,4.05,8841.64,119749.03
5911,1221,19,3,92,2025-06-16,2025-11-22,0.85,1948.53,26878.2
5912,1159,19,1,71,2025-01-03,2025-06-24,5.78,11892.48,169432.88
5913,1532,16,3,51,2025-04-08,2025-08-21,2.17,5084.03,40835.72
5914,1380,20,1,75,2025-08-12,2026-01-04,0.72,880.23,26811.56
5915,863,2,2,13,2025-11-04,2026-03-08,2.32,2988.59,93591.5
5916,1082,2,2,18,2025-07-25,2025-10-12,3.02,3918.22,161614.48
5917,1175,20,1,39,2025-07-07,2025-10-13,3.26,4294.53,46327.7
5918,536,1,1,47,2025-12-06,2026-04-28,9.48,18267.61,503128.5
5919,860,19,3,43,2025-11-16,2026-02-11,3.64,5644.65,153808.76
5920,750,1,2,71,2025-05-02,2025-09-23,4.63,8002.9,230550.01
5921,555,7,1,99,2025-11-16,2026-03-08,0.91,1267.08,21601.3
5922,662,2,1,2,2025-10-06,2026-02-27,0.87,1067.07,42909.54
5923,1095,2,1,84,2025-11-05,2026-05-04,3.61,6138.12,133324.69
5924,345,1,2,27,2025-12-22,2026-04-07,0.44,786.6,14962.86
5925,520,20,3,84,2025-02-03,2025-05-18,1.86,2879.03,39754.06
5926,557,1,1,57,2025-11-20,2026-03-15,3.74,5762.84,74140.46
5927,725,7,2,70,2025-03-13,2025-07-18,2.25,4918.92,74357.72
5928,130,20,3,37,2025-01-20,2025-07-08,7.85,9138.05,214691.07
5929,1604,14,1,67,2025-02-11,2025-07-01,9.41,21864.25,356404.17
5930,141,20,2,16,2025-09-11,2025-12-10,1.95,3675.21,86922.57
5931,789,20,2,86,2025-11-25,2026-02-21,3.61,5159.82,115391.65
5932,204,1,1,91,2025-02-01,2025-05-03,7.46,10664.5,291775.46
5933,1342,19,2,15,2025-07-22,2025-11-29,0.42,479.14,5753.07
5934,1397,1,1,32,2025-10-23,2026-02-25,2.86,4073.85,133576.61
5935,536,1,2,14,2025-07-14,2025-10-25,5.47,6589.92,295853.52
5936,386,1,1,93,2025-02-08,2025-07-01,0.99,1190.46,39951.48
5937,490,1,2,51,2025-03-02,2025-06-22,0.54,1255.59,14069.88
5938,874,19,1,3,2025-06-16,2025-10-20,2.26,3724.89,85170.75
5939,929,14,2,94,2025-07-06,2025-11-18,1.47,1921.47,26820.74
5940,1373,41,3,19,2025-05-03,2025-10-27,7.32,7098.96,359732.35
5941,1592,2,1,5,2025-04-17,2025-09-30,11.12,25847.58,603782.54
5942,1029,19,2,59,2025-07-13,2025-10-05,0.86,920.58,24025.09
5943,1098,1,2,84,2025-08-03,2025-11-16,10.39,18270.62,289981.33
5944,825,19,1,73,2025-01-10,2025-05-09,6.67,12259.11,139112.79
5945,570,1,3,99,2025-06-09,2025-11-17,4.56,7876.49,223956.79
5946,463,7,3,6,2025-06-08,2025-09-01,1.4,2844.21,58647.85
5947,1347,7,3,95,2025-01-05,2025-05-11,3.36,4830.29,137559.16
5948,22,19,1,73,2025-05-02,2025-08-03,1.14,1953.71,16664.82
5949,1012,41,3,41,2025-11-16,2026-02-04,3.25,4200.07,148470.6
5950,219,20,2,22,2025-04-12,2025-07-31,7.4,10145.59,371406.68
5951,1278,19,2,3,2025-01-21,2025-07-13,5.67,13463.05,251795.27
5952,431,20,2,32,2025-12-03,2026-04-18,5.01,6724.24,255453.18
5953,1557,14,2,29,2025-03-13,2025-08-14,4.74,8484.37,109751.69
5954,1061,2,1,60,2025-09-09,2025-11-28,4.37,8413.46,136172.93
5955,1650,1,2,9,2025-04-16,2025-08-16,1.74,3177.29,68204.44
5956,1239,1,2,36,2025-08-18,2025-12-11,2.37,2738.25,55982.89
5957,374,19,2,35,2025-11-18,2026-04-13,3.19,5012.72,153400.59
5958,232,19,3,53,2025-04-02,2025-09-03,7.17,9451.29,298934.32
5959,910,23,2,26,2025-11-10,2026-04-23,2.52,3435.66,99844.75
5960,352,19,3,96,2025-04-11,2025-10-03,2.77,3171.69,126888.39
5961,91,20,1,43,2025-08-04,2026-01-11,0.56,1282.05,14326.34
5962,1219,1,3,24,2025-01-19,2025-05-06,4.88,9795.09,135999.78
5963,714,20,3,31,2025-09-07,2026-01-24,1.12,2618.33,44809.23
5964,1408,19,3,82,2025-08-22,2025-12-21,0.91,1113.21,21664.38
5965,1062,19,2,12,2025-12-21,2026-05-26,2.6,2648.15,127704.74
5966,1164,19,2,95,2025-07-13,2026-01-04,2.07,4156.18,71262.07
5967,215,2,2,39,2025-04-23,2025-08-31,5.43,12929.61,99770.59
5968,9,19,3,84,2025-09-08,2025-12-14,5.04,6919.24,86005.39
5969,1101,20,1,20,2025-05-01,2025-08-23,1.23,1204.11,61086.18
5970,1066,20,3,8,2025-12-18,2026-05-11,4.42,6504.83,114785.07
5971,1371,19,2,4,2025-09-06,2026-02-20,2.39,5141.33,95912.96
5972,1491,1,2,48,2025-01-03,2025-04-08,1.26,1448.89,44018.02
5973,1325,19,1,91,2025-02-10,2025-07-22,10.95,14390.4,297009.04
5974,464,20,1,31,2025-12-25,2026-04-18,1.62,1699.36,82294.93
5975,780,20,2,40,2025-11-10,2026-03-22,0.91,1167.62,35898.93
5976,319,7,1,39,2025-06-12,2025-09-04,3.7,6548.37,116932.39
5977,572,16,3,34,2025-07-12,2025-10-23,2.12,2172.71,113822.33
5978,1017,19,3,32,2025-01-16,2025-05-14,1.34,2844.61,62398.6
5979,1050,20,3,4,2025-08-07,2025-10-25,1.73,3905.31,94398.27
5980,966,19,3,74,2025-08-10,2025-11-19,4.93,6009.55,204811.1
5981,516,2,3,94,2025-11-07,2026-03-31,3.48,3751.29,117655.52
5982,1070,20,1,66,2025-09-04,2026-01-18,1.15,2269.37,50167.51
5983,1395,14,2,14,2025-09-23,2025-12-17,6.09,6698.93,111810.56
5984,561,1,3,61,2025-12-08,2026-04-08,1.85,2563.97,49875.34
5985,1117,14,2,48,2025-05-01,2025-09-10,3.34,4911.77,94608.89
5986,1621,14,2,20,2025-07-06,2025-12-11,1.52,2559.54,69055.67
5987,829,19,2,70,2025-08-15,2025-12-17,1,2302.67,26657.33
5988,978,20,1,11,2025-03-06,2025-07-23,0.51,1004.24,27798.85
5989,88,1,2,17,2025-07-04,2025-10-02,0.98,1315.5,30849.05
5990,1456,1,2,87,2025-06-14,2025-11-01,2.09,4258.86,98844.73
5991,1109,16,3,75,2025-08-06,2025-12-15,6.73,13001.32,257740.25
5992,1763,14,2,89,2025-08-01,2025-12-21,3.64,5250.74,79918.28
5993,1523,16,2,5,2025-12-09,2026-05-25,4.04,4660.81,169106.06
5994,214,14,3,28,2025-02-08,2025-06-06,0.88,2097.21,29596.25
5995,314,19,3,40,2025-11-22,2026-03-12,1.69,1709.46,79262.53
5996,603,23,1,38,2025-12-20,2026-05-02,1.11,1437.99,48638.33
5997,1630,20,1,5,2025-06-07,2025-09-04,2.68,3959.79,143474.43
5998,1409,23,1,59,2025-04-10,2025-08-24,0.89,1614.72,25548.52
5999,451,14,2,97,2025-05-21,2025-11-09,5.24,5478.58,81591.15
6000,1321,23,3,5,2025-01-03,2025-04-21,2.96,4951.43,107657.76
6001,47,14,2,35,2025-09-10,2026-01-01,1.08,2082.95,53992.9
6002,857,2,3,63,2025-07-24,2025-11-18,3.78,8833.57,59317.76
6003,1217,19,3,21,2025-10-21,2026-03-16,8.5,11290.66,360784.68
6004,1033,14,1,21,2025-07-02,2025-11-16,8.14,14222.56,262243.86
6005,888,14,2,39,2025-11-14,2026-04-06,2.35,3286.13,79271.52
6006,1682,7,3,68,2025-12-06,2026-03-16,0.9,1980.98,32013.38
6007,95,1,3,50,2025-10-03,2026-03-17,6.95,15033.22,131818.12
6008,155,23,1,49,2025-01-22,2025-04-10,3.8,5672.39,161269.23
6009,1763,23,2,78,2025-05-08,2025-07-28,2.32,4050.09,87317.35
6010,249,20,1,81,2025-10-12,2026-02-02,1.62,1963.73,21560.9
6011,898,16,1,9,2025-08-04,2025-11-16,2.25,4087.57,90130.96
6012,655,20,1,79,2025-06-08,2025-11-30,2.54,4465.93,63108.02
6013,1540,1,1,1,2025-07-17,2025-11-26,2.22,3649.08,117636.14
6014,1431,16,1,33,2025-12-04,2026-04-17,7.26,6930.61,385679.82
6015,1663,14,1,15,2025-08-20,2026-01-21,0.43,763.2,21584.77
6016,1163,2,1,67,2025-11-06,2026-01-20,1.41,2602.91,72428.87
6017,439,19,3,28,2025-06-11,2025-10-05,7.04,13815.62,108430.28
6018,1459,41,1,69,2025-11-10,2026-02-02,9.54,11296.35,342600.02
6019,471,19,3,64,2025-02-15,2025-06-18,5.85,6227.35,93174.35
6020,641,19,1,42,2025-09-22,2026-01-23,9.19,20492.41,315528.69
6021,493,23,3,86,2025-05-17,2025-08-24,3.91,3534.78,81395.36
6022,229,16,1,53,2025-01-22,2025-04-22,3.97,4318.87,56033.33
6023,942,2,2,92,2025-05-07,2025-09-04,6.4,11981.58,348331.74
6024,182,1,1,71,2025-06-19,2025-09-30,1.96,3688.21,107478.49
6025,1641,19,3,2,2025-04-23,2025-07-20,0.85,1254.81,28670.15
6026,220,20,1,31,2025-01-21,2025-06-25,1.75,1727.96,32257.24
6027,493,1,3,16,2025-10-07,2026-02-06,1.01,1227.34,35861.48
6028,1219,1,2,92,2025-07-09,2025-12-20,7.11,9550.04,187534.37
6029,741,14,1,38,2025-11-01,2026-03-06,1.91,3401,62864.42
6030,1110,19,1,28,2025-07-25,2025-12-20,1.38,2470.81,28065.14
6031,1345,14,1,97,2025-10-19,2026-03-25,4.83,5133.43,105931.59
6032,622,16,3,40,2025-02-07,2025-08-02,5.38,6045.84,106866.45
6033,988,14,2,99,2025-04-14,2025-10-01,2.19,4765.77,67621.01
6034,767,14,1,31,2025-07-16,2026-01-05,1.25,2037.55,25728.63
6035,251,2,1,31,2025-10-12,2026-03-22,5.37,8385,247759.61
6036,1215,23,1,84,2025-12-09,2026-06-05,0.75,1463.78,27727.79
6037,1249,23,2,38,2025-02-06,2025-06-09,1.26,2854.64,20318.85
6038,360,1,1,48,2025-01-10,2025-05-13,1.02,2059.51,51763.95
6039,573,14,3,74,2025-02-17,2025-05-24,3.81,4829.42,154423.86
6040,1097,19,1,47,2025-03-20,2025-06-06,0.41,769.38,13232.52
6041,692,1,3,70,2025-12-05,2026-02-22,1.05,2043.83,52354.22
6042,30,19,1,12,2025-06-25,2025-10-01,0.78,710.53,20738.03
6043,490,1,1,97,2025-11-19,2026-02-02,5.11,8403.16,225244.07
6044,851,19,1,25,2025-05-15,2025-09-27,4.95,11691.92,163725.79
6045,997,41,1,7,2025-03-08,2025-09-04,7.4,15038.82,349471.9
6046,2,14,2,87,2025-07-24,2026-01-05,1.22,2239.37,52204.23
6047,600,2,1,54,2025-10-22,2026-04-04,5.5,10886.96,244442.14
6048,820,1,1,42,2025-07-20,2025-12-09,0.76,1211.33,11611.51
6049,496,20,3,81,2025-01-15,2025-06-01,3.4,4892.56,118226.01
6050,1746,2,1,56,2025-08-13,2025-11-21,2.44,3353.73,83171.01
6051,1011,20,2,42,2025-06-05,2025-09-15,1.47,2422.61,18147.19
6052,821,14,3,25,2025-02-06,2025-07-26,10.23,13471.55,250839.44
6053,1166,19,3,7,2025-02-11,2025-05-04,6.26,8379.27,156879.78
6054,609,19,2,21,2025-12-17,2026-06-15,1.5,1495.94,52455.68
6055,6,20,3,25,2025-09-08,2026-02-22,2.72,2694.39,98711.98
6056,1362,7,3,76,2025-09-13,2026-03-10,5.91,7277.56,233219.67
6057,1748,19,2,7,2025-12-04,2026-05-24,1.61,1561.82,43251.83
6058,1029,19,2,43,2025-05-02,2025-09-10,1.75,2737.57,77520.22
6059,1339,19,1,47,2025-12-11,2026-05-15,2.39,4919.94,63241.29
6060,1331,19,3,90,2025-07-22,2026-01-08,5.88,8632.09,211342.71
6061,1705,19,2,79,2025-04-09,2025-09-09,5.32,8051.88,286990.07
6062,1601,1,2,49,2025-06-02,2025-09-10,1.99,4182.29,71744.84
6063,950,19,3,9,2025-04-19,2025-10-12,0.86,1033.2,27575.36
6064,133,19,1,55,2025-09-01,2026-01-19,0.64,1426.36,18140.32
6065,1177,14,2,77,2025-08-05,2026-01-01,7.76,10431.98,335640.75
6066,913,20,3,43,2025-01-07,2025-05-16,5.97,5833.16,153308.19
6067,127,1,2,90,2025-07-10,2025-12-09,1.55,2551.79,25558.75
6068,1120,14,3,81,2025-02-03,2025-06-02,0.79,742.81,36737.74
6069,1107,41,1,40,2025-12-15,2026-02-28,0.68,1536.83,14823.13
6070,1376,20,3,51,2025-10-24,2026-02-23,2.22,4652.74,74990.12
6071,1531,19,2,84,2025-01-25,2025-06-17,4.28,7202.12,70534.99
6072,852,20,2,12,2025-06-01,2025-11-23,5.19,11956.42,183891.33
6073,677,20,1,17,2025-10-02,2026-01-17,2.51,2529.5,74044.83
6074,1746,19,1,1,2025-09-11,2026-03-02,3.82,6479.55,57084.86
6075,531,23,3,100,2025-05-19,2025-11-01,4.39,10535.63,222099.17
6076,553,2,1,4,2025-08-18,2025-12-25,6.86,14461.72,353407.14
6077,46,14,2,48,2025-01-11,2025-06-11,4.52,10832.88,90724.63
6078,401,19,2,28,2025-11-03,2026-04-26,1.92,1787.54,68026.72
6079,787,20,1,58,2025-01-03,2025-05-10,5.93,9969.81,161369.9
6080,1705,19,2,88,2025-04-05,2025-08-27,6.62,14708.14,280678.69
6081,1153,20,1,42,2025-06-11,2025-12-07,6.6,6473.05,314997.46
6082,624,1,1,99,2025-03-08,2025-05-30,8.81,12173.22,354583.28
6083,306,1,3,53,2025-06-01,2025-10-30,3.54,4372.66,167863.55
6084,628,14,3,58,2025-12-02,2026-04-13,5.54,9625.47,124423.23
6085,1618,20,3,72,2025-02-14,2025-06-12,1.03,1040.78,26946.26
6086,1773,20,2,52,2025-09-21,2026-02-01,1.19,1235.18,21457.8
6087,1432,19,3,70,2025-07-12,2025-09-30,0.85,1993.94,35406.08
6088,1135,1,3,2,2025-09-14,2026-01-10,3.74,3392.97,181041.61
6089,1547,19,3,22,2025-08-19,2025-12-25,6.72,12527.72,224442.49
6090,1203,16,1,44,2025-06-22,2025-10-12,2.03,2789.43,57343.35
6091,1206,19,2,69,2025-04-07,2025-10-01,3.03,5940.05,156427.18
6092,578,1,3,43,2025-04-09,2025-07-09,0.81,859.76,21400.17
6093,798,16,3,94,2025-07-25,2026-01-03,1.03,1489.69,37653.25
6094,1727,20,1,28,2025-09-06,2025-12-11,6.68,15927.21,300059.94
6095,1493,20,3,63,2025-06-16,2025-10-07,3.1,6444.85,71259.12
6096,604,1,3,49,2025-07-05,2025-09-21,1.76,3453.72,88260.82
6097,111,7,2,59,2025-08-12,2025-11-15,7.13,11778.16,281963.89
6098,1095,19,3,53,2025-05-22,2025-08-17,3.65,5855.86,135269.2
6099,365,23,2,39,2025-06-05,2025-10-19,8.25,7496.05,392414.65
6100,952,20,1,15,2025-01-11,2025-04-29,5.48,12735.32,92656.38
6101,1140,14,1,91,2025-11-13,2026-05-11,2.14,4674.46,28418.63
6102,1265,23,3,47,2025-11-18,2026-02-01,9.97,21727.1,546174.89
6103,429,16,1,54,2025-04-20,2025-08-09,3.16,4273.17,101376.65
6104,124,16,1,9,2025-10-10,2025-12-29,9.99,9366.43,494330.93
6105,1254,23,1,25,2025-02-13,2025-05-04,2.75,2971.42,44841.29
6106,437,19,1,42,2025-12-19,2026-03-06,6.14,14498.69,113706.61
6107,1560,19,2,93,2025-02-16,2025-07-29,6.21,10516.07,180548.14
6108,185,7,3,99,2025-01-03,2025-04-29,3.06,7047.23,158725.24
6109,1250,1,1,91,2025-01-15,2025-05-05,4.38,8729.06,76139.64
6110,944,19,2,66,2025-10-12,2026-02-04,7.91,10890.76,400631.31
6111,473,1,3,99,2025-01-22,2025-06-22,4.95,11749.41,62916.57
6112,1520,19,3,67,2025-10-16,2026-02-27,5.21,11467.39,236541.29
6113,1724,1,3,98,2025-05-04,2025-08-14,0.65,683.34,31748.93
6114,643,41,2,90,2025-07-20,2025-11-23,1.21,2154.04,21172.97
6115,802,2,1,91,2025-12-07,2026-05-12,1.61,1591.37,71859.22
6116,800,19,2,58,2025-09-09,2026-02-14,4.86,4609.92,231829.01
6117,1171,14,1,3,2025-01-03,2025-06-14,1.11,1650.67,51645.01
6118,695,20,3,15,2025-07-09,2025-11-21,8.8,16302.97,173999.19
6119,77,20,3,81,2025-11-06,2026-03-19,3.35,7292.43,88838.87
6120,1619,20,3,90,2025-10-03,2026-03-25,0.91,1026.28,43130.35
6121,505,2,1,19,2025-02-18,2025-05-20,3.02,4992.35,142010.16
6122,1033,19,3,45,2025-05-02,2025-08-31,1.79,2298.26,68367.45
6123,1086,2,2,11,2025-05-08,2025-09-21,3.58,8495.16,151267.79
6124,1742,14,3,90,2025-10-19,2026-01-18,0.52,802.11,12050.34
6125,1252,19,1,30,2025-05-19,2025-08-17,1.55,1564.45,66548.58
6126,718,1,2,98,2025-07-02,2025-11-07,2.01,2020.02,24631.53
6127,224,20,1,47,2025-09-24,2026-02-12,3.18,3047.58,163057.61
6128,87,1,1,36,2025-03-15,2025-06-24,0.69,1169.25,19074.94
6129,785,14,2,50,2025-01-16,2025-04-26,3.52,4290.29,65343.43
6130,893,19,3,86,2025-04-03,2025-07-24,9.19,18214.06,276742.47
6131,1620,20,3,42,2025-08-15,2025-11-03,0.97,1415.41,25359.16
6132,294,19,1,47,2025-03-02,2025-08-22,6.44,11486.99,209416.03
6133,51,20,3,6,2025-05-08,2025-08-18,2.48,4678.39,93339.75
6134,1071,20,2,72,2025-08-04,2025-11-14,0.59,979.45,10892.75
6135,6,2,2,65,2025-01-24,2025-04-12,2.71,6265.43,68680.4
6136,223,20,3,45,2025-06-25,2025-10-21,1.9,2271.33,49993.47
6137,1148,14,2,84,2025-03-09,2025-07-22,5.63,10341.59,193629.25
6138,521,1,3,98,2025-01-03,2025-06-01,3.78,6484.01,135803.5
6139,299,19,3,11,2025-12-04,2026-04-02,1.06,2505.59,43618.09
6140,136,1,2,44,2025-09-20,2026-02-17,0.67,970,19920.02
6141,478,20,3,79,2025-09-11,2026-03-03,4.79,10413.89,106467.73
6142,1353,14,3,5,2025-02-21,2025-06-29,6.08,12924.76,92750.92
6143,324,2,2,26,2025-03-14,2025-08-14,2.83,3850.21,144290.45
6144,1540,19,1,70,2025-01-01,2025-05-29,1.4,2871.34,61466.47
6145,430,16,1,83,2025-11-24,2026-04-10,0.81,1654.17,36399.62
6146,1493,16,3,12,2025-05-15,2025-09-07,2.86,3371.28,122667.16
6147,752,2,1,79,2025-05-02,2025-08-22,1.06,1911.15,39253.64
6148,312,2,3,80,2025-10-06,2026-04-02,3.92,9093.36,134150.28
6149,161,1,1,68,2025-04-19,2025-07-24,1.31,1586.97,18611.9
6150,1424,2,2,13,2025-05-22,2025-08-22,4.47,7851.78,174861.6
6151,649,1,3,26,2025-01-06,2025-04-13,6.84,15071.48,204184.23
6152,1610,14,3,26,2025-12-21,2026-04-11,1.32,2788.19,36360.94
6153,1080,14,3,81,2025-11-19,2026-02-25,3.88,6622.55,60621.62
6154,1086,19,3,43,2025-08-24,2025-12-26,0.87,1706.48,36595.34
6155,896,2,3,73,2025-12-12,2026-06-09,6.25,11236.15,323656.31
6156,114,1,3,8,2025-05-23,2025-10-26,1.95,3569.8,80873.88
6157,1250,23,1,84,2025-01-24,2025-05-28,2.91,4805.65,74540.99
6158,264,1,3,53,2025-10-01,2026-03-09,4.99,11755.76,157793
6159,783,7,3,97,2025-11-24,2026-03-28,0.52,601.51,14449.96
6160,30,2,1,42,2025-12-02,2026-04-07,1.27,2887.32,43306.28
6161,114,20,2,78,2025-06-24,2025-09-23,3.82,9073.03,202664.19
6162,1392,1,2,79,2025-11-10,2026-02-27,2.21,2826.44,61544.91
6163,197,19,3,61,2025-04-06,2025-10-01,5.63,5659.32,75891.67
6164,162,19,1,72,2025-03-23,2025-06-08,0.54,886.8,21489.45
6165,163,7,1,51,2025-01-21,2025-06-10,1.26,1545.51,23151.18
6166,1575,1,1,22,2025-04-16,2025-08-02,8.2,18460.21,366569.41
6167,1614,41,1,2,2025-08-05,2026-01-27,6.34,11380.42,147037.93
6168,909,1,2,39,2025-05-13,2025-08-25,1.51,2450.69,63867.98
6169,1766,19,3,62,2025-07-11,2025-12-29,5.37,10501.93,99755.35
6170,219,19,2,22,2025-01-01,2025-04-23,7.94,7535.83,145569.29
6171,465,2,2,84,2025-09-20,2026-02-20,1.85,2508.06,70825.87
6172,309,14,2,17,2025-12-01,2026-02-17,3.02,3962.74,112962.94
6173,1329,2,1,85,2025-02-06,2025-04-23,0.64,1428.76,18474.1
6174,992,20,2,81,2025-01-16,2025-07-13,4.88,7226.92,126662.51
6175,1212,19,3,46,2025-05-07,2025-10-07,2.68,6007.03,82900.52
6176,1143,20,1,60,2025-06-03,2025-09-05,3.55,7808.94,135484.5
6177,1540,2,3,22,2025-01-09,2025-03-31,1.3,2315.45,22719.85
6178,1498,20,2,71,2025-10-08,2026-03-13,1.98,3066.45,42101.62
6179,1653,16,1,35,2025-12-06,2026-05-30,5.18,6015.23,234141.02
6180,862,1,3,66,2025-06-19,2025-10-19,4.27,4691.69,66195.94
6181,1089,14,1,93,2025-12-11,2026-05-11,4.05,9423.46,87118.93
6182,824,1,1,51,2025-09-03,2025-12-19,1.11,2082.89,36403.35
6183,324,2,3,29,2025-03-15,2025-09-02,2.93,2848.75,36516.44
6184,1697,7,1,68,2025-08-06,2026-02-02,2.86,5724.37,127392.5
6185,557,23,1,98,2025-11-17,2026-02-27,1.76,3689.37,65049.48
6186,627,1,2,92,2025-04-05,2025-07-23,2.72,3657.48,140118.74
6187,1601,19,3,99,2025-09-09,2026-02-18,4.26,10016.15,184803.24
6188,1515,1,1,8,2025-09-08,2025-11-27,1.23,1584.4,42012.43
6189,858,20,3,81,2025-07-14,2025-10-04,0.94,1474.5,27230.7
6190,697,19,2,78,2025-12-07,2026-03-06,4.19,4744.99,211070.6
6191,1065,19,2,74,2025-04-06,2025-06-22,1.75,3562.37,74595.02
6192,750,1,1,43,2025-01-17,2025-07-01,4.92,11363.05,232643.97
6193,852,19,3,86,2025-02-19,2025-07-10,2.61,3510.74,47883.91
6194,1543,2,1,82,2025-10-18,2026-02-07,0.63,956.5,15381.45
6195,424,19,2,97,2025-01-17,2025-05-26,4.85,7920.61,128191.78
6196,1473,1,2,41,2025-05-09,2025-08-08,1.99,2275.89,59332.02
6197,995,14,3,30,2025-12-18,2026-03-20,1.05,2077,36204.15
6198,880,2,3,37,2025-08-08,2025-11-22,1.33,2839.04,66512.9
6199,204,20,3,52,2025-09-03,2026-02-11,0.87,2084.81,43679.68
6200,864,19,3,57,2025-03-05,2025-07-16,0.73,1087.2,33880.64
6201,808,1,2,38,2025-08-03,2025-10-27,6.56,7812.45,198535.69
6202,583,1,3,20,2025-06-10,2025-10-08,0.77,1198.99,22526.5
6203,1313,20,3,87,2025-03-14,2025-06-15,0.86,1016.87,22240.78
6204,1159,1,2,82,2025-10-15,2026-01-27,0.57,1058.82,17223.56
6205,767,14,2,5,2025-11-22,2026-04-10,2.18,2842.07,50306.78
6206,770,14,3,31,2025-05-14,2025-10-08,0.58,896.53,21078.95
6207,224,19,3,43,2025-03-04,2025-06-14,4.43,4959.49,220594.86
6208,896,1,3,81,2025-06-11,2025-08-26,1.77,3615.34,27919.48
6209,640,1,2,12,2025-08-06,2025-12-01,5.43,11101.71,148894.48
6210,1312,2,1,53,2025-09-13,2026-02-13,3.75,7872.43,118708.66
6211,1571,19,3,90,2025-02-11,2025-08-04,4.05,5035.48,115530.6
6212,1799,19,1,63,2025-06-16,2025-10-06,5.32,6377.8,137069.5
6213,1778,20,1,52,2025-09-19,2026-02-23,11.18,11724.56,138140.21
6214,868,41,1,96,2025-08-16,2025-11-19,1.6,2774.59,20905.03
6215,1182,19,2,19,2025-10-25,2026-03-10,5.1,11505.92,214660.35
6216,317,7,3,98,2025-10-09,2026-03-24,4.94,8949.36,92518.53
6217,751,2,1,29,2025-01-11,2025-07-06,0.52,838.34,18299.93
6218,1437,2,3,35,2025-08-06,2025-12-08,5.63,5417.47,154179.49
6219,85,2,2,77,2025-09-10,2025-12-12,3.04,5889.76,96155.9
6220,1631,41,2,48,2025-10-03,2026-01-26,5.01,8243.25,114205.07
6221,1622,1,3,9,2025-12-06,2026-03-26,9.27,20182.66,304526.2
6222,1020,1,3,76,2025-01-03,2025-03-21,1.66,3331.36,77527.79
6223,1318,19,1,90,2025-12-07,2026-05-29,1.57,2625.28,72683.77
6224,909,23,3,7,2025-09-02,2026-03-01,6.05,12615.21,257701.68
6225,742,14,3,24,2025-03-12,2025-07-04,1.48,1749.73,51083.6
6226,455,2,3,77,2025-11-20,2026-02-21,0.54,802.39,11335.24
6227,351,1,3,77,2025-07-04,2025-10-24,6.93,15238.21,141712.88
6228,1018,14,2,93,2025-10-04,2026-01-09,2.01,3093.86,73402.75
6229,112,7,2,48,2025-11-25,2026-03-18,1.04,2150.04,19814.96
6230,573,19,1,42,2025-02-25,2025-06-01,7.86,18003.96,417551.79
6231,1416,41,3,25,2025-11-19,2026-05-11,10.51,19708.22,349861.87
6232,1398,19,2,5,2025-08-04,2025-10-19,1.78,2932.92,80454.89
6233,594,2,1,53,2025-03-09,2025-07-26,0.63,1030.09,32792.11
6234,183,1,3,19,2025-10-19,2026-02-07,0.75,977.11,28993.17
6235,799,1,3,81,2025-06-22,2025-12-11,1.25,1851.42,38041.74
6236,901,14,1,62,2025-07-12,2025-11-01,1.23,2652.02,58953.79
6237,1703,14,1,20,2025-11-12,2026-04-29,2.42,5242.92,83869.69
6238,1025,14,3,64,2025-12-05,2026-06-03,5.39,5268.83,127721.86
6239,1778,20,3,87,2025-09-10,2026-02-01,5.92,9770.2,151135.16
6240,1669,20,2,71,2025-05-08,2025-08-01,3.26,3426.98,157296.66
6241,1395,14,2,68,2025-10-13,2026-03-18,4.61,8835.68,216275.03
6242,1352,19,1,5,2025-06-06,2025-12-02,5.05,9730.65,175740.56
6243,523,1,1,88,2025-01-14,2025-04-13,0.48,964.67,24246.58
6244,126,20,3,15,2025-02-22,2025-06-19,1.29,2606.03,45682.21
6245,1144,41,1,67,2025-06-11,2025-11-28,3.21,6262.71,95238.98
6246,252,19,1,90,2025-01-21,2025-06-02,0.7,692.41,11769.86
6247,1798,19,2,71,2025-08-19,2026-01-25,1.47,3418.19,41091.47
6248,191,23,3,79,2025-10-14,2026-03-08,1.99,3929.93,59922.03
6249,1416,20,2,78,2025-09-24,2026-03-20,7.14,16056.45,120028.38
6250,1655,19,1,76,2025-06-22,2025-10-01,4.49,10476.5,189809.94
6251,1346,14,1,19,2025-04-18,2025-07-16,2.25,3396.01,108018.71
6252,1626,19,2,23,2025-02-25,2025-06-14,1.58,3300.59,70639.79
6253,1662,14,1,98,2025-03-09,2025-06-19,0.41,369.17,12632.44
6254,1722,1,1,55,2025-06-04,2025-10-09,8.04,8117.69,393257.27
6255,1063,20,3,30,2025-03-24,2025-07-21,0.44,1055.09,17699.63
6256,644,7,1,77,2025-09-25,2026-03-03,9.25,19550.53,422628.4
6257,415,7,1,66,2025-06-18,2025-12-14,2.54,5085.21,108306.14
6258,317,20,3,85,2025-06-11,2025-11-12,4.32,6420.09,148511.15
6259,1529,2,3,57,2025-01-19,2025-04-10,8.71,18138.69,430315.92
6260,1131,20,2,16,2025-12-06,2026-04-23,0.59,1136.27,21691.18
6261,806,23,1,31,2025-11-16,2026-02-12,1.84,2376.7,24548.19
6262,1258,19,2,10,2025-03-12,2025-06-05,2.2,1989.77,60212.43
6263,1154,7,1,22,2025-07-14,2025-12-11,1.89,3496.27,34320.17
6264,424,1,2,23,2025-02-03,2025-07-13,2.59,2451.97,120131.27
6265,1452,19,3,16,2025-06-09,2025-09-09,1.4,2414.64,27242.85
6266,839,1,1,60,2025-05-14,2025-08-11,0.95,1608.33,44639.75
6267,536,19,3,74,2025-06-09,2025-11-09,3.98,4640.42,134984.21
6268,1413,16,2,22,2025-04-04,2025-07-20,3.33,6916,55736.69
6269,1388,20,3,76,2025-02-11,2025-05-25,0.7,1401.89,11822.69
6270,1563,41,1,7,2025-04-23,2025-10-01,4.22,9794.43,192117.22
6271,1056,19,1,43,2025-04-17,2025-10-06,1.8,3564.14,47171.07
6272,330,19,3,100,2025-05-05,2025-10-26,1,1372.17,42059.36
6273,1355,2,2,59,2025-11-25,2026-03-31,1.94,4412.69,59755.18
6274,1581,2,3,94,2025-09-01,2025-12-01,9.77,17883.35,179880.11
6275,1497,1,1,72,2025-02-13,2025-06-08,2.14,2077.3,86632.96
6276,1379,7,1,24,2025-01-15,2025-07-14,3.15,4839,52468.66
6277,649,14,2,62,2025-04-25,2025-10-21,4.78,7658.26,229674.57
6278,1564,20,1,61,2025-08-21,2026-02-14,1.38,1354.12,62630.04
6279,1535,41,2,30,2025-06-16,2025-09-20,1.52,2458.09,40672.38
6280,1420,7,1,4,2025-06-12,2025-09-03,1.34,1451.21,55222.95
6281,1270,14,1,62,2025-12-07,2026-04-25,5.5,13010.11,149001.07
6282,1276,20,1,88,2025-10-24,2026-03-01,2.81,3606.89,45789.32
6283,241,19,3,39,2025-01-02,2025-05-09,0.42,766.44,21990.4
6284,1189,14,2,85,2025-06-22,2025-09-12,4.39,10022.59,194363.29
6285,938,2,3,68,2025-08-16,2025-12-14,3.24,6783,136700.45
6286,1738,7,3,63,2025-04-07,2025-07-13,0.83,1651.61,21891.24
6287,1690,23,3,55,2025-07-18,2025-11-18,4.36,6734.91,112998.38
6288,506,2,2,23,2025-03-15,2025-08-04,0.45,938.88,23023.38
6289,1523,16,3,70,2025-06-01,2025-10-28,1.9,3868.22,25116.95
6290,1327,2,2,26,2025-09-06,2026-01-01,1.82,2503.51,26237.54
6291,326,1,2,16,2025-05-20,2025-09-12,1.43,2484.46,28741.36
6292,10,1,1,5,2025-12-13,2026-05-17,2.7,3502.16,95959.18
6293,1769,23,2,47,2025-07-21,2025-11-19,4.44,7309.01,81071.95
6294,17,20,1,98,2025-10-17,2026-01-27,4.28,5693.08,145455.66
6295,1113,23,1,98,2025-04-24,2025-08-05,3.89,6350.21,199111.5
6296,1432,16,2,13,2025-11-08,2026-02-18,4.02,7411.04,186249.75
6297,1110,20,3,47,2025-08-05,2025-12-02,1.64,2184.61,47265.18
6298,1736,1,2,45,2025-05-17,2025-09-11,2.84,3537.6,96485.63
6299,892,1,2,57,2025-04-05,2025-06-20,0.61,646.89,8713.98
6300,1145,41,3,51,2025-03-11,2025-06-25,7.41,15687.38,143272.94
6301,921,23,1,20,2025-08-05,2025-12-10,2.9,6350.58,98829.09
6302,1658,19,2,43,2025-10-25,2026-01-29,5.57,9760.86,289969.18
6303,1007,1,2,47,2025-04-18,2025-07-03,1.88,4490.2,47264.85
6304,319,41,3,64,2025-04-24,2025-09-22,1.46,2012.38,73131.81
6305,321,1,3,97,2025-01-04,2025-06-21,1.02,1523.87,43644.29
6306,909,1,1,44,2025-01-12,2025-06-19,10.38,22519.96,207291.55
6307,125,20,1,57,2025-05-24,2025-10-28,1.03,1909.13,25415.84
6308,243,19,3,18,2025-01-12,2025-04-26,6.26,11490.54,176092.62
6309,1508,41,1,32,2025-10-19,2026-02-13,5.27,7374.49,191332.62
6310,1164,19,3,98,2025-03-23,2025-06-13,0.5,1002.69,19331.17
6311,1760,2,3,85,2025-06-15,2025-09-29,3.17,4807.21,115273.06
6312,91,7,3,75,2025-01-10,2025-05-15,4.05,4942.88,169591.44
6313,880,19,1,97,2025-06-08,2025-11-15,1.52,1842.54,25503.92
6314,1584,1,1,34,2025-12-02,2026-05-27,1.46,2387.44,35256.6
6315,521,23,3,44,2025-05-01,2025-08-19,0.98,1951.57,31240.08
6316,723,19,3,88,2025-10-23,2026-01-14,3.83,6147.49,118225.79
6317,3,20,1,56,2025-05-13,2025-11-08,0.75,1188.04,38439.28
6318,740,2,3,73,2025-02-19,2025-06-20,7.34,11940.49,139378.9
6319,506,19,3,87,2025-09-25,2026-02-06,0.86,979.5,23553.55
6320,721,1,2,88,2025-12-19,2026-05-04,0.69,899.9,14906.76
6321,1052,1,3,64,2025-08-14,2025-12-07,0.75,1177.98,34388.77
6322,679,23,2,86,2025-03-17,2025-09-01,0.75,1450.58,19234.55
6323,1534,1,1,67,2025-01-09,2025-04-03,1.83,4193.08,61284.97
6324,242,2,1,70,2025-09-22,2025-12-21,4.34,10333.75,107716.91
6325,1307,19,1,57,2025-04-25,2025-08-22,4.29,9113.62,148158.29
6326,1425,20,1,72,2025-11-18,2026-03-25,1.33,2022.33,64481.8
6327,1436,20,1,20,2025-02-07,2025-06-23,0.94,1401.6,16597.46
6328,902,1,2,76,2025-02-16,2025-05-10,1.1,1935.84,28997.32
6329,1178,19,1,92,2025-09-12,2025-12-15,4.12,5090.7,188258.53
6330,8,1,2,19,2025-02-20,2025-07-26,0.55,1005.89,15509.6
6331,1261,19,2,43,2025-08-16,2026-02-12,4.52,9280.87,203543.16
6332,1019,2,1,52,2025-08-01,2025-11-26,0.71,1102.93,29438.38
6333,61,19,1,86,2025-09-15,2025-11-29,8.51,10025.42,416560.29
6334,379,1,1,41,2025-09-20,2026-03-13,3.93,6494.4,49938.13
6335,580,41,1,31,2025-01-08,2025-04-24,2.99,4822.19,95331.65
6336,1382,1,1,48,2025-04-07,2025-07-31,2.06,4700.83,28557.43
6337,331,1,1,86,2025-09-02,2026-01-28,9.95,13433.7,378382.6
6338,1423,20,2,19,2025-08-05,2025-12-02,5.16,11253.83,159166.69
6339,1634,1,2,84,2025-05-04,2025-10-17,4.05,3679.78,218115.65
6340,888,1,3,9,2025-10-14,2026-01-14,4.48,9576.72,79068.67
6341,675,19,1,75,2025-02-08,2025-06-27,1.53,3256.48,37893.03
6342,47,14,2,66,2025-06-08,2025-11-20,1.96,3154.62,52872.21
6343,1359,14,3,99,2025-02-12,2025-07-10,2.7,2969.39,130660.3
6344,840,1,1,43,2025-05-24,2025-11-19,4.54,6327.01,231744.04
6345,1624,19,1,25,2025-02-20,2025-07-19,0.84,1768.61,37810.98
6346,141,20,1,95,2025-12-11,2026-05-28,2.19,3021.5,71797.36
6347,580,41,1,88,2025-04-04,2025-08-09,3.65,5135.93,180439.37
6348,1705,19,3,20,2025-05-22,2025-08-10,1.97,4223.68,79170.96
6349,1581,1,1,7,2025-11-22,2026-02-27,3.96,3835.74,154494.08
6350,10,2,2,20,2025-04-01,2025-08-07,2.19,4488.26,63750.83
6351,1586,19,1,73,2025-03-11,2025-07-18,1.85,3567.15,54576.12
6352,1680,20,1,6,2025-12-15,2026-04-26,1.85,4234.28,73534.28
6353,1749,23,2,74,2025-04-01,2025-08-28,4.34,9166.3,119837.14
6354,1172,14,1,16,2025-05-06,2025-08-03,3.81,9037.91,114886.1
6355,492,1,3,54,2025-07-25,2026-01-21,1.59,1515.62,75922.33
6356,197,19,3,52,2025-08-02,2026-01-08,10.22,13278.18,487600.94
6357,1136,14,2,87,2025-10-14,2026-03-25,0.73,1132.93,37719.72
6358,1076,20,2,16,2025-06-25,2025-10-17,2.85,5575.42,64299.65
6359,622,16,1,55,2025-02-05,2025-05-03,5.09,9475.18,273670.04
6360,125,20,1,48,2025-05-18,2025-09-30,2.23,2139.03,38962.43
6361,671,1,1,10,2025-05-21,2025-09-11,3.25,6556.81,73901.06
6362,1686,1,1,11,2025-11-13,2026-03-23,4.32,6401.63,57673.22
6363,69,20,1,21,2025-03-14,2025-08-21,6.57,11529,224153.14
6364,30,2,3,81,2025-03-12,2025-07-14,1.42,1806.81,52732.26
6365,1536,20,3,87,2025-10-09,2026-02-27,8.83,15198.12,335184.76
6366,1267,20,2,2,2025-02-11,2025-08-02,1.83,3305.45,33992.76
6367,1195,14,2,54,2025-02-24,2025-08-03,6.33,14925.58,193707.35
6368,1128,19,2,18,2025-06-02,2025-11-26,2.71,5479.56,102313.57
6369,929,19,2,50,2025-01-12,2025-07-11,3.01,3510.86,62226.46
6370,1306,19,1,59,2025-01-19,2025-04-19,0.46,654.66,19507.33
6371,1248,20,1,26,2025-10-19,2026-04-11,4.83,5928.8,182432.37
6372,340,19,1,15,2025-09-07,2026-02-18,6,14350.6,92942.49
6373,1632,20,1,100,2025-02-09,2025-05-28,3.36,6393.92,125079.14
6374,746,1,2,54,2025-01-14,2025-07-08,2.93,3093.71,87214.21
6375,1529,19,1,31,2025-06-12,2025-11-09,0.78,1707.36,30107.75
6376,758,14,3,87,2025-09-17,2026-01-02,1.25,2879.37,31431.3
6377,252,19,2,29,2025-12-04,2026-03-07,3.83,5438.57,179240.48
6378,1392,14,1,8,2025-07-15,2025-12-23,2.95,6708.51,47477.02
6379,149,19,1,48,2025-10-24,2026-02-03,1.36,1273.86,33846.91
6380,1479,19,1,81,2025-01-22,2025-07-03,5.63,7608.1,296269.85
6381,1487,19,3,29,2025-12-11,2026-06-09,3.92,9291.53,129805.82
6382,680,1,1,48,2025-05-01,2025-08-03,5.69,10616.34,275152.55
6383,1523,19,2,52,2025-06-03,2025-09-29,5.49,4955.46,103789.68
6384,894,20,2,74,2025-12-16,2026-05-05,7.22,16092.91,354286.35
6385,171,20,1,54,2025-01-19,2025-04-18,4.38,10342.88,149040.55
6386,487,7,3,15,2025-05-13,2025-11-02,5.84,10803.77,79537.68
6387,1781,1,1,31,2025-10-23,2026-02-11,3.03,7055.15,124201.01
6388,809,20,2,66,2025-01-08,2025-03-31,9.54,21625.16,323339.25
6389,309,19,1,69,2025-10-10,2026-03-27,11.59,16616.89,226338.59
6390,1006,2,3,100,2025-05-04,2025-08-23,2.16,4310.03,83712.47
6391,1528,19,1,33,2025-02-09,2025-06-23,0.67,747.23,8079.54
6392,1339,20,2,27,2025-11-01,2026-04-19,2.94,5183.17,120146.78
6393,25,7,2,52,2025-12-06,2026-04-16,0.69,769.21,25102.66
6394,817,19,1,75,2025-12-05,2026-05-12,6.3,8246.57,322661.24
6395,795,19,1,70,2025-01-25,2025-06-08,2.05,3258.98,74968.1
6396,697,14,2,51,2025-12-20,2026-03-07,6.64,8782.47,139648.84
6397,934,1,2,85,2025-04-18,2025-07-05,3.74,8875.37,48075.44
6398,1568,1,3,6,2025-09-20,2026-03-01,0.88,2002.96,28739.34
6399,327,19,2,33,2025-04-19,2025-08-10,2.3,4568.79,80478.42
6400,36,20,1,9,2025-10-09,2026-02-28,4.74,10118.83,244929.67
6401,1298,19,1,30,2025-10-02,2026-02-03,0.61,1446.99,15825.42
6402,635,20,3,4,2025-11-01,2026-03-13,1.28,2751.97,49822.34
6403,379,20,2,81,2025-04-07,2025-08-15,7.5,17864.83,352710.44
6404,1595,20,1,15,2025-11-03,2026-03-13,3.75,4908.15,66022.36
6405,306,19,2,38,2025-01-03,2025-04-03,0.46,557.58,14715.71
6406,1443,14,1,2,2025-11-19,2026-04-12,1.6,3618.18,76210.27
6407,1012,20,1,82,2025-09-05,2025-12-15,3.49,5860.6,188540.33
6408,158,20,3,58,2025-08-08,2026-01-18,5.92,10374.76,304064.1
6409,847,19,1,11,2025-10-17,2026-01-08,3.34,5886.53,175196.59
6410,1188,19,3,80,2025-08-04,2025-11-03,3.33,3551.24,160515.11
6411,876,2,1,22,2025-11-25,2026-03-18,2.37,3116.58,85027.11
6412,1768,14,3,36,2025-07-22,2025-11-03,5.23,10879.4,182136.99
6413,516,19,2,44,2025-06-23,2025-12-11,8.9,19489.79,475695.98
6414,93,20,2,88,2025-07-24,2026-01-03,1.66,2560.85,64948
6415,342,19,1,90,2025-06-25,2025-11-02,9.89,9494.55,434243.37
6416,22,1,3,4,2025-11-23,2026-05-02,2.36,3281.8,103063.5
6417,740,19,1,58,2025-04-04,2025-08-22,7.65,17268.93,232609.41
6418,719,20,2,43,2025-09-12,2026-01-15,1.68,1857.94,51297.53
6419,320,41,2,92,2025-04-07,2025-08-24,2.17,3864.98,28681.77
6420,80,1,1,3,2025-06-23,2025-10-18,3.45,3230.33,89796.04
6421,458,2,3,20,2025-08-05,2025-10-23,0.59,882.56,14237.95
6422,1793,20,2,61,2025-12-04,2026-05-28,1.54,2902.66,64769.25
6423,308,1,3,33,2025-01-17,2025-05-15,1.8,4211.99,42170.15
6424,1319,14,2,76,2025-09-11,2026-02-15,2.23,2964.02,121031.59
6425,310,14,1,1,2025-09-17,2026-01-25,0.5,839.83,20294.89
6426,1725,20,1,82,2025-05-20,2025-09-03,2.57,5281.33,114637.32
6427,1344,2,3,79,2025-10-17,2026-01-22,0.75,1367.02,15779.95
6428,1233,2,3,52,2025-06-16,2025-11-13,1.17,2727.74,19229.84
6429,993,23,2,21,2025-02-11,2025-06-07,1.41,1902.51,67128.2
6430,1682,20,1,73,2025-06-09,2025-08-28,3.6,7096.47,84604.72
6431,1074,20,3,57,2025-10-09,2026-02-23,0.89,2080.86,18041.34
6432,188,1,1,13,2025-01-22,2025-05-03,0.73,1367.4,22899.51
6433,39,1,3,76,2025-06-01,2025-08-19,4.1,9491.14,188114.53
6434,1584,20,2,42,2025-02-24,2025-07-16,1.7,3014.51,38303.21
6435,70,20,1,5,2025-04-11,2025-09-12,11.04,22582.02,137184.74
6436,352,1,2,53,2025-10-06,2026-01-30,1.06,1746.45,42478.02
6437,408,23,1,54,2025-05-05,2025-08-04,0.52,770.9,9891.06
6438,1012,20,2,93,2025-09-08,2026-01-13,3.29,2993.13,66083.97
6439,803,19,3,69,2025-01-03,2025-06-21,6.16,13546.67,141846.38
6440,406,23,2,67,2025-06-24,2025-09-16,1.27,2371.97,64137.76
6441,37,19,2,44,2025-10-01,2026-01-17,4.1,8128.83,188742.58
6442,687,1,2,30,2025-10-08,2026-02-09,4.17,4025.93,221766.39
6443,1511,2,2,77,2025-05-09,2025-09-16,1.44,2860.06,38014.47
6444,1185,1,1,14,2025-08-07,2025-12-26,0.5,697.29,10243.33
6445,851,19,1,93,2025-06-21,2025-11-11,3.16,3177.02,119039.07
6446,1391,1,2,79,2025-02-12,2025-05-27,8.79,18950.09,361548.03
6447,454,16,1,34,2025-11-03,2026-02-10,2.5,4701.01,37716.51
6448,6,20,1,93,2025-01-12,2025-07-05,2.52,3613.85,87788.64
6449,1396,14,2,86,2025-03-16,2025-06-09,2.39,2965.46,94982.7
6450,1458,20,3,20,2025-08-08,2025-12-07,2.19,3146.14,32521
6451,656,2,2,76,2025-06-10,2025-10-29,2.49,5191.45,59477.73
6452,1329,2,2,5,2025-04-24,2025-07-21,0.91,1217.48,36488.31
6453,1224,1,2,23,2025-09-22,2026-01-16,0.53,1054.07,15974.59
6454,206,14,1,41,2025-09-22,2026-02-19,4.55,5447.23,59885.08
6455,220,20,3,35,2025-09-25,2026-03-09,0.79,1716.56,13922.73
6456,584,2,1,30,2025-07-19,2025-12-01,1.39,1949.75,43962.79
6457,895,20,3,36,2025-05-02,2025-10-07,0.62,937.04,19454.45
6458,1005,2,3,100,2025-03-22,2025-06-14,1.21,2424.23,42004.52
6459,1791,19,1,64,2025-06-05,2025-09-07,3.85,8260.4,115451.44
6460,1177,1,2,56,2025-08-21,2025-12-16,7.78,17955.66,124125.77
6461,1417,14,3,29,2025-08-14,2026-01-28,3.91,6024.65,79015.19
6462,78,2,3,43,2025-07-15,2026-01-11,2.23,3664.83,107599.74
6463,1693,7,3,64,2025-11-20,2026-03-08,5.23,12135.86,209834.54
6464,1579,23,2,6,2025-11-10,2026-04-10,1.5,3498.91,55807.05
6465,194,14,2,13,2025-08-04,2026-01-31,3.58,4394.35,67691.57
6466,174,41,1,60,2025-03-14,2025-06-23,3.04,3698.47,161913.9
6467,38,1,1,55,2025-06-14,2025-11-01,3.8,5128.35,167589.19
6468,204,2,1,100,2025-02-08,2025-06-20,3.92,8998.02,186033.97
6469,1283,1,2,78,2025-07-20,2025-12-25,4.41,7784.54,171247.09
6470,533,2,3,46,2025-07-15,2025-12-15,1.27,2296.94,47425.67
6471,192,14,1,5,2025-04-07,2025-07-10,2.36,3117.89,46305.32
6472,1388,20,3,41,2025-11-19,2026-05-06,1.98,2835.86,89032.4
6473,939,14,3,49,2025-08-12,2025-11-05,0.61,661.69,19176.48
6474,953,14,3,86,2025-01-11,2025-04-28,1.03,2092.3,37605.76
6475,161,1,3,85,2025-11-03,2026-03-08,8.46,8118.08,422808.42
6476,544,2,1,6,2025-06-15,2025-10-17,2.35,2587.17,89197.89
6477,67,23,2,16,2025-08-06,2025-12-11,3.37,4923.65,69920.11
6478,305,19,2,20,2025-03-19,2025-08-20,0.6,803.18,11674.31
6479,1321,23,1,88,2025-07-21,2025-11-25,0.81,1215.59,26414.25
6480,736,19,2,29,2025-08-15,2026-01-03,9.79,10766,420836.64
6481,692,23,2,65,2025-03-19,2025-09-03,1.18,1658.09,61487.61
6482,607,20,2,10,2025-06-05,2025-11-15,4.25,9511.97,99184.85
6483,815,41,1,74,2025-08-20,2025-12-27,1.94,2531.6,60993.75
6484,1272,20,3,100,2025-10-08,2026-01-10,1.13,1954.01,37891.72
6485,183,14,3,10,2025-02-12,2025-07-03,5.78,5343.43,99489.44
6486,99,2,1,37,2025-07-12,2026-01-03,0.95,1637.14,49642.5
6487,631,19,1,54,2025-10-12,2026-02-11,5.71,10171.81,294360.42
6488,1336,16,2,46,2025-06-10,2025-11-06,5.22,10228.33,93261.61
6489,534,19,3,15,2025-06-02,2025-09-16,0.5,1168.35,25975.21
6490,106,16,1,77,2025-06-09,2025-09-09,3.04,6959.36,149085.62
6491,1106,20,1,28,2025-07-14,2025-10-15,6.76,15458.07,342102.94
6492,339,20,1,28,2025-04-03,2025-08-25,1.42,2785.38,26927.7
6493,741,19,1,41,2025-09-16,2025-12-01,1.65,3415.08,23989.06
6494,1116,7,1,78,2025-12-17,2026-04-20,5.03,8320.08,107210.25
6495,1615,23,2,29,2025-01-16,2025-05-29,3.23,3966.43,144359.14
6496,445,20,3,95,2025-05-09,2025-10-22,6.05,9470.56,211511.16
6497,947,2,1,48,2025-09-02,2025-11-29,2.24,3513.42,69419.55
6498,295,1,2,59,2025-11-25,2026-03-06,1.98,4068.89,97427.96
6499,1358,2,1,61,2025-11-18,2026-04-30,0.91,1660.1,45526.13
6500,731,1,3,52,2025-02-15,2025-06-09,1.13,2405.33,16778.46
6501,1602,19,1,58,2025-01-22,2025-05-11,2.58,3120.29,111895.22
6502,1728,19,3,96,2025-06-09,2025-11-11,7.76,7991.32,403001.14
6503,644,7,1,84,2025-01-21,2025-07-15,7.33,9360.12,111434.94
6504,1150,2,2,65,2025-11-05,2026-04-19,2.75,3425.77,117958.2
6505,783,7,3,80,2025-12-10,2026-04-25,1.26,1274.18,37321.59
6506,207,1,1,20,2025-02-07,2025-05-30,5.59,10776.9,215586.28
6507,983,2,1,17,2025-10-25,2026-04-22,1.12,2020.2,18151.76
6508,546,23,2,85,2025-01-10,2025-07-03,3.13,4539.1,128338.82
6509,113,1,1,25,2025-01-02,2025-05-25,0.6,861.54,26069.54
6510,55,1,3,28,2025-06-19,2025-09-14,1,2212.57,39357.18
6511,868,41,3,22,2025-04-19,2025-09-18,0.78,819.79,17585.79
6512,638,14,2,26,2025-12-23,2026-04-12,2.25,4131.9,68128.05
6513,554,2,2,61,2025-06-18,2025-12-04,6.5,10904.87,224113.85
6514,595,14,1,5,2025-09-04,2026-02-11,10.89,24432.36,319153.25
6515,1672,20,3,56,2025-02-03,2025-07-08,4.93,7585.69,148246.7
6516,1211,19,3,90,2025-07-25,2025-10-18,4.81,6983.77,256778.38
6517,1420,20,2,13,2025-01-22,2025-06-09,3.88,8153.51,196726.75
6518,281,2,2,34,2025-07-01,2025-09-30,2.11,3541.11,49761.51
6519,1492,19,1,29,2025-01-25,2025-06-26,2.75,3558.05,37844.03
6520,543,2,1,81,2025-01-07,2025-06-06,0.62,567.49,25495
6521,836,20,2,52,2025-02-21,2025-05-07,1.47,3329.49,42633.52
6522,1203,16,3,58,2025-01-03,2025-06-14,2.74,4640.67,147288.63
6523,1644,19,1,21,2025-02-14,2025-07-30,3.01,5211.46,66016.44
6524,1647,19,3,3,2025-02-06,2025-07-11,4.42,5438.39,136975.28
6525,1233,2,1,15,2025-02-25,2025-08-19,6.12,8741.66,246578.49
6526,456,2,1,55,2025-04-12,2025-09-29,0.86,802.26,43064.57
6527,208,14,3,55,2025-06-18,2025-11-01,5.51,9663.23,116752.34
6528,884,19,2,37,2025-02-14,2025-06-24,2.72,2883.2,115765.64
6529,1782,2,2,76,2025-01-11,2025-07-08,2.08,3432.61,101513.76
6530,1451,2,3,91,2025-06-22,2025-10-17,2.6,5684.69,80810.85
6531,1044,1,2,15,2025-12-20,2026-04-25,6.5,6517.55,119608.76
6532,1317,14,3,95,2025-09-09,2026-01-07,4.51,10230.38,60846.03
6533,1742,1,2,20,2025-10-06,2026-03-15,2.09,3727.7,108994.43
6534,1428,23,2,15,2025-04-23,2025-09-25,1.14,1637.78,54023.06
6535,929,19,2,28,2025-12-13,2026-04-03,1.31,1270.75,59643.91
6536,1005,2,2,18,2025-12-12,2026-03-01,3.85,3786.06,157801.87
6537,99,2,2,9,2025-02-14,2025-07-14,1.3,2948.38,44270.39
6538,1527,19,1,12,2025-08-08,2025-12-20,2.48,3524,81143.31
6539,193,19,3,16,2025-08-10,2025-12-17,4.6,4893.89,228149.48
6540,1353,23,2,35,2025-09-21,2025-12-14,1.83,4344.15,28723.46
6541,100,2,1,8,2025-12-23,2026-04-12,1.1,2096.88,51811.47
6542,1670,19,1,45,2025-07-24,2025-12-24,3.82,3661.69,159969.18
6543,1464,1,3,68,2025-10-21,2026-02-17,4.27,8040.64,124330.52
6544,342,14,3,10,2025-06-10,2025-11-11,0.98,1120.44,41482.46
6545,556,41,1,29,2025-08-20,2026-01-27,2,3964.79,70911.42
6546,492,2,1,6,2025-03-01,2025-07-21,4.11,6030.11,168951.57
6547,1646,23,1,37,2025-08-24,2025-12-19,1.75,1731.85,53266.31
6548,1038,1,1,61,2025-01-12,2025-05-13,1.81,2115.29,24924.85
6549,925,7,1,70,2025-04-10,2025-06-26,3.43,3467.79,130521.51
6550,1473,19,2,52,2025-02-17,2025-08-14,0.49,740.52,24217.7
6551,903,14,1,22,2025-07-04,2025-10-18,1.34,2438.91,46219.53
6552,1546,19,2,55,2025-03-01,2025-07-23,5.72,11206.86,202357.8
6553,109,2,3,54,2025-10-05,2026-01-12,4.01,5459.75,217723.68
6554,1662,19,3,14,2025-03-08,2025-07-13,1.07,2507.73,30855.12
6555,176,7,1,7,2025-08-09,2025-11-06,4.94,9013.26,267038.93
6556,1407,19,2,52,2025-12-23,2026-04-25,1.76,3012.08,46663.27
6557,641,1,2,26,2025-10-11,2026-02-03,10.02,18735.01,195047.21
6558,1638,16,3,3,2025-06-11,2025-10-18,2.89,6747.26,146830.84
6559,1728,14,3,47,2025-07-07,2025-11-01,2.37,4647.09,88147.5
6560,1445,20,3,100,2025-09-11,2026-01-22,8.1,16356,113685.55
6561,1386,16,3,37,2025-11-18,2026-04-24,1.3,2663.15,70075.03
6562,1118,1,3,96,2025-09-14,2026-01-31,0.64,649.18,10637.15
6563,573,14,2,64,2025-09-17,2026-01-08,7.8,16858.26,291444.93
6564,1098,1,2,4,2025-04-16,2025-08-08,8.12,18136.61,377099.19
6565,191,14,1,94,2025-11-11,2026-02-01,2.31,3131.53,114426.69
6566,1412,19,2,32,2025-08-12,2025-11-07,8.63,10657.67,343307.36
6567,900,1,2,69,2025-08-16,2026-01-16,2.67,2452.67,121250.15
6568,888,19,2,90,2025-07-25,2026-01-17,7.98,8883.69,314643.25
6569,1324,14,2,15,2025-10-10,2026-01-26,1.85,2247.03,71321.55
6570,1699,20,3,51,2025-06-17,2025-11-10,8.61,18957.18,424600.75
6571,1389,23,2,27,2025-09-22,2026-02-15,3.39,3259.68,126202.17
6572,1490,19,2,88,2025-07-12,2025-12-21,2.83,6331.64,59128.8
6573,1496,19,3,99,2025-08-08,2025-11-11,6.75,8206.15,168539.52
6574,1024,14,2,90,2025-09-04,2025-11-20,0.87,1988.65,32161.46
6575,1679,2,2,5,2025-06-08,2025-09-16,4.41,5842.34,170889.72
6576,1744,19,1,8,2025-06-11,2025-11-03,3.54,6410,61243.61
6577,1216,1,1,7,2025-03-21,2025-07-31,4.38,5716.65,73947.95
6578,1331,14,2,86,2025-03-09,2025-06-26,7.51,9543.25,368811.99
6579,275,20,3,84,2025-10-09,2026-03-07,3.12,4865.31,54123.27
6580,654,1,3,12,2025-10-15,2026-03-07,1.54,2685.6,19549.85
6581,1775,14,3,91,2025-04-21,2025-08-11,3.97,9108.86,181564.66
6582,235,19,3,100,2025-10-14,2026-01-15,2.04,2852.44,108486.6
6583,532,1,2,88,2025-12-08,2026-04-30,0.87,1288.89,21854.89
6584,1748,20,1,19,2025-11-06,2026-03-16,0.63,826.95,9620.93
6585,1420,41,3,74,2025-06-01,2025-10-10,7.57,9162.93,336160.18
6586,487,20,1,44,2025-04-14,2025-07-17,2.07,4843.53,97363.56
6587,1651,20,2,97,2025-12-18,2026-05-06,3.34,7912.47,100665.81
6588,1735,2,1,42,2025-03-12,2025-06-28,7.59,16841.43,234318.55
6589,1092,1,1,13,2025-09-24,2026-01-25,0.48,762.83,7762.33
6590,1453,1,3,97,2025-01-22,2025-07-15,1.78,1969.76,75899.65
6591,1336,16,2,38,2025-12-05,2026-04-27,3.98,6012.43,139297.42
6592,516,19,1,2,2025-11-22,2026-02-08,7.95,19034.94,371140.74
6593,1158,19,1,84,2025-09-23,2026-01-13,6.85,8032.01,133966.11
6594,1360,1,3,7,2025-08-06,2026-01-10,8.78,20753.62,325757.67
6595,1280,20,3,3,2025-05-16,2025-10-24,4.71,7718.92,129614.58
6596,1459,7,1,72,2025-02-15,2025-08-14,7.07,13755.17,279481.66
6597,1624,19,3,89,2025-02-01,2025-06-29,0.93,1642.11,19322.33
6598,1364,20,2,27,2025-04-16,2025-08-27,0.52,1078.26,26399.82
6599,1536,41,3,99,2025-08-20,2025-12-11,9.85,21659.86,170658.99
6600,1578,23,3,17,2025-10-11,2026-04-08,5.85,6778.7,97118.12
6601,177,1,1,53,2025-11-20,2026-03-17,3.26,3468.33,48135.84
6602,509,7,2,22,2025-07-23,2025-11-05,2.42,3818.07,42314.23
6603,1055,20,1,74,2025-11-01,2026-02-13,1.23,1494.06,31307.71
6604,220,20,1,64,2025-03-12,2025-08-06,0.99,1211.22,51667.04
6605,279,16,1,14,2025-04-22,2025-08-08,7.69,14786.97,207357.45
6606,1445,16,1,36,2025-12-08,2026-05-15,2.83,3652.76,132060.23
6607,1218,19,1,91,2025-10-06,2026-03-15,0.49,1019.67,17408.28
6608,373,2,2,3,2025-01-20,2025-06-06,0.78,1127.06,36527.2
6609,547,23,2,54,2025-04-02,2025-06-19,0.87,832.54,26879.78
6610,1391,19,1,25,2025-10-24,2026-01-14,2.69,4019.2,42766.19
6611,551,1,3,6,2025-01-05,2025-04-13,1.1,2188.2,42938.92
6612,660,20,3,42,2025-06-09,2025-09-27,1.57,2706.26,34040.92
6613,1120,19,1,27,2025-03-01,2025-05-18,4.55,9693.89,222666.64
6614,574,14,1,12,2025-08-11,2025-12-14,0.64,667.83,20045.78
6615,1043,1,3,61,2025-06-06,2025-11-28,4.48,4542.8,178805.54
6616,436,20,2,17,2025-09-19,2025-12-27,2.79,5147.9,137346.76
6617,903,19,3,39,2025-04-25,2025-08-25,4.95,8961.08,220387.76
6618,1185,1,3,24,2025-09-10,2025-12-17,1.08,1849.12,53505.96
6619,1741,41,1,20,2025-08-12,2025-11-06,4.47,7853.83,163124.67
6620,474,19,1,61,2025-12-18,2026-05-28,1.16,1983.51,18553.22
6621,1775,19,1,2,2025-10-19,2026-01-08,4.68,10880.93,93222.14
6622,743,1,3,87,2025-06-15,2025-11-02,2.73,5633.07,140436.18
6623,198,19,3,76,2025-12-03,2026-05-11,1.57,3732.55,22852.17
6624,6,1,2,47,2025-07-04,2025-10-16,1.62,2360.88,81628.25
6625,1680,7,1,11,2025-04-17,2025-08-18,2.76,5799.96,144091.07
6626,1653,16,3,78,2025-05-11,2025-10-14,0.71,1452.48,9864.7
6627,1329,2,1,94,2025-08-14,2026-01-18,3.7,5225.66,60116.03
6628,17,19,3,32,2025-04-15,2025-08-02,1.87,3079.24,24963.75
6629,1568,2,2,43,2025-01-12,2025-04-19,3.77,4831.68,97514.97
6630,1038,1,3,36,2025-04-21,2025-07-14,10.38,18858.15,184139.39
6631,1067,19,1,60,2025-04-18,2025-08-02,1.62,2384.55,60336.82
6632,1460,41,2,21,2025-10-21,2026-01-31,4.32,6422.78,97815.8
6633,1640,20,3,21,2025-10-12,2026-01-19,2.16,3523.49,94864.34
6634,856,19,1,86,2025-03-23,2025-07-29,9.64,11345.54,323237.32
6635,200,19,2,57,2025-08-16,2025-12-27,4.98,8527.53,249215.94
6636,315,2,1,73,2025-04-25,2025-08-19,2.49,2277.45,102520.32
6637,139,20,3,41,2025-06-24,2025-10-10,2.74,6232.14,107180.84
6638,309,14,2,32,2025-01-10,2025-06-19,3.5,6643.04,139857.5
6639,1291,19,2,47,2025-04-25,2025-08-08,1.89,3808.94,45480.63
6640,776,23,2,2,2025-06-19,2025-12-09,3.77,4960.4,51033.75
6641,1472,20,1,90,2025-05-19,2025-08-02,8.23,7437.47,397399.65
6642,1496,19,1,97,2025-05-01,2025-08-12,4.98,8763.69,254400.93
6643,1415,41,1,87,2025-11-25,2026-02-20,1.34,2347.61,55406.36
6644,605,19,1,11,2025-09-08,2026-03-05,1.81,1864.74,90498.06
6645,320,7,2,14,2025-09-14,2025-12-12,2.77,4491.23,144499.69
6646,1151,1,1,60,2025-09-20,2026-02-09,3.02,4972.4,69962.23
6647,1776,19,2,27,2025-12-20,2026-06-06,3.99,4430.55,57563
6648,690,19,3,93,2025-04-12,2025-09-10,2.04,4434.32,44707.15
6649,311,2,2,45,2025-03-24,2025-06-20,5.02,9651.62,259630.74
6650,252,19,2,8,2025-11-01,2026-04-03,2.29,2977.77,78359.82
6651,1012,20,2,17,2025-10-12,2026-03-13,4.77,10096.5,253864.72
6652,1652,23,1,65,2025-11-25,2026-03-11,1.49,2392.36,73383.3
6653,1700,1,3,73,2025-07-10,2025-11-18,2.76,3915.45,92356.56
6654,380,20,1,78,2025-06-21,2025-10-16,3.65,5334.56,188011.48
6655,1754,14,1,44,2025-12-09,2026-05-24,4.33,7796.08,174151.74
6656,915,20,2,98,2025-08-09,2026-01-07,1.14,1470.14,32232.04
6657,204,20,1,25,2025-11-01,2026-04-12,5.37,6704.65,244842.52
6658,1099,1,1,11,2025-01-22,2025-07-12,2.42,5356.84,112572.91
6659,109,19,1,78,2025-11-02,2026-02-10,4.1,8270.85,103723.72
6660,761,23,2,42,2025-07-15,2025-12-25,1.76,3531.36,52719.09
6661,186,20,1,94,2025-11-19,2026-04-12,3.87,8355.28,136762.55
6662,1743,23,3,79,2025-05-25,2025-10-29,3.23,4071.71,156177.48
6663,578,1,3,60,2025-12-10,2026-03-01,0.78,1654.89,22951.87
6664,166,1,2,69,2025-01-09,2025-05-05,4.06,9439.95,93246.94
6665,1167,1,2,9,2025-04-24,2025-07-28,0.97,1796.48,30949.09
6666,474,20,2,38,2025-09-13,2026-02-24,1.89,2304.03,68242.77
6667,899,2,2,14,2025-03-17,2025-06-02,1.2,2540.85,31771.91
6668,1190,1,2,38,2025-11-06,2026-04-12,5.91,12022,258543.94
6669,504,1,2,43,2025-12-07,2026-04-06,1.09,1237.89,30824.69
6670,1761,19,1,6,2025-11-15,2026-04-07,4.14,9470.52,208209.08
6671,520,1,1,99,2025-09-05,2026-02-13,0.41,596.75,19220.32
6672,827,16,3,93,2025-09-05,2026-01-30,5.05,8895.84,248856.44
6673,692,1,3,84,2025-06-24,2025-10-02,1.09,1344.17,15819.36
6674,1429,1,3,1,2025-03-21,2025-07-12,3.19,5957.81,51943.2
6675,69,41,1,70,2025-07-07,2025-11-05,0.74,1362.68,34598.52
6676,934,23,1,80,2025-07-18,2025-11-06,4.21,9520.47,221344.5
6677,385,23,2,38,2025-04-16,2025-07-30,5.48,11362.8,269078.26
6678,959,23,1,74,2025-11-17,2026-04-26,6.06,11926.79,238820.17
6679,1125,20,2,53,2025-07-17,2025-11-03,7.88,16044.12,264660.81
6680,885,20,2,80,2025-05-10,2025-09-23,7.98,18506.16,158325.76
6681,1653,20,3,34,2025-12-24,2026-04-25,2.97,6910.26,98325.38
6682,405,20,1,44,2025-07-23,2026-01-17,0.69,786.08,13389.53
6683,1392,19,1,49,2025-05-21,2025-10-20,9,16856.31,147910.5
6684,1460,20,2,48,2025-05-09,2025-10-17,3.55,7318.49,86705.32
6685,448,19,1,52,2025-01-06,2025-05-19,2.58,4511.29,98739.16
6686,264,20,3,8,2025-05-03,2025-08-04,3.72,8014.72,126044.65
6687,1718,1,1,25,2025-07-03,2025-12-11,1.94,4127.86,48010.08
6688,65,20,2,66,2025-07-14,2025-10-10,7.92,18305.54,285664.75
6689,1626,14,2,2,2025-07-01,2025-12-07,1.7,1943.7,41550.77
6690,265,19,3,91,2025-04-18,2025-09-25,5.85,5901.26,246333.5
6691,547,1,1,83,2025-09-10,2026-01-19,0.87,1890.44,21006.11
6692,1359,20,1,39,2025-06-17,2025-11-30,5.26,9485.02,154277.16
6693,1678,23,3,42,2025-03-08,2025-06-03,0.49,615.64,15283.88
6694,995,19,3,59,2025-05-11,2025-09-29,6,7637.82,137622.52
6695,1290,2,1,100,2025-03-20,2025-08-12,1.66,2832.76,39658.19
6696,388,1,2,2,2025-05-07,2025-09-03,9.78,12282.45,257758.64
6697,569,1,1,67,2025-09-12,2026-02-05,0.55,740.21,17787.83
6698,1703,1,3,53,2025-05-13,2025-08-27,3.62,5129.35,67288.03
6699,554,2,3,1,2025-12-08,2026-03-08,3.36,3800.68,175384.21
6700,1365,16,2,90,2025-10-18,2026-03-12,3.61,5486.9,118344.11
6701,1522,1,2,90,2025-03-22,2025-07-08,5.2,6533.16,224706.24
6702,1128,19,2,62,2025-12-15,2026-05-30,2.72,4073.84,69340.62
6703,946,1,3,61,2025-07-10,2025-11-26,5.45,9362.44,85508.84
6704,1328,19,1,7,2025-08-17,2025-12-28,6.41,7844.04,254337.52
6705,1793,1,2,33,2025-05-23,2025-11-10,0.86,801.49,25585.92
6706,629,2,2,15,2025-05-11,2025-09-03,0.68,1401.37,19006.57
6707,252,19,3,78,2025-10-12,2026-03-29,6.31,7541.34,306947.89
6708,652,19,1,66,2025-03-15,2025-09-09,3.14,3874.98,101087.4
6709,597,7,2,67,2025-04-08,2025-08-29,2.6,3834.53,45821.82
6710,615,1,1,99,2025-02-21,2025-08-17,6.86,13212.46,236867.34
6711,1293,1,1,62,2025-07-05,2025-12-16,6.54,10945.32,195393.13
6712,1293,23,1,16,2025-10-03,2025-12-18,5.71,12114.52,122890.01
6713,578,19,2,59,2025-01-25,2025-06-19,0.42,920.75,15564.23
6714,184,14,1,83,2025-09-25,2026-03-24,2.33,4152.87,108508.99
6715,400,41,1,70,2025-04-23,2025-09-10,9.26,15078.16,440227.25
6716,1237,19,1,80,2025-08-09,2026-02-03,8.02,13034.71,387297.37
6717,165,1,2,29,2025-11-24,2026-04-24,1.23,2702.74,51314.33
6718,568,19,1,73,2025-04-17,2025-09-22,3.43,6042.62,186427.04
6719,12,1,2,65,2025-01-15,2025-04-13,3.72,7606.24,186897.8
6720,763,20,1,31,2025-10-19,2026-04-16,0.73,967.06,32523.54
6721,604,1,3,41,2025-12-22,2026-03-09,7.11,11660.61,110315.09
6722,367,1,2,84,2025-08-25,2026-02-09,3.31,5867.84,102365.7
6723,1308,19,2,35,2025-10-05,2026-03-11,2.82,6245.1,108771.62
6724,1481,23,1,92,2025-03-18,2025-06-29,3.83,5221.67,70400.82
6725,1583,1,3,79,2025-06-06,2025-11-01,9.79,12152.95,396527.99
6726,1770,20,3,78,2025-03-16,2025-09-08,0.47,1102.38,17628
6727,955,20,2,51,2025-05-13,2025-10-02,10.21,10197.04,363296
6728,918,7,3,55,2025-03-22,2025-09-01,1.82,1983.82,63529.36
6729,947,2,2,59,2025-01-20,2025-04-12,4.58,5251.5,143521.04
6730,1174,2,2,42,2025-09-16,2026-03-05,3.73,7016.71,112228.55
6731,835,20,3,64,2025-01-21,2025-05-12,1.12,1389.99,30298.67
6732,1669,14,1,52,2025-12-04,2026-03-03,0.55,1174.02,25864.6
6733,153,2,1,1,2025-10-07,2026-01-28,1.33,2798.76,16396.7
6734,975,2,3,41,2025-11-17,2026-02-11,2.3,4876.67,108280.53
6735,596,19,3,15,2025-06-13,2025-12-06,1.29,2721.24,43636.89
6736,1647,20,1,74,2025-07-03,2025-11-02,2.15,4729.55,95279.23
6737,806,1,2,84,2025-08-25,2026-02-16,2.35,4820.57,45694.18
6738,617,16,2,35,2025-09-02,2026-01-04,0.95,2181.49,20998.95
6739,819,19,2,62,2025-12-20,2026-05-21,4.47,10188.83,157955.77
6740,1165,19,1,51,2025-01-08,2025-06-14,7.41,14186.29,137098.99
6741,1702,19,1,46,2025-05-25,2025-09-22,2.1,4836.48,78274.6
6742,1785,23,2,79,2025-06-17,2025-10-18,0.75,1630.77,23194.09
6743,701,14,3,47,2025-10-21,2026-03-28,2.14,5101.02,28443.04
6744,514,2,2,75,2025-02-17,2025-05-04,7.67,16274.78,391221.31
6745,1044,2,2,97,2025-11-16,2026-02-20,3.8,6806.1,101230.12
6746,575,19,3,14,2025-03-19,2025-07-26,5.89,13586.6,318395.73
6747,1129,1,3,88,2025-01-14,2025-05-12,1.51,3151.85,29814.75
6748,1039,19,2,49,2025-09-08,2026-01-02,3.34,5835.37,155836.93
6749,246,19,2,28,2025-06-04,2025-11-02,4.17,4272.1,151970.92
6750,56,23,1,1,2025-08-04,2025-10-28,1.39,2642.88,29943.42
6751,755,2,2,35,2025-12-11,2026-04-05,1.27,1362.01,52663.73
6752,18,19,1,4,2025-04-05,2025-08-13,10.08,14503.3,135713.08
6753,832,19,1,64,2025-07-20,2025-10-09,2.13,3144.37,80740.62
6754,1103,20,3,63,2025-04-01,2025-08-26,1.77,2384.39,41524.49
6755,273,7,3,94,2025-01-14,2025-04-14,2.44,3061.36,72076.49
6756,423,14,2,5,2025-11-22,2026-03-30,0.91,1907.72,31975.23
6757,780,1,3,50,2025-05-01,2025-08-10,0.56,1032.51,27023.38
6758,357,14,2,62,2025-11-23,2026-03-18,4.57,10156.33,146517.25
6759,1207,19,3,63,2025-10-23,2026-03-02,5.42,6260.14,199761.72
6760,1265,1,2,96,2025-06-14,2025-11-15,6.3,10212.57,325089
6761,476,1,1,96,2025-04-22,2025-08-15,0.88,2086.72,35766.12
6762,630,2,2,76,2025-05-25,2025-11-17,6.03,13135.91,205153.88
6763,1381,1,2,25,2025-07-13,2025-10-28,2.5,5370.35,38313.63
6764,691,23,3,17,2025-07-15,2025-10-05,1.34,1218.71,27147.85
6765,741,19,3,84,2025-06-16,2025-10-17,1.8,3840.68,79474.79
6766,1597,19,3,59,2025-09-11,2025-12-22,4.12,5578.91,146923.64
6767,1778,7,1,38,2025-07-19,2026-01-01,4.22,8836.58,179881.07
6768,478,41,2,8,2025-03-15,2025-07-30,1.06,1461.92,32823.01
6769,3,20,2,17,2025-09-13,2026-02-17,1.43,1719.74,23709.05
6770,787,7,3,76,2025-09-07,2025-12-01,5.95,10021.76,204278.39
6771,1327,1,3,81,2025-09-14,2026-02-04,1.25,1326.3,27888.35
6772,687,1,3,45,2025-07-14,2025-10-31,4.67,7928.36,113182.5
6773,464,7,3,70,2025-08-06,2025-12-06,2.43,5264.9,65076.19
6774,879,2,1,1,2025-04-23,2025-08-05,6.59,6705.94,283467.69
6775,411,2,3,2,2025-04-18,2025-07-18,0.89,1585.14,41990.11
6776,1595,20,1,47,2025-09-16,2026-01-22,3.22,4549.5,161051.09
6777,773,7,1,57,2025-10-13,2026-04-02,6.12,13172.19,331617.67
6778,555,7,3,99,2025-07-09,2025-12-15,2.6,5794.99,96672.35
6779,271,19,3,93,2025-03-18,2025-06-20,1.81,4039.78,30617.59
6780,1321,1,3,17,2025-06-21,2025-09-13,4.57,10601.8,152575.75
6781,1563,41,1,50,2025-08-06,2025-11-28,3.85,5710.58,192786.35
6782,1628,2,2,85,2025-08-16,2025-12-13,0.52,1018.03,12364.13
6783,1687,19,3,84,2025-03-09,2025-08-19,2.11,2181.35,45685.73
6784,856,19,1,56,2025-10-12,2026-02-11,7.78,12219.21,196636.43
6785,1192,7,1,84,2025-12-06,2026-04-15,4.8,9401.99,225774.36
6786,1438,19,3,39,2025-08-22,2025-11-19,3.77,4563.43,86362.61
6787,119,41,3,34,2025-09-18,2026-02-14,0.78,1421.72,39839.8
6788,1048,1,3,11,2025-10-03,2026-01-07,3.04,4568.97,145360.44
6789,1500,19,2,93,2025-05-22,2025-08-25,1.89,1804.37,103742.27
6790,1725,1,1,1,2025-09-12,2026-03-06,2.11,2419.02,106394.87
6791,299,19,1,76,2025-01-21,2025-06-12,1.21,2143.04,59108.74
6792,585,20,2,67,2025-04-05,2025-08-17,2.95,5854.02,145925.19
6793,746,20,2,38,2025-06-12,2025-11-27,1.18,2100.42,45114.53
6794,1248,7,3,88,2025-12-02,2026-05-21,5.97,13286.52,136738.82
6795,462,7,1,51,2025-09-04,2026-01-13,6.64,8338.95,169637.53
6796,1361,7,2,5,2025-10-13,2026-02-08,0.57,1066.21,15988.07
6797,1732,20,3,19,2025-01-21,2025-05-09,2.19,2019.36,105399.63
6798,241,19,2,94,2025-06-17,2025-10-06,1.89,1890.09,41905.67
6799,931,41,1,64,2025-02-19,2025-06-05,10.26,13101.59,465114.23
6800,1110,16,3,66,2025-02-21,2025-07-01,1.29,2114.06,23758.96
6801,275,19,1,64,2025-03-20,2025-06-27,5.01,10005.82,200710.15
6802,667,19,2,98,2025-10-14,2026-03-16,3.59,4937.22,131669.32
6803,884,19,3,86,2025-09-01,2026-02-28,3.97,8451.27,160383.42
6804,38,1,1,80,2025-11-21,2026-03-31,9.48,8902.06,125570.71
6805,516,19,2,44,2025-09-25,2026-01-08,7.92,13249.33,159061.04
6806,967,19,3,77,2025-04-01,2025-08-06,3.56,3503.41,138319.56
6807,615,14,3,89,2025-05-07,2025-10-06,5.18,8026.33,166571.67
6808,1549,20,3,58,2025-08-07,2026-01-30,6.8,11089.99,225021.4
6809,1105,16,3,89,2025-01-07,2025-05-28,2.66,5156.92,52697.94
6810,1710,14,2,30,2025-08-06,2026-01-04,4.09,7237.61,70758.06
6811,49,14,2,36,2025-11-18,2026-02-12,2.96,4153.02,91171.11
6812,1156,2,2,1,2025-01-01,2025-05-05,8.03,7421.42,308907.02
6813,440,1,3,23,2025-02-04,2025-07-26,3.25,4397.69,87990.33
6814,424,14,3,86,2025-12-17,2026-05-23,2.86,4126,79322.58
6815,1510,1,3,4,2025-09-19,2026-01-03,2.23,5112.51,68754.44
6816,518,7,1,43,2025-10-07,2026-03-07,0.82,745.17,37505.71
6817,866,1,1,27,2025-09-25,2025-12-31,4.76,8459.59,146283.36
6818,1488,14,1,55,2025-12-17,2026-05-20,1.35,2455.43,26944.68
6819,1121,1,3,60,2025-04-23,2025-10-07,3.82,7607.82,195953.74
6820,1352,2,3,61,2025-04-24,2025-09-22,0.92,2194.65,13118.15
6821,851,19,3,91,2025-09-16,2026-02-10,0.82,979.97,36641.14
6822,289,19,2,5,2025-07-08,2025-10-12,1.1,1383.68,33466.92
6823,1543,19,3,53,2025-09-16,2026-02-19,1.1,1530.78,34966.71
6824,830,2,3,98,2025-02-15,2025-07-31,1,1717.96,21840.32
6825,100,2,1,99,2025-05-15,2025-11-06,1.95,4413.96,68606.56
6826,325,23,2,39,2025-10-18,2026-04-10,2.5,5403.5,96136.7
6827,1004,1,2,30,2025-03-22,2025-08-12,1.73,1700.19,79084.62
6828,645,1,1,30,2025-06-14,2025-11-17,2.09,4393.94,94321.05
6829,1611,2,2,99,2025-02-05,2025-05-04,3.01,4074.08,71587.7
6830,1301,41,2,33,2025-08-21,2025-11-23,0.57,797.32,20961.35
6831,1306,19,2,10,2025-04-01,2025-07-16,1.93,2865.58,36275.26
6832,781,20,1,84,2025-05-02,2025-07-30,0.9,920.48,47909.78
6833,930,14,3,51,2025-02-19,2025-06-04,8.3,8372.27,451338.85
6834,812,20,2,17,2025-07-07,2025-10-03,5.4,9666.98,88508.77
6835,590,19,1,3,2025-11-25,2026-05-05,2.5,4812.21,47574.96
6836,1027,14,3,52,2025-02-25,2025-05-13,4.38,4487.94,209236.06
6837,461,20,2,94,2025-04-12,2025-07-29,1.07,1553.97,26034.24
6838,432,19,3,6,2025-04-22,2025-07-20,1.07,1772.59,40722.18
6839,1276,20,2,92,2025-03-21,2025-08-12,2.61,3531.46,132311.83
6840,1674,19,1,76,2025-06-05,2025-10-20,10.36,16223.18,543081.12
6841,657,14,2,82,2025-09-15,2026-03-06,7.23,13028.82,151210.21
6842,1245,19,2,39,2025-03-07,2025-09-01,0.85,1686.9,37933.22
6843,1101,1,3,30,2025-04-11,2025-08-21,1.05,1504.95,36963.54
6844,358,23,1,72,2025-06-24,2025-10-09,3,6247.51,156512.98
6845,1136,14,1,84,2025-12-18,2026-03-26,0.74,1529.92,34312.76
6846,486,1,2,99,2025-09-20,2026-02-04,1.96,4081.07,106823.13
6847,413,19,1,22,2025-08-22,2025-11-29,2.48,4674.82,135045.63
6848,1767,20,1,40,2025-07-21,2026-01-17,1.84,3957.98,67843.05
6849,1037,19,2,1,2025-01-15,2025-05-03,0.97,2119.3,18528.15
6850,1677,19,3,22,2025-07-11,2025-10-27,2.98,2964.56,140287.39
6851,316,19,3,19,2025-02-07,2025-07-13,8.89,11397.61,411409.25
6852,644,41,1,61,2025-12-15,2026-04-02,0.8,1903.75,39510.2
6853,776,23,1,86,2025-03-11,2025-05-25,3.98,7196.04,90257.83
6854,991,2,3,54,2025-04-17,2025-08-28,6.41,11048.76,211704.96
6855,1147,1,2,4,2025-11-02,2026-03-14,7.03,16277.02,197256.05
6856,813,14,2,59,2025-01-14,2025-05-15,3.66,3308.24,184533.49
6857,1723,41,3,5,2025-06-08,2025-08-28,9.68,15072.48,157797.03
6858,1333,2,3,19,2025-03-12,2025-06-20,1.87,4140.06,51578.81
6859,284,20,3,87,2025-10-08,2026-01-07,2.94,5113.97,138835.98
6860,1518,14,2,99,2025-10-22,2026-01-13,4.78,8102.11,148049.75
6861,1519,20,2,41,2025-12-13,2026-05-05,4.51,9348.3,236377.39
6862,1447,19,1,55,2025-11-20,2026-02-15,6.63,7958.96,91346.39
6863,707,23,3,50,2025-11-18,2026-03-10,2,2451.01,84474.61
6864,286,2,3,77,2025-12-11,2026-06-03,0.78,1759.77,26278.73
6865,1309,23,3,44,2025-06-08,2025-09-23,6.76,8599.8,166740.66
6866,831,19,1,1,2025-01-10,2025-07-04,10.92,25566.26,436422.52
6867,191,23,2,39,2025-12-16,2026-05-14,4.71,6780.18,150262.08
6868,890,20,2,27,2025-05-02,2025-09-20,5.49,7095.74,232733.74
6869,322,1,3,12,2025-09-16,2025-12-27,2.35,3374.37,92687.7
6870,421,16,2,60,2025-08-11,2025-12-18,0.89,1471.53,17517.02
6871,708,1,2,39,2025-08-22,2026-01-16,1.28,2458.03,65503.89
6872,1276,20,1,8,2025-09-18,2026-01-20,4.82,4500.95,236212.84
6873,1000,2,1,42,2025-11-05,2026-03-22,4.56,4437.24,247212.43
6874,1093,1,3,41,2025-04-03,2025-07-01,0.99,2159.82,34714.24
6875,1178,14,2,80,2025-06-22,2025-09-14,1.63,1600.99,57197.58
6876,1019,19,3,60,2025-01-08,2025-07-04,0.89,1726.49,38123.18
6877,1736,1,3,99,2025-05-17,2025-08-04,1.98,3197.45,49850.58
6878,156,23,3,70,2025-12-22,2026-05-12,5.74,10443.52,146090.38
6879,168,1,2,67,2025-09-06,2026-01-11,3.87,4231.31,103136.12
6880,1732,1,3,41,2025-12-24,2026-04-14,1.77,4044.04,47995.29
6881,947,2,3,68,2025-06-03,2025-09-08,2.02,3530.58,73537.35
6882,132,20,2,75,2025-02-02,2025-05-20,10.62,18583.55,516386.68
6883,890,14,1,25,2025-05-14,2025-10-27,3.39,4010.56,80338.61
6884,1517,19,3,20,2025-09-22,2026-03-03,1.11,2310.08,40933.01
6885,1696,23,3,71,2025-06-08,2025-10-08,1.44,1793.37,41792.07
6886,1366,16,1,78,2025-12-05,2026-05-15,5.94,6729.64,210028.88
6887,863,19,1,94,2025-01-21,2025-06-29,1.78,3515.19,30185.82
6888,1442,20,2,12,2025-03-11,2025-08-16,1.86,4425.87,36609.27
6889,830,19,1,40,2025-06-13,2025-11-01,1.4,2209.76,21157.31
6890,755,1,1,86,2025-02-22,2025-07-16,2.65,3484.19,55965.65
6891,998,7,2,96,2025-04-22,2025-07-09,1.84,3114.73,92115.43
6892,1639,2,3,25,2025-10-02,2025-12-25,1.47,2009.88,50714.88
6893,1451,19,1,42,2025-03-09,2025-07-23,2.64,2948.7,114189.5
6894,520,20,1,95,2025-03-02,2025-06-17,1.31,1207.39,28078.89
6895,983,1,3,92,2025-01-08,2025-06-19,0.84,1590.98,28143.57
6896,1684,2,2,20,2025-09-12,2026-01-15,4.34,8141.3,86752.28
6897,82,2,2,79,2025-11-11,2026-04-07,6.11,6422.38,332924.38
6898,804,19,1,50,2025-09-21,2026-02-25,1.55,3673.24,48029.91
6899,1074,2,2,51,2025-02-10,2025-08-04,0.79,1305.26,27556.75
6900,815,20,3,58,2025-05-10,2025-09-03,1.78,1860.59,95476.86
6901,726,41,1,79,2025-04-15,2025-09-25,7.25,9414.17,377665.41
6902,1275,20,1,80,2025-04-20,2025-10-14,3.24,4653.56,60533.24
6903,585,19,3,19,2025-12-12,2026-04-22,3.17,4757.98,74057.36
6904,749,19,3,99,2025-08-13,2025-11-06,7.33,9139.44,116185.42
6905,214,14,3,55,2025-09-05,2026-01-03,10.4,11533.77,284897.52
6906,782,20,1,69,2025-08-02,2025-10-20,0.84,1877.12,27017.26
6907,1238,19,1,3,2025-09-05,2026-02-28,1.93,4289.25,38540.08
6908,1198,19,1,17,2025-02-08,2025-04-25,0.58,1208.56,8534.68
6909,1796,19,2,95,2025-12-13,2026-03-28,9.06,18673.38,396858.47
6910,236,20,3,38,2025-07-19,2025-12-19,1.66,1872.03,75879.08
6911,944,19,3,86,2025-11-22,2026-04-03,6.48,14907.79,290253.43
6912,442,1,3,89,2025-03-04,2025-06-13,4.94,7355.34,85274.01
6913,582,19,2,33,2025-07-23,2025-10-25,0.52,477.26,10353.55
6914,1361,20,1,9,2025-04-02,2025-08-31,3.83,6661.05,147628.47
6915,1218,1,1,95,2025-05-21,2025-09-16,1.71,3455.53,60142.12
6916,664,2,2,25,2025-10-01,2026-02-23,1.22,2313.1,48838.11
6917,1644,2,1,45,2025-08-15,2025-11-27,1.51,1830.08,43825.76
6918,549,20,3,100,2025-10-07,2026-01-05,6.55,9720.33,219065.82
6919,854,41,1,94,2025-02-06,2025-07-26,5.53,6029.18,68423.87
6920,1260,20,2,62,2025-05-21,2025-08-30,4.52,7048.34,113561.54
6921,1382,1,2,67,2025-03-20,2025-07-06,7.92,12450.87,309498.28
6922,737,19,1,77,2025-08-07,2026-01-19,1.07,1107.32,33344.02
6923,178,1,2,4,2025-06-06,2025-09-03,6.44,8457.56,234987.79
6924,360,1,2,22,2025-09-11,2025-12-14,2.15,3072.03,105544.87
6925,216,19,1,74,2025-04-09,2025-08-30,4.66,8005.84,162608.98
6926,1365,19,3,76,2025-04-20,2025-07-19,2.48,3240.44,79875.1
6927,750,2,1,55,2025-03-05,2025-06-15,3.52,4417.71,158097.13
6928,1049,1,1,66,2025-11-08,2026-03-25,1.79,1783.07,46172.25
6929,1036,1,2,24,2025-02-18,2025-05-16,7.49,10059,378329.06
6930,901,19,3,5,2025-05-18,2025-11-10,1.4,2677.63,22890.59
6931,234,41,1,14,2025-06-08,2025-08-23,1.19,1257.71,55326.75
6932,1339,19,3,13,2025-08-18,2026-01-08,5.3,5174.11,274860.51
6933,404,20,2,44,2025-06-14,2025-10-09,1.05,1616.28,43074.33
6934,1216,1,2,59,2025-03-08,2025-08-18,1.79,4139.27,51886.42
6935,1367,23,1,7,2025-07-14,2025-11-21,4.49,6953.51,207791.64
6936,124,20,1,86,2025-02-22,2025-07-27,1.34,1222.02,71834.79
6937,588,19,3,49,2025-12-06,2026-05-28,7.85,7070.53,310087.94
6938,1392,1,2,58,2025-02-19,2025-05-31,8.86,14291.41,282900.48
6939,491,2,1,72,2025-04-10,2025-09-22,1.24,2629.36,16672.95
6940,1645,41,1,43,2025-10-25,2026-02-13,0.81,1111.61,42678.39
6941,1325,20,1,43,2025-11-18,2026-03-25,10.96,18764.96,162283.99
6942,662,2,2,64,2025-07-15,2025-11-18,1.91,3485.3,66533.32
6943,1240,1,2,66,2025-06-23,2025-12-10,1.44,1442.55,69617.13
6944,1245,1,2,42,2025-01-05,2025-04-15,1.18,1431.51,26032.53
6945,1493,16,2,85,2025-03-23,2025-08-04,2.26,3175.59,85842.7
6946,1303,14,3,44,2025-12-18,2026-03-13,10.7,23235.02,341925.97
6947,423,14,3,25,2025-05-02,2025-08-24,1.37,1723.41,39224.87
6948,835,14,1,51,2025-04-18,2025-08-08,1.66,3699.91,44290.22
6949,730,1,2,63,2025-01-02,2025-06-06,1.49,2684.01,45905.84
6950,380,20,2,97,2025-07-01,2025-09-14,1.25,1175.61,52547.08
6951,1442,2,1,58,2025-01-17,2025-04-18,1.12,2382.35,31214.44
6952,1659,7,1,42,2025-11-07,2026-03-20,2.25,4387.63,109259.17
6953,631,19,2,85,2025-08-16,2025-12-10,7.63,17479.82,393460.48
6954,1565,14,1,52,2025-04-06,2025-07-30,5.78,11240.59,104681.58
6955,706,1,2,22,2025-10-05,2026-04-01,0.64,1338.65,27443.25
6956,573,14,3,35,2025-06-06,2025-08-23,1.79,2855.97,36008.21
6957,627,1,1,40,2025-06-07,2025-11-18,7.58,11417.29,320153.96
6958,281,19,2,92,2025-01-21,2025-06-19,1.89,1720.83,102921.66
6959,1594,7,1,31,2025-04-14,2025-07-12,4.99,10904.56,64761.99
6960,1683,20,1,31,2025-12-08,2026-03-21,3.85,6867.06,102230.98
6961,709,14,1,73,2025-11-15,2026-04-01,2.02,4576.98,86167.44
6962,278,23,3,6,2025-10-09,2026-02-20,9.26,19481.09,390541.07
6963,1553,14,1,96,2025-04-19,2025-08-08,0.55,835.49,18698.89
6964,391,41,2,79,2025-10-13,2026-02-06,2.46,3978.23,43424.11
6965,1109,19,1,8,2025-09-19,2026-02-14,6.79,6214.21,360768.27
6966,1237,19,2,76,2025-01-23,2025-07-16,11.18,25988.8,409469.65
6967,752,19,2,96,2025-06-13,2025-11-01,3.1,3643.81,49700.47
6968,1255,1,2,18,2025-05-25,2025-09-23,0.41,638.54,11989.07
6969,10,2,1,8,2025-06-12,2025-08-29,3.63,5382.12,63494.65
6970,404,19,1,87,2025-06-15,2025-12-04,4.47,9381.56,208798.21
6971,656,2,1,43,2025-06-16,2025-10-23,3.04,7193.94,95435.19
6972,1779,23,3,57,2025-03-06,2025-07-17,5.18,8244.72,224628.22
6973,956,19,1,28,2025-11-17,2026-03-30,0.97,2149.16,49227.11
6974,1246,2,1,26,2025-04-18,2025-07-23,3.44,5659.95,163013.37
6975,1622,14,3,43,2025-12-16,2026-04-06,5.87,7702.23,158317.1
6976,392,41,3,83,2025-12-16,2026-05-15,0.72,781.2,35139.63
6977,1046,19,3,1,2025-07-11,2025-12-21,1.05,2073.08,25809.42
6978,487,41,2,30,2025-11-24,2026-04-11,4.29,5104.71,127889.02
6979,1149,19,3,69,2025-05-12,2025-10-12,1.61,2743.55,32747.17
6980,684,19,3,25,2025-05-23,2025-10-01,5.29,5276.01,194631.87
6981,1685,20,3,5,2025-01-17,2025-05-17,1.15,1036.53,31033.04
6982,1698,41,3,71,2025-08-10,2026-01-15,1.07,2326.93,49232.46
6983,1049,2,2,47,2025-09-18,2026-02-16,2.91,6732.06,71331.5
6984,110,2,1,70,2025-03-15,2025-08-09,4.88,7994.26,195454.56
6985,1333,2,1,46,2025-08-11,2025-10-29,1.18,1780.01,48934.86
6986,496,20,1,81,2025-12-04,2026-04-26,5.84,10672.14,195268.18
6987,1669,23,2,15,2025-08-22,2026-01-31,3.46,5642.02,131670.78
6988,1007,14,2,32,2025-11-05,2026-02-21,3.52,3966.25,135301.58
6989,404,20,3,39,2025-10-22,2026-01-16,3.73,3631.44,48826.16
6990,463,41,3,43,2025-07-21,2025-10-22,7.47,12325.81,246612.09
6991,577,19,1,97,2025-05-14,2025-11-09,3.71,8243.91,69409.49
6992,1214,19,1,13,2025-07-20,2025-11-01,1.35,3237.92,23194.63
6993,60,1,2,21,2025-02-07,2025-06-02,0.84,1357.95,17441.9
6994,536,1,3,17,2025-01-11,2025-03-28,6.36,14784.85,101213.99
6995,1698,20,3,13,2025-07-06,2025-12-18,1.73,2921.55,47659.97
6996,695,7,1,63,2025-06-17,2025-09-23,9.66,20480.27,161066.12
6997,796,20,3,80,2025-02-22,2025-07-28,3.07,6592.91,107214.64
6998,236,20,2,36,2025-12-20,2026-03-11,0.81,1288.66,12831.92
6999,1363,7,1,40,2025-01-11,2025-07-08,3.56,7836.04,177269.07
7000,578,19,1,2,2025-01-05,2025-05-09,0.81,749.05,39836.24
7001,1530,19,1,62,2025-05-03,2025-09-18,1.08,972.01,58289.43
7002,536,20,3,78,2025-09-19,2026-01-25,9.11,15223.25,402344.73
7003,1595,20,1,1,2025-11-18,2026-05-15,3.63,4534.35,117069.97
7004,1,1,1,53,2025-11-19,2026-04-06,4.62,11080.77,119196.57
7005,829,19,1,50,2025-08-07,2025-11-30,0.81,1647.38,10658.29
7006,170,19,2,48,2025-12-18,2026-03-19,2.65,4426.93,37786.22
7007,934,1,3,50,2025-04-01,2025-06-16,5.73,5448.19,235426.55
7008,1628,2,2,87,2025-03-23,2025-06-23,0.65,829.5,21445.28
7009,1183,14,2,2,2025-06-10,2025-11-16,5.68,11994.16,283465.37
7010,687,1,1,94,2025-04-08,2025-09-17,3.77,5240.43,65701.99
7011,473,19,3,83,2025-04-04,2025-09-13,3.85,6754.16,118640.32
7012,502,1,1,78,2025-10-10,2026-03-31,2.52,4214.21,100215.58
7013,643,7,1,99,2025-02-11,2025-08-10,0.55,729.13,15478.92
7014,1358,2,1,44,2025-05-24,2025-09-27,3.04,5266.83,164341.25
7015,1123,14,2,51,2025-03-06,2025-08-01,5.48,11833.5,221392.67
7016,1144,41,1,81,2025-03-24,2025-09-03,1.16,1834.84,35761.08
7017,1718,14,3,18,2025-09-12,2025-12-23,10.17,18139.84,513785.99
7018,401,20,1,35,2025-12-12,2026-05-31,1.8,3523.84,93725.4
7019,61,19,1,99,2025-09-13,2025-12-10,6.4,6985.67,290783.52
7020,784,7,2,11,2025-02-01,2025-04-27,1.55,3693.4,37915.82
7021,1672,19,1,71,2025-12-06,2026-05-26,0.44,952.7,7921.42
7022,637,23,2,77,2025-08-23,2025-12-21,4.91,6505.35,181703.7
7023,1327,19,1,5,2025-08-03,2026-01-09,3.79,8429.75,160486.99
7024,710,19,1,26,2025-10-18,2026-03-05,0.62,824.97,13548.22
7025,1191,7,3,5,2025-02-01,2025-05-01,3.04,5430.6,117843.02
7026,593,19,3,46,2025-04-21,2025-07-22,3.54,7098.58,97040.79
7027,185,20,3,4,2025-09-16,2026-01-29,5.14,9461.37,205662.06
7028,554,2,2,51,2025-09-16,2026-01-31,4.75,5391.84,117728.21
7029,670,1,2,30,2025-10-14,2026-01-13,5.22,8560.36,243602.83
7030,1417,14,2,28,2025-02-05,2025-07-10,2.17,2141.67,92410.26
7031,1458,7,1,6,2025-08-24,2025-11-12,1.88,1785.49,31511.86
7032,1718,1,2,31,2025-08-01,2026-01-08,7.33,17090.19,320413.21
7033,1631,20,2,36,2025-03-09,2025-06-19,0.65,924.5,7892.44
7034,1579,23,3,94,2025-02-13,2025-05-09,8.2,14693.95,321071.96
7035,1233,2,2,90,2025-03-10,2025-08-21,3.04,3880.2,48831.56
7036,978,19,1,99,2025-07-05,2025-09-25,1.08,2216.19,39046.34
7037,584,19,2,13,2025-06-23,2025-11-05,0.61,1194.62,18504.57
7038,629,19,3,4,2025-09-22,2026-02-12,1.14,2214.56,36811.95
7039,1447,19,3,56,2025-04-25,2025-08-17,5.99,6394.26,98994.01
7040,550,20,1,4,2025-02-06,2025-05-13,6.8,6349.28,110940.69
7041,323,2,3,86,2025-02-03,2025-05-28,0.9,1080.11,12872.51
7042,868,20,2,46,2025-09-14,2025-12-13,2.31,4438.42,49594.78
7043,1133,20,2,63,2025-09-17,2026-02-05,1.1,2140.68,39141.74
7044,720,41,2,52,2025-09-01,2025-12-15,2.01,3074.78,33452.34
7045,1269,14,2,43,2025-06-09,2025-10-31,5.12,6236.92,177210.95
7046,499,20,2,16,2025-04-13,2025-08-07,5.25,9051.04,266282.54
7047,942,19,1,60,2025-04-02,2025-08-19,3.35,6782.83,178498.15
7048,1149,1,1,92,2025-12-21,2026-06-13,2.67,5387.44,134026.92
7049,421,20,3,36,2025-02-14,2025-07-03,6.81,7705.57,243745.26
7050,550,19,2,14,2025-02-11,2025-05-25,1.37,1697.65,35531.76
7051,388,14,3,50,2025-11-07,2026-03-13,9.51,16221.5,374421.33
7052,1619,20,2,34,2025-11-16,2026-03-05,1.32,1522.95,43060.09
7053,1548,19,2,26,2025-10-25,2026-01-31,1.68,1899.09,84993.05
7054,223,19,3,79,2025-08-20,2026-01-27,10.32,20977.22,302141.86
7055,55,1,1,100,2025-02-23,2025-07-01,3.6,7193.25,168170.76
7056,313,1,3,96,2025-10-24,2026-04-07,1.94,3526.4,67658.38
7057,1762,2,3,57,2025-05-01,2025-08-02,8.88,12540.37,148104.99
7058,1785,23,2,44,2025-02-24,2025-05-23,1.27,2238.75,67800.35
7059,1229,20,3,24,2025-09-21,2025-12-26,6.44,9549.07,121100.02
7060,387,23,1,94,2025-10-03,2026-02-03,0.87,1978.96,40888.87
7061,1616,19,3,8,2025-11-09,2026-04-02,4.69,4704.49,225747.29
7062,604,1,3,70,2025-11-08,2026-03-01,7.9,17289.37,312955.22
7063,250,20,3,11,2025-06-23,2025-09-06,2.15,4415.97,47671.11
7064,511,41,3,38,2025-07-09,2025-09-29,6.65,8447.46,193229.28
7065,1034,14,3,76,2025-06-13,2025-11-17,1.24,2607.09,21725.4
7066,308,1,3,41,2025-06-12,2025-11-04,2.41,4987.79,114372.52
7067,883,2,1,73,2025-09-16,2026-02-16,2.03,4609.9,59998.08
7068,1578,23,3,62,2025-09-24,2025-12-27,3.75,5670.04,61101.87
7069,882,23,2,54,2025-05-18,2025-10-28,1.52,2104.69,57740.29
7070,310,19,3,26,2025-04-16,2025-07-21,0.54,586.89,25034.29
7071,1428,1,1,79,2025-09-22,2026-01-16,3.36,3864.72,164504.16
7072,1176,1,3,43,2025-01-20,2025-06-21,1.4,2219.72,68378.04
7073,1710,19,2,56,2025-03-15,2025-08-19,2.45,2686.99,65051.25
7074,1593,20,2,15,2025-10-03,2026-03-24,2.98,3697.3,37854
7075,200,19,2,1,2025-05-20,2025-08-23,1.91,3014.84,33972.85
7076,718,20,1,52,2025-04-12,2025-08-31,1.02,1865.75,23304.04
7077,1644,19,2,22,2025-11-09,2026-04-16,3.3,5134.51,40827.4
7078,982,1,3,100,2025-03-12,2025-08-11,1.36,2750.47,61367.18
7079,1222,19,1,70,2025-02-25,2025-05-28,0.88,1714.81,24429.93
7080,221,20,1,1,2025-07-11,2025-11-29,4.06,6975.49,110430.32
7081,332,1,2,97,2025-08-11,2026-01-09,10.16,9503.23,308928.79
7082,1483,19,2,53,2025-09-01,2025-12-26,4.72,6253.37,59030.04
7083,615,20,1,69,2025-09-12,2025-11-28,8.44,16444.16,164466.98
7084,1343,2,3,24,2025-07-02,2025-09-17,0.5,1016.16,14371.75
7085,525,1,2,62,2025-02-24,2025-05-15,7.7,11155,376984.45
7086,1617,20,3,33,2025-10-12,2026-02-03,1.49,1771.83,59550.85
7087,850,2,3,19,2025-03-21,2025-07-18,4.41,4621.3,159929.36
7088,1316,14,3,35,2025-08-12,2025-11-02,1.9,3849.65,31533.55
7089,1442,2,1,26,2025-11-07,2026-03-19,1.76,3179.51,65322
7090,1327,2,2,32,2025-09-01,2026-01-11,3.48,3306.41,148405.51
7091,503,19,1,80,2025-02-25,2025-07-17,1.76,4114.2,46684.28
7092,1561,14,1,86,2025-05-25,2025-10-09,2.4,5623.51,88706.59
7093,31,2,1,99,2025-03-02,2025-07-08,4.51,5468.48,70495.75
7094,604,23,3,61,2025-02-21,2025-05-26,3.31,7156.7,49669.65
7095,258,1,3,94,2025-02-23,2025-06-02,2.38,2765.54,109408.37
7096,244,1,2,50,2025-06-18,2025-10-06,1.04,1502.45,22323.49
7097,1432,16,1,87,2025-11-08,2026-03-10,3.88,6403.86,125578.23
7098,1375,1,3,60,2025-02-24,2025-06-19,1.26,2947.63,68749.9
7099,1347,41,1,23,2025-01-15,2025-05-04,1.98,3041.08,40024.62
7100,222,41,1,51,2025-06-02,2025-10-13,0.84,1145.1,39955.27
7101,1087,1,2,50,2025-05-24,2025-09-17,3.7,6871.66,150221.85
7102,337,23,1,64,2025-08-23,2025-11-08,0.69,1188.32,17928.45
7103,7,1,3,52,2025-01-02,2025-03-18,1.9,3396.35,93784.74
7104,1436,14,3,38,2025-06-15,2025-09-27,0.68,1095.18,30806.73
7105,1452,19,3,20,2025-02-20,2025-06-28,0.81,1126.86,13104.65
7106,1554,20,1,90,2025-12-12,2026-04-04,1.78,2079.3,37515.58
7107,1652,1,2,70,2025-11-07,2026-05-02,1.28,1866.42,26685.06
7108,1515,2,1,88,2025-02-02,2025-06-28,1.54,1758.73,55466.35
7109,467,1,3,83,2025-06-03,2025-10-12,3.29,4279.56,132977.83
7110,1388,20,3,17,2025-04-04,2025-07-29,1.06,1356.87,22660.95
7111,1611,2,2,10,2025-08-20,2025-12-10,7.36,10914.07,281536.21
7112,574,14,3,4,2025-08-24,2025-12-29,4.44,9501.94,221714.11
7113,1091,1,2,6,2025-10-15,2026-01-14,1.2,1731.96,19635.15
7114,606,2,3,18,2025-02-20,2025-06-17,0.66,827.51,35272.35
7115,48,1,1,6,2025-02-14,2025-06-02,1.77,2322.13,30909.59
7116,1054,19,3,96,2025-04-12,2025-08-27,5.82,9898.99,133990.55
7117,1027,19,2,61,2025-01-01,2025-06-11,1.4,1717.8,36436.68
7118,850,1,1,90,2025-05-20,2025-09-16,3.9,5903.82,131796.83
7119,123,19,3,18,2025-05-21,2025-10-31,6.31,13677.54,322323.49
7120,1675,2,1,95,2025-02-24,2025-07-31,0.54,529.11,14918.85
7121,738,14,3,95,2025-05-12,2025-10-19,2.72,5861.35,133158.97
7122,351,20,3,50,2025-04-05,2025-08-12,4.8,7202.38,215814.45
7123,1479,19,1,68,2025-11-09,2026-03-16,3.51,5917.6,53173.52
7124,1659,41,2,60,2025-03-16,2025-08-17,2.93,5455.34,144867.54
7125,434,19,3,48,2025-09-06,2026-02-14,9.88,19031.08,272505.03
7126,380,20,2,37,2025-09-25,2026-02-05,9.42,13894.96,175918.25
7127,1329,2,1,23,2025-11-03,2026-03-15,1.94,4181.04,85779.55
7128,584,2,3,28,2025-12-06,2026-05-28,0.8,1397.77,31751.79
7129,66,20,2,96,2025-03-14,2025-07-31,8.81,19632.74,115828.46
7130,849,20,3,10,2025-02-14,2025-07-30,0.77,1227.52,38397.28
7131,504,19,1,40,2025-03-22,2025-07-19,6.86,12262.24,340794.7
7132,1143,7,3,32,2025-02-18,2025-06-23,10.18,10217.67,286774.26
7133,251,19,1,36,2025-10-12,2026-01-10,1.77,3098.6,52219.8
7134,1707,7,3,28,2025-09-16,2026-01-12,2.29,4805.91,108070.67
7135,913,1,1,84,2025-06-12,2025-11-08,1.49,2278.27,38010.78
7136,499,20,2,52,2025-01-08,2025-03-31,0.9,876.58,40083.64
7137,698,14,2,72,2025-12-16,2026-03-06,3.55,4069.29,134334.66
7138,517,41,1,38,2025-04-04,2025-07-21,2.4,3973.62,49031.79
7139,1547,14,3,2,2025-03-09,2025-06-25,8.2,17484.64,121619.13
7140,368,20,2,96,2025-07-25,2025-10-17,1.52,2870.79,34277.37
7141,1315,14,1,64,2025-05-01,2025-10-09,8.53,11240.69,142715.74
7142,331,1,1,90,2025-07-04,2025-09-30,7.4,11771.92,405314.94
7143,304,19,3,23,2025-09-09,2026-01-05,4.27,6950.33,207657.39
7144,998,20,1,72,2025-06-04,2025-09-13,0.8,1119.14,18032.25
7145,1232,1,3,77,2025-10-24,2026-04-21,6.59,10301.51,84968.13
7146,463,20,2,26,2025-02-22,2025-06-26,5.16,11667.65,220721.65
7147,1740,20,2,70,2025-08-21,2025-11-21,1.27,2153.38,65876.52
7148,1499,14,3,46,2025-06-11,2025-09-26,0.83,921.78,38029.82
7149,1163,19,3,39,2025-12-18,2026-03-29,2.34,5141.79,43214.92
7150,1088,1,2,98,2025-12-01,2026-03-26,6.31,11769.26,107276.56
7151,365,23,2,47,2025-04-19,2025-09-03,9.28,11329.98,155430.52
7152,1063,41,1,48,2025-08-10,2025-12-10,0.65,1035.62,33950.87
7153,653,23,2,85,2025-02-15,2025-05-08,1.61,2491.68,82274.89
7154,1438,2,3,87,2025-12-04,2026-02-24,1,1265.52,16985.41
7155,631,14,1,77,2025-05-06,2025-10-26,4.07,5922.26,52291.83
7156,466,19,3,63,2025-01-11,2025-04-23,4.39,7028.69,237374.7
7157,738,19,1,79,2025-05-17,2025-09-18,1.67,1745.64,48766.05
7158,510,20,1,97,2025-07-18,2025-11-02,2.05,4616.31,77782.75
7159,182,1,3,94,2025-04-10,2025-09-06,0.96,1323.59,30666.17
7160,1350,14,2,31,2025-06-16,2025-11-12,5.13,7873.99,159114.29
7161,1361,41,2,43,2025-07-22,2026-01-17,1.13,1603.68,48215.95
7162,654,14,1,38,2025-07-02,2025-12-08,1.32,1519.29,49557.3
7163,1511,1,3,14,2025-11-12,2026-04-11,0.92,2032.1,18226.13
7164,596,1,1,17,2025-04-01,2025-08-06,2.23,2185.2,120930.92
7165,802,1,1,27,2025-06-24,2025-09-22,0.81,1923.92,31444.45
7166,78,20,2,41,2025-02-05,2025-05-28,1.6,1449.53,69936.62
7167,8,23,3,60,2025-07-09,2025-11-11,2.44,4152.2,83170.52
7168,368,23,1,54,2025-08-21,2026-01-24,1.51,1984.37,72349.57
7169,1154,41,3,7,2025-07-15,2025-10-26,1.25,1420.14,25107.81
7170,1445,20,2,91,2025-05-05,2025-09-20,7.29,11249.62,309429.16
7171,138,19,2,63,2025-05-04,2025-08-06,10.43,10288.56,372024.42
7172,1326,20,1,95,2025-09-16,2026-01-25,4.06,8679.97,49640.62
7173,1223,19,3,86,2025-10-23,2026-04-13,1.21,2064.46,20668.02
7174,567,2,2,37,2025-02-07,2025-06-16,0.81,1663.01,17728.89
7175,5,1,2,63,2025-10-23,2026-02-10,4.35,6111.33,210782.95
7176,277,23,3,71,2025-03-20,2025-08-10,7.52,16496.77,314382.26
7177,717,14,3,2,2025-04-23,2025-08-13,4.07,8331.23,134284.29
7178,501,14,1,42,2025-02-11,2025-08-03,0.83,1057.98,34480.53
7179,363,20,1,4,2025-05-12,2025-10-15,1.24,1912.11,27784.8
7180,247,7,3,27,2025-03-19,2025-06-25,1.58,2590.77,26517.91
7181,673,19,1,41,2025-02-22,2025-07-05,7.7,9937.27,266387.74
7182,1574,14,2,26,2025-02-17,2025-07-19,6.54,9166.51,109138.27
7183,1457,41,1,54,2025-02-19,2025-05-05,2.62,2639.37,142421.79
7184,1448,19,1,4,2025-02-11,2025-07-14,3.85,6889.17,61554.02
7185,252,19,3,57,2025-12-11,2026-04-08,4.1,4853.04,214086.54
7186,920,23,1,95,2025-01-03,2025-03-26,6.94,11349.61,151655.24
7187,578,14,3,38,2025-03-12,2025-09-04,0.96,2095.8,21950.1
7188,406,14,3,67,2025-05-24,2025-09-19,2.05,2801.73,32317.26
7189,359,20,3,78,2025-09-10,2026-02-19,4.2,5652.28,88095.77
7190,1277,19,3,69,2025-10-11,2026-03-24,0.7,1093.32,14288.82
7191,1686,23,1,42,2025-07-02,2025-09-24,3.56,6003.55,93456.9
7192,214,19,1,49,2025-05-16,2025-10-06,8.91,9772.73,199032.85
7193,1545,14,1,43,2025-03-17,2025-07-11,3.24,4772.56,127153.72
7194,1633,19,3,51,2025-02-17,2025-05-22,6.62,8542.15,204723.74
7195,183,19,3,22,2025-07-13,2025-11-01,9.13,14471.04,491725.18
7196,27,14,3,31,2025-03-12,2025-07-11,1.79,3212.86,68234.25
7197,596,1,3,5,2025-03-10,2025-08-28,1.02,1940.08,18506.54
7198,273,20,2,76,2025-09-03,2026-01-25,4.3,3896,114015.05
7199,24,19,3,64,2025-05-13,2025-11-04,6.06,7755.45,159253.57
7200,1486,19,1,4,2025-10-20,2026-02-19,8.12,8859.19,130307.45
7201,824,23,3,80,2025-10-09,2026-02-11,6.77,9105.27,302767.65
7202,1613,19,3,40,2025-09-02,2025-12-12,5.5,5375.37,99851.11
7203,738,19,1,17,2025-09-14,2025-12-21,1.73,2102.14,33145.12
7204,722,20,3,5,2025-03-01,2025-07-14,4.8,4795.13,173559.65
7205,1626,14,1,3,2025-05-09,2025-10-06,1.04,1003.03,39704.33
7206,825,2,1,52,2025-07-21,2025-11-06,1.89,2043.38,62000.62
7207,118,1,3,42,2025-12-17,2026-05-05,0.88,1938.8,46274.18
7208,798,19,1,63,2025-08-19,2025-11-20,0.44,397.15,24069.16
7209,838,2,3,7,2025-01-23,2025-04-26,0.8,769.23,11220.89
7210,344,41,2,8,2025-10-17,2026-03-31,5.85,6146.5,196588
7211,123,20,3,91,2025-07-14,2025-10-03,5.5,12357.61,193492.76
7212,1078,2,2,24,2025-08-09,2026-01-04,0.58,1115.36,24887.69
7213,343,7,3,81,2025-01-23,2025-06-24,9.88,18246.81,344333.91
7214,261,14,3,41,2025-01-01,2025-05-08,2.41,4635.96,119431.53
7215,415,20,1,45,2025-11-12,2026-05-04,0.4,458.94,9462.81
7216,644,7,3,84,2025-03-03,2025-07-08,6.13,6032.05,174944.34
7217,102,20,2,50,2025-02-23,2025-08-19,2.98,6262.4,145505.38
7218,1527,2,2,21,2025-08-10,2025-12-31,5.02,7215.64,233562.3
7219,614,19,1,11,2025-03-03,2025-08-23,0.54,531.89,12803.31
7220,339,1,3,43,2025-11-23,2026-05-16,3.76,5828.53,80312.03
7221,782,20,2,90,2025-11-21,2026-05-09,1,2099.13,19027.04
7222,1546,14,2,38,2025-06-22,2025-09-26,6.68,10231.34,361912.2
7223,168,2,3,29,2025-08-05,2025-10-22,2.6,4824.64,71395.47
7224,599,2,3,38,2025-09-04,2025-12-15,4.2,7406.79,215477.11
7225,476,23,3,10,2025-04-17,2025-08-13,2.9,5190.79,67334.53
7226,1753,23,3,31,2025-05-15,2025-10-21,7.17,10259.15,184226.05
7227,887,19,1,75,2025-11-25,2026-03-30,7.06,12112.24,249350.15
7228,917,41,3,53,2025-05-04,2025-08-15,2.95,6208.02,125849.2
7229,1481,1,3,3,2025-02-16,2025-07-22,1.22,2841.31,16080.62
7230,1114,1,1,5,2025-01-10,2025-04-15,5.97,6326.42,318073.7
7231,774,20,2,100,2025-06-11,2025-10-25,1.33,2561.84,47678.29
7232,1315,14,2,69,2025-08-11,2026-01-02,7.89,18180.83,104436.29
7233,1626,14,1,74,2025-12-02,2026-04-27,1.75,1968.38,81422.18
7234,1696,1,2,50,2025-07-23,2025-12-01,0.98,2290.53,45420.45
7235,1450,14,2,97,2025-06-15,2025-09-28,3.28,4986.79,150911.96
7236,27,14,3,94,2025-11-20,2026-03-02,4.36,7162.19,181408.87
7237,870,14,1,91,2025-12-23,2026-06-08,1.65,2573.41,27037.37
7238,289,20,3,65,2025-03-08,2025-08-25,1.38,1997.15,67275.86
7239,675,20,1,60,2025-05-07,2025-09-18,0.67,1312.95,27359.49
7240,1347,20,1,51,2025-06-23,2025-11-09,2.15,4408.78,30734.41
7241,903,1,1,69,2025-08-06,2025-10-30,1.08,1453.68,23694.01
7242,1074,2,1,17,2025-08-20,2025-12-28,1.46,2698.99,56059.93
7243,1168,1,3,11,2025-05-09,2025-11-05,5.12,8830.15,89415.32
7244,1101,20,2,19,2025-07-24,2026-01-12,2.43,3042.76,57168.22
7245,1050,2,2,93,2025-12-23,2026-04-18,4.39,7490.52,193823.59
7246,784,7,2,89,2025-05-09,2025-10-03,4.8,9962.94,170173.07
7247,1068,2,3,92,2025-06-12,2025-10-16,1.93,3630.65,61087.45
7248,1507,41,2,15,2025-03-13,2025-06-30,1.39,2121.91,54321.43
7249,779,20,1,5,2025-09-25,2026-02-04,0.47,752.95,17910.14
7250,812,19,1,93,2025-09-23,2026-01-23,9.4,12324.95,190016.71
7251,700,20,3,55,2025-07-22,2025-10-10,0.94,1121.24,45246.96
7252,1049,20,1,83,2025-04-25,2025-07-13,2.21,4827.17,83154.42
7253,224,16,1,99,2025-09-24,2026-01-06,3.64,6284.11,45287.28
7254,1736,1,1,32,2025-12-24,2026-04-24,1.47,1365.7,32920.14
7255,1668,19,1,8,2025-04-02,2025-08-28,3.98,7549.18,101459.48
7256,1704,19,1,69,2025-11-05,2026-03-12,3.73,6086.5,103412.54
7257,143,1,2,38,2025-02-17,2025-06-10,2.36,3751.88,30633.73
7258,518,41,2,7,2025-07-18,2026-01-13,3.53,4286.84,118670.06
7259,1291,2,2,74,2025-11-18,2026-02-09,1.93,2536.06,78300.64
7260,15,2,1,22,2025-04-05,2025-09-24,3.26,6845.99,63832.66
7261,248,41,3,30,2025-02-01,2025-07-22,4.88,9437.98,84858.27
7262,480,14,1,50,2025-04-14,2025-09-08,9.72,15798.31,355215.39
7263,341,19,2,4,2025-02-22,2025-05-30,0.41,657.08,4949.84
7264,195,20,3,21,2025-11-10,2026-02-23,3.6,5045.02,57211.47
7265,365,23,2,40,2025-02-20,2025-05-22,3.46,6035.49,128347.88
7266,780,2,3,18,2025-12-17,2026-05-21,3.82,3952.65,156137.03
7267,1506,1,1,72,2025-12-05,2026-04-12,2.49,2585.07,86201.58
7268,1779,1,2,80,2025-11-23,2026-02-26,2.77,6170.85,66658.03
7269,983,20,2,78,2025-05-15,2025-08-04,0.76,923.35,25289.19
7270,528,19,3,26,2025-09-25,2026-01-25,5.02,7646.73,182176.69
7271,864,1,1,4,2025-07-18,2025-10-12,1.2,1399.54,58698.42
7272,485,1,1,27,2025-10-01,2026-02-13,0.44,522.07,8727.31
7273,1193,19,2,78,2025-09-06,2026-02-25,0.92,2181.27,30532.52
7274,1217,2,3,64,2025-09-19,2026-01-10,8.59,13242,229831.13
7275,1456,2,2,70,2025-04-16,2025-08-08,2.89,5004.62,72721.81
7276,1631,41,2,20,2025-07-09,2025-10-25,4.56,4908.54,177445.3
7277,1262,19,2,24,2025-01-11,2025-03-29,1.86,4216.59,63119.87
7278,1292,1,3,21,2025-12-06,2026-03-10,0.91,1086.95,34305.71
7279,221,7,2,34,2025-12-10,2026-04-22,8.79,10741.02,208053.31
7280,200,2,1,33,2025-05-08,2025-10-23,6.91,8985.88,175779.79
7281,1404,23,2,93,2025-08-08,2026-01-02,1.07,2305.3,42973.75
7282,144,19,1,2,2025-05-01,2025-09-29,1.32,2369.24,59222.24
7283,1397,1,1,99,2025-08-08,2025-11-13,1.89,1914.78,39078.19
7284,979,1,3,3,2025-06-21,2025-12-10,1.23,2218.2,16550.96
7285,793,16,1,44,2025-02-09,2025-06-10,6.87,7703.41,219506.2
7286,1635,1,1,23,2025-11-04,2026-03-15,0.93,1902.79,39864.03
7287,1792,19,1,10,2025-11-13,2026-03-26,2.94,5157.92,64307.74
7288,12,19,2,42,2025-08-14,2025-12-01,5.07,9547.82,148080.55
7289,184,14,2,97,2025-05-07,2025-07-23,2.98,4153.7,158600.75
7290,1125,14,1,89,2025-09-19,2026-01-15,1.95,1825.03,66117.74
7291,1727,19,1,19,2025-08-11,2025-11-01,5.09,8901.16,192009.21
7292,619,19,2,98,2025-01-04,2025-04-14,2.51,4555.66,39095.66
7293,512,41,3,80,2025-01-08,2025-05-15,6.57,10661.32,125813.61
7294,1086,2,2,47,2025-03-13,2025-06-30,0.82,1608.15,36222.78
7295,1540,19,2,36,2025-11-21,2026-02-04,0.69,925.75,19219.98
7296,1010,1,1,61,2025-05-16,2025-09-19,6.58,7277.61,129584.18
7297,340,20,3,11,2025-04-08,2025-08-30,4.62,5599.4,242279.46
7298,3,20,3,86,2025-05-25,2025-11-11,1.14,2450.23,33804.98
7299,61,2,3,91,2025-10-24,2026-04-06,1.12,1179.18,33226.6
7300,1785,14,1,84,2025-05-11,2025-08-19,1.51,2612.52,83035.22
7301,366,1,1,85,2025-05-15,2025-08-01,7.12,8924.89,226980.83
7302,883,19,3,86,2025-01-13,2025-05-19,1.44,1427.11,68809.55
7303,1074,2,3,85,2025-03-11,2025-09-05,2.66,3180.81,126704.47
7304,394,19,3,14,2025-02-19,2025-05-30,0.95,2215.39,47448.53
7305,946,14,2,2,2025-05-22,2025-09-17,2.05,4808.41,107412.42
7306,1156,1,2,17,2025-10-19,2026-02-27,0.41,427.89,15837.41
7307,1348,20,1,25,2025-01-16,2025-06-01,7.63,7016.06,123515.89
7308,798,20,1,42,2025-01-11,2025-05-22,1.17,1105.56,25831.79
7309,1685,20,2,8,2025-02-18,2025-05-20,1.58,3403.12,25757.26
7310,81,20,2,5,2025-03-20,2025-08-20,5.62,8529.93,304162.33
7311,1749,23,3,4,2025-10-03,2026-01-10,3.81,5838.4,87307.28
7312,499,14,1,6,2025-06-22,2025-11-25,8.2,9713.75,335918.69
7313,867,41,3,73,2025-02-21,2025-08-19,1.31,1553.05,69892.16
7314,651,19,1,45,2025-12-21,2026-04-02,9.33,13557.67,128560.47
7315,1130,20,1,82,2025-10-17,2026-01-01,7.2,13052,227813.75
7316,742,14,1,31,2025-03-12,2025-06-07,1.19,1868.9,28694.75
7317,444,1,1,65,2025-06-17,2025-09-20,10.04,17892.12,257862.59
7318,1563,41,1,71,2025-09-21,2025-12-19,0.5,752.63,6370.54
7319,996,19,2,72,2025-03-25,2025-08-15,2.19,2390.92,72037.34
7320,1318,19,2,2,2025-05-07,2025-10-17,2.21,4813.45,59057.96
7321,280,19,2,54,2025-12-10,2026-05-27,4.28,4427.74,168121.62
7322,12,2,1,45,2025-11-15,2026-04-28,2.8,4739.33,58024.14
7323,339,19,2,94,2025-07-18,2025-11-17,1.52,2956.06,24039.68
7324,527,20,1,75,2025-08-06,2025-12-22,2.67,3826.3,76739.02
7325,687,23,2,28,2025-06-24,2025-10-01,4.78,9020.26,171144.07
7326,645,1,2,8,2025-02-25,2025-08-03,5.32,11884.22,104396.53
7327,760,41,1,58,2025-07-22,2025-12-01,3.98,8542.78,147461.72
7328,566,23,2,67,2025-10-13,2026-01-25,0.74,670.7,33431.11
7329,309,19,1,10,2025-10-02,2026-01-16,8.05,11888.59,422374.95
7330,489,2,1,19,2025-03-16,2025-08-14,1.82,1991.81,87495.98
7331,675,20,2,8,2025-01-10,2025-03-27,0.72,1009.53,27329.55
7332,1529,19,2,18,2025-11-04,2026-02-11,1.86,2813.08,83746.5
7333,147,20,1,58,2025-08-25,2026-02-11,0.55,607.16,10708.44
7334,1700,1,1,47,2025-06-11,2025-09-04,2.21,3084.48,114601.81
7335,1046,1,3,57,2025-10-18,2026-01-16,0.45,826.56,7195.11
7336,1073,1,2,34,2025-03-14,2025-06-13,3.17,3320.39,170091.45
7337,1426,1,3,88,2025-09-20,2025-12-26,3.32,3219,83749.41
7338,306,2,3,36,2025-01-01,2025-06-08,3.87,6613.77,191175.15
7339,1299,16,2,38,2025-10-03,2026-01-04,1.02,1643.2,29304.11
7340,1299,20,2,81,2025-11-15,2026-04-10,2.08,2002.27,96199.59
7341,1354,1,1,92,2025-05-09,2025-10-15,7.8,9566.65,122514.14
7342,59,23,1,55,2025-02-20,2025-07-22,4.66,9140.03,145373.6
7343,694,19,3,94,2025-09-24,2026-03-08,1.49,2639.32,31865.32
7344,91,7,3,73,2025-12-02,2026-04-05,5.03,6240.65,149990.55
7345,639,23,3,34,2025-04-17,2025-07-28,3.23,5876.29,41160.64
7346,402,20,3,31,2025-03-05,2025-07-03,2.36,4848.19,34029.51
7347,206,14,2,30,2025-11-20,2026-03-09,9.94,13093.64,463528.37
7348,52,41,1,72,2025-01-16,2025-05-28,9.12,19681.03,179369.72
7349,606,19,2,61,2025-05-18,2025-09-26,2.79,3467.75,81307.81
7350,1298,14,3,73,2025-07-07,2026-01-02,1.45,2625.39,74758.33
7351,91,20,3,90,2025-10-21,2026-02-27,3.76,4637.13,93409.7
7352,903,1,3,41,2025-11-21,2026-05-12,3.97,8101.34,56382.96
7353,1630,19,3,87,2025-09-09,2025-12-08,4.24,9853.73,122774.4
7354,295,2,1,50,2025-03-02,2025-08-28,9.89,20748.2,240436.98
7355,1178,14,2,14,2025-10-23,2026-02-27,4.41,6096.47,72014.89
7356,339,19,2,4,2025-09-07,2026-01-10,2.81,5070.64,122124.28
7357,677,23,3,96,2025-04-25,2025-08-09,2.48,5089.41,108143.99
7358,1006,2,2,6,2025-09-24,2025-12-27,8.25,13728.35,340290.12
7359,652,19,3,45,2025-12-25,2026-06-01,5.77,10947.65,199849.83
7360,528,20,2,75,2025-01-09,2025-04-25,5.75,11850.05,110296.04
7361,221,7,1,96,2025-10-14,2025-12-31,5.81,8691.24,310542.44
7362,1613,19,1,6,2025-08-24,2026-02-19,6.84,12545.85,253446.35
7363,433,19,3,27,2025-03-25,2025-08-07,4.49,9633.26,91533.32
7364,110,2,3,27,2025-11-04,2026-02-12,1.17,2461.4,18622.97
7365,669,23,1,60,2025-02-20,2025-06-04,7.73,14779.2,215591.81
7366,1720,19,2,92,2025-09-17,2026-01-01,7.84,14716.18,360402.37
7367,1415,41,1,48,2025-10-16,2026-02-09,2.06,2746.84,45520.78
7368,735,19,3,33,2025-11-19,2026-04-27,8.95,10632.38,455090.79
7369,1374,7,2,13,2025-03-10,2025-06-21,0.66,1577.92,33259.74
7370,1694,2,1,2,2025-12-11,2026-03-22,4.56,10162.24,238928.29
7371,171,41,1,78,2025-06-08,2025-09-23,1.51,3356.4,49864.99
7372,1363,7,1,62,2025-05-21,2025-09-12,0.49,706.54,21978.61
7373,1517,14,1,71,2025-04-24,2025-08-25,1.26,2080,23191.96
7374,1131,1,1,48,2025-04-10,2025-08-03,1.16,2350.32,21597.89
7375,1490,19,3,54,2025-05-21,2025-09-04,7.24,7812.45,156596
7376,1682,20,3,36,2025-12-11,2026-03-03,2.76,4312.57,144154.19
7377,804,19,3,61,2025-12-03,2026-04-11,2,3485.17,87277.85
7378,1770,19,2,100,2025-11-17,2026-03-02,0.5,621.23,14245.12
7379,1657,1,1,32,2025-02-22,2025-06-07,5.33,5806.81,95282.35
7380,835,23,1,74,2025-05-01,2025-09-28,1.61,3796.74,23614.65
7381,1495,14,1,56,2025-05-06,2025-08-27,1.01,1271.85,51773.27
7382,398,19,2,54,2025-12-04,2026-03-23,1.51,1522.48,47749.89
7383,1601,19,1,68,2025-10-02,2025-12-26,4.75,9866.29,171413.74
7384,585,19,3,4,2025-12-06,2026-05-14,2.41,4763.84,38604.73
7385,1408,20,3,72,2025-12-05,2026-02-23,0.97,1298.94,16194.04
7386,595,14,2,56,2025-12-24,2026-03-24,1.98,4106.48,83425.64
7387,390,19,1,50,2025-05-22,2025-10-25,3.45,4463.81,98375.02
7388,806,1,3,9,2025-11-03,2026-01-28,3.66,4198.07,72719.95
7389,1144,7,2,57,2025-05-08,2025-09-22,0.82,1298.34,26215.09
7390,944,19,3,7,2025-02-24,2025-08-07,4.83,11420.82,186812.36
7391,88,23,1,75,2025-02-04,2025-08-02,0.6,760.84,8784.11
7392,1653,19,3,40,2025-03-23,2025-07-12,3.38,5235.85,89097.42
7393,1739,19,1,63,2025-06-19,2025-10-02,3.17,4497.22,158797.91
7394,447,19,2,95,2025-12-16,2026-05-16,3.6,7640.73,132633.53
7395,796,1,1,35,2025-09-06,2026-02-04,6.99,13399.68,336613.64
7396,1293,23,1,2,2025-12-11,2026-06-04,2.13,2733.42,117129.97
7397,170,19,2,4,2025-02-13,2025-06-22,0.83,1536.31,42612.86
7398,807,2,1,25,2025-04-10,2025-08-13,5.5,8753.64,86401.02
7399,809,20,3,23,2025-07-10,2025-11-30,1.53,1667.26,56030.51
7400,1630,20,2,78,2025-09-19,2026-02-28,5.6,7029.89,188791.76
7401,1661,14,3,85,2025-03-06,2025-07-30,0.97,2282.58,51188.04
7402,1170,19,1,82,2025-03-09,2025-08-05,4.77,9591.81,134318.46
7403,126,1,1,52,2025-05-11,2025-07-29,1.33,1358.98,19579.4
7404,403,1,3,68,2025-05-03,2025-10-20,4.42,4866.43,204007.1
7405,613,2,3,97,2025-02-02,2025-04-22,5.64,11503.1,288540.79
7406,540,1,2,72,2025-10-02,2026-03-07,0.9,1588.6,36663.62
7407,234,7,1,24,2025-01-05,2025-06-28,2.67,3140.87,120329.46
7408,201,19,2,97,2025-06-09,2025-10-29,9.62,15670.73,274660.34
7409,81,2,3,89,2025-08-15,2026-01-09,5.67,6590.92,81014.22
7410,1289,19,1,6,2025-06-09,2025-11-20,4.58,9681.32,90290.02
7411,1387,1,2,99,2025-07-02,2025-10-07,1.03,938.34,49314.7
7412,473,20,1,66,2025-04-23,2025-08-06,6.61,8417.79,202496.14
7413,119,41,2,66,2025-05-20,2025-10-13,1.08,1719.32,30487.65
7414,1156,20,2,40,2025-02-03,2025-07-13,7.91,9916.2,123720.95
7415,665,1,3,12,2025-04-13,2025-07-23,0.83,823.57,33913.02
7416,1182,19,3,74,2025-03-21,2025-07-13,4.27,5043.41,188894.21
7417,894,20,2,74,2025-09-18,2026-01-08,6.69,8665.1,99867.08
7418,275,1,3,25,2025-01-09,2025-05-15,6.39,11267.15,338577.97
7419,987,23,2,25,2025-09-09,2025-12-16,1.8,2299.75,79174.38
7420,755,2,1,57,2025-10-09,2026-03-06,5.51,10722.37,173141.58
7421,1617,19,1,7,2025-03-14,2025-07-25,0.67,1486.93,33511.46
7422,1346,19,2,77,2025-06-01,2025-11-27,2.34,5180.48,52692.22
7423,1598,14,3,40,2025-08-20,2026-01-30,2.46,4405.05,60953.36
7424,1573,14,1,75,2025-12-15,2026-06-13,0.97,2142.42,13235.17
7425,1385,20,2,74,2025-10-13,2026-01-14,2.38,3686.8,129548.88
7426,1353,23,1,52,2025-12-05,2026-06-03,5.59,13083.63,164601.7
7427,610,16,3,58,2025-06-15,2025-09-16,10.45,12193.03,436642.27
7428,1787,2,3,90,2025-07-22,2025-12-17,1.05,1908.32,56364.61
7429,463,7,1,22,2025-10-07,2026-02-08,9.65,16709.89,336718.47
7430,872,16,3,68,2025-08-09,2025-12-08,8.85,15794.77,433127.59
7431,353,1,2,67,2025-07-06,2025-10-14,6.41,6580.52,185846.88
7432,1315,19,2,91,2025-02-21,2025-08-10,5.36,8635.46,176507.27
7433,7,1,1,81,2025-11-21,2026-05-11,2.5,2960.53,69015.79
7434,950,19,1,22,2025-10-22,2026-03-31,2.83,2583.49,57213.31
7435,1325,20,2,56,2025-03-24,2025-07-20,1.19,2553.24,48339.07
7436,788,20,3,27,2025-06-06,2025-10-05,2.06,3134.63,67733.39
7437,854,41,2,52,2025-05-22,2025-09-18,2.58,3901.32,139181.62
7438,741,19,1,83,2025-04-12,2025-07-22,1.87,4213.25,26195.45
7439,1697,7,3,20,2025-11-19,2026-03-03,2.47,4927.8,99601.37
7440,744,20,1,33,2025-04-16,2025-09-07,3.85,6362.69,126412.65
7441,1481,1,2,15,2025-02-19,2025-08-05,2,3828.77,108521.83
7442,808,19,3,59,2025-11-14,2026-03-13,2.13,4639.27,41589.26
7443,992,20,2,91,2025-02-15,2025-08-10,5.51,11364.05,156198.88
7444,108,14,2,16,2025-12-01,2026-03-23,2.22,4903.13,55675.96
7445,252,2,1,28,2025-01-22,2025-04-23,5.22,11015.17,101747.28
7446,20,19,1,60,2025-04-22,2025-09-16,1.37,1903.73,65805.18
7447,1148,1,1,21,2025-07-01,2025-09-29,4.79,4806.17,116759.11
7448,687,23,1,48,2025-07-20,2025-10-30,3.11,5964.46,46124.25
7449,1621,19,3,15,2025-06-22,2025-09-08,0.72,1532.96,32079.99
7450,641,2,3,89,2025-06-16,2025-09-17,2.58,5993.53,91375.78
7451,1548,14,1,43,2025-03-21,2025-06-09,4.76,10749.3,73133.86
7452,878,1,3,23,2025-12-24,2026-06-22,3.45,6925.69,158907.04
7453,1683,7,3,15,2025-03-16,2025-08-14,6.53,6847.04,186918
7454,1278,16,3,14,2025-03-08,2025-06-05,1,1380.87,32986.34
7455,1537,2,3,57,2025-12-08,2026-03-18,2.38,2651.58,65263.22
7456,487,41,3,58,2025-01-23,2025-07-20,1.44,3251.16,70734.6
7457,1392,19,2,77,2025-08-18,2026-01-10,0.88,1090.15,42011.6
7458,237,20,1,35,2025-09-14,2026-02-05,2.32,4586.72,77010.6
7459,781,20,1,70,2025-03-03,2025-07-26,0.64,1517.01,13242.64
7460,1660,19,1,94,2025-11-14,2026-03-21,2.56,4228.18,73713.3
7461,127,23,2,89,2025-05-05,2025-09-21,0.82,1817.21,33337.66
7462,1530,19,1,89,2025-09-14,2026-02-09,0.8,1115.62,27316.11
7463,1695,19,2,17,2025-11-14,2026-04-05,4.95,9328.96,114519.12
7464,1724,2,2,45,2025-08-17,2025-12-08,0.83,1363.83,16910.71
7465,608,20,3,31,2025-04-12,2025-07-09,7.49,13049.35,216071.08
7466,1772,2,1,31,2025-09-14,2025-12-11,3.19,6044.3,62157.57
7467,1339,20,3,74,2025-07-07,2025-10-11,0.41,763.22,18375.62
7468,1443,14,2,79,2025-05-09,2025-09-14,1.76,3273.88,58150.29
7469,591,19,1,68,2025-02-04,2025-04-28,7.8,7348.06,338575.11
7470,508,19,1,41,2025-05-06,2025-08-04,4.34,7234.7,137235.17
7471,127,20,2,3,2025-12-10,2026-03-22,1.14,2630.65,23096.28
7472,950,14,1,8,2025-07-08,2025-10-08,1.31,2790.34,43396.97
7473,1070,1,1,17,2025-10-14,2026-01-31,0.59,1256.85,22230.62
7474,1053,1,3,97,2025-11-02,2026-02-19,1.89,2033.35,45500.18
7475,1172,19,3,86,2025-12-14,2026-05-16,3.79,5201.02,107435.07
7476,467,1,1,27,2025-06-06,2025-10-02,9,14238.89,259388.54
7477,238,16,1,20,2025-01-22,2025-07-20,8.89,19005,375629.06
7478,1748,1,3,30,2025-05-17,2025-09-26,0.45,432.42,8065.34
7479,1230,19,3,16,2025-09-13,2025-11-27,0.79,1309.94,37243.79
7480,1655,19,3,67,2025-08-22,2025-11-27,1.61,1840.67,81700.77
7481,749,2,2,100,2025-04-23,2025-08-10,5.69,13513.43,99356.47
7482,594,19,3,73,2025-01-05,2025-06-13,0.99,1840.06,22894.71
7483,1765,41,1,22,2025-12-17,2026-03-28,1.83,3369.39,24826.27
7484,669,23,2,1,2025-04-20,2025-09-28,7.02,10710.68,378696.45
7485,116,1,3,15,2025-02-24,2025-06-13,0.82,1697.71,31747.97
7486,384,20,1,56,2025-03-23,2025-07-29,1.04,1586.64,18315.56
7487,118,2,1,72,2025-04-18,2025-09-02,4.54,7656.19,71586.87
7488,1748,1,2,48,2025-07-13,2025-10-08,0.72,789.68,31283.85
7489,74,1,1,92,2025-12-06,2026-05-11,2.99,5728.74,94580.78
7490,352,19,2,15,2025-02-23,2025-05-11,3.92,5613.04,133577.23
7491,326,23,3,32,2025-08-17,2025-12-01,5.59,8196.75,152737.42
7492,134,1,2,56,2025-01-04,2025-05-08,1.07,1773.06,18208.17
7493,1575,19,2,58,2025-01-17,2025-04-23,3.68,5561.35,108547.24
7494,29,2,1,66,2025-12-14,2026-03-07,4.74,6920.07,121908.55
7495,460,1,2,76,2025-01-05,2025-05-26,5.68,11580.73,232564.16
7496,197,20,2,37,2025-08-02,2025-12-23,3.99,5421.63,133984.95
7497,1484,20,3,94,2025-01-24,2025-05-28,2.95,6488.99,159269.21
7498,901,19,2,74,2025-01-09,2025-06-23,0.91,1083.13,46681.04
7499,548,23,2,21,2025-01-08,2025-05-29,1.62,2998.51,75112.88
7500,1023,19,2,54,2025-06-08,2025-11-01,2.7,3258.18,34958.46
7501,541,2,3,68,2025-07-14,2025-10-22,1.6,3126.15,63777.05
7502,1233,20,1,78,2025-06-05,2025-10-29,10.76,11852.05,566167.07
7503,1293,1,2,71,2025-04-09,2025-09-09,1.25,2656.35,30164.09
7504,1326,19,3,81,2025-06-14,2025-09-18,3.23,3180.85,78775.02
7505,402,19,2,4,2025-05-01,2025-09-12,9.22,18768.53,472517.05
7506,1662,14,1,31,2025-12-19,2026-04-02,1.22,1441.44,18068.73
7507,454,16,2,90,2025-04-19,2025-10-05,6.56,9496.65,323987.67
7508,148,19,1,92,2025-06-09,2025-11-26,2.93,3419,61314.78
7509,519,1,2,10,2025-09-14,2026-01-04,2.83,5890.6,34969.95
7510,601,2,2,10,2025-06-19,2025-10-26,5.09,9489.89,167824.45
7511,772,2,1,57,2025-07-01,2025-11-19,4.47,10598.98,211590.34
7512,921,20,1,60,2025-05-19,2025-08-19,0.83,1684.12,12663.86
7513,571,16,3,70,2025-03-15,2025-08-17,7.08,9544.77,306804.25
7514,36,7,2,48,2025-04-13,2025-08-25,5.75,7921.24,239639.49
7515,1470,16,3,15,2025-03-05,2025-08-16,1.46,3154.52,56244.59
7516,869,1,1,49,2025-12-20,2026-05-25,1.8,1709.65,78326.76
7517,1060,20,1,77,2025-01-16,2025-06-17,1.51,1493.45,46020.3
7518,1688,19,1,45,2025-05-16,2025-10-15,1.03,1943,52988.73
7519,1739,1,2,44,2025-07-24,2025-11-19,1.25,2355.47,41362.74
7520,1561,23,1,30,2025-07-05,2025-12-18,3.08,4300.3,99282.78
7521,226,16,2,4,2025-06-21,2025-12-08,5.98,8904.87,268214.84
7522,1154,20,2,15,2025-04-12,2025-10-09,0.58,1065.23,14575.78
7523,1252,19,1,41,2025-12-03,2026-05-04,5.36,11361.99,176965.08
7524,347,20,1,30,2025-11-23,2026-03-31,2.68,3743.39,37455.19
7525,840,1,3,30,2025-10-25,2026-01-13,3.36,4857.92,135004.35
7526,499,23,3,1,2025-05-14,2025-10-28,6.92,11197.14,100337.22
7527,1596,41,2,68,2025-01-12,2025-04-20,1.21,1392.88,58209.78
7528,543,19,1,20,2025-03-08,2025-08-13,0.56,558.46,27378.38
7529,47,1,1,65,2025-12-07,2026-04-10,0.48,488.46,15618.89
7530,65,20,3,1,2025-10-15,2026-02-27,11.63,21381.87,498991.03
7531,790,20,1,57,2025-03-16,2025-08-12,1.41,3063.66,46724.38
7532,641,1,3,68,2025-02-24,2025-05-14,5.46,8504.14,228644.59
7533,1367,1,1,45,2025-04-06,2025-06-20,4.43,4064.05,227236.6
7534,403,1,2,34,2025-10-14,2026-02-24,1.99,4504.2,80307.18
7535,1655,19,2,24,2025-07-09,2025-12-27,0.66,1564.2,20423.05
7536,780,20,2,36,2025-09-06,2026-03-01,1.96,4258.03,44160.16
7537,1688,1,3,1,2025-09-21,2025-12-10,5.87,7607.19,214324.16
7538,434,1,3,37,2025-12-22,2026-06-07,8.87,8138.65,289330.12
7539,609,19,2,8,2025-10-06,2025-12-27,1.39,1479.42,31525.85
7540,1409,1,2,69,2025-06-05,2025-11-11,3.8,4317.9,207857.43
7541,402,20,2,92,2025-07-10,2025-10-18,2.3,2801.79,86786.24
7542,655,2,2,95,2025-03-07,2025-08-13,4.06,8093.84,134989.26
7543,906,14,2,60,2025-11-17,2026-05-12,1.73,3152.8,51196.63
7544,1146,41,2,84,2025-06-12,2025-09-17,1.25,2693.65,23525.59
7545,1084,19,2,28,2025-08-08,2025-12-05,1.38,1902.86,63596.4
7546,823,1,1,53,2025-02-02,2025-07-29,1.35,1381,60988.59
7547,1376,20,1,78,2025-12-22,2026-04-10,7.45,15892.88,162523.77
7548,753,23,3,47,2025-06-02,2025-10-13,0.6,592.22,25751.12
7549,492,1,1,25,2025-08-20,2026-02-06,4.13,6300.28,93456.88
7550,263,19,1,64,2025-12-23,2026-05-29,3,5343.03,88157.68
7551,1788,1,2,36,2025-06-17,2025-09-01,4.41,10007.4,239591.54
7552,1715,19,1,2,2025-03-06,2025-05-28,7.01,11232.53,257123.54
7553,649,1,2,96,2025-08-09,2026-01-09,6.23,11033.01,265975.76
7554,410,23,1,41,2025-01-02,2025-05-17,1.68,1752.22,69320.52
7555,759,41,1,73,2025-03-11,2025-07-30,2.58,6046.16,104536.35
7556,662,2,2,31,2025-08-12,2025-11-11,1.71,3828.13,31985.81
7557,1459,7,2,18,2025-02-25,2025-08-19,8.95,16224.17,115889.87
7558,177,1,1,28,2025-06-20,2025-11-01,3.98,8788.35,52675.48
7559,306,1,3,76,2025-08-17,2025-11-21,2.68,6149.43,81409.51
7560,1066,19,3,32,2025-12-20,2026-04-15,6.68,14507.27,223967.32
7561,1551,23,1,26,2025-07-08,2025-11-04,3.11,4390.86,151790.33
7562,1586,19,1,100,2025-01-25,2025-07-06,1.79,2824.97,32482.27
7563,1505,1,2,53,2025-04-16,2025-10-09,0.71,884.52,34253.85
7564,100,2,3,27,2025-09-13,2025-12-07,1.11,1495.72,42207.66
7565,1379,7,2,4,2025-04-11,2025-07-14,3.83,5953.94,162709.24
7566,477,7,2,26,2025-05-01,2025-08-02,3.62,7197.2,59420.02
7567,794,16,1,37,2025-02-08,2025-07-26,1.55,2380.99,82478.71
7568,723,19,2,92,2025-03-16,2025-05-30,6.56,15605.7,240057.44
7569,1344,2,2,13,2025-04-23,2025-09-18,0.6,1023.04,29169.36
7570,1517,14,1,12,2025-01-02,2025-03-24,1.38,1654.62,40242.81
7571,1031,2,2,14,2025-03-17,2025-08-25,2.31,2911.85,68212.37
7572,693,19,3,39,2025-08-24,2026-01-30,1.82,3454.16,97843.63
7573,1675,2,1,28,2025-05-14,2025-08-10,1.41,3230.94,25616.27
7574,265,19,1,9,2025-06-07,2025-09-20,1.61,1733.75,46649.64
7575,1620,7,3,21,2025-05-12,2025-10-10,0.49,560.46,10248.77
7576,174,20,1,46,2025-10-03,2026-01-20,0.69,1272.93,8541.29
7577,493,23,1,63,2025-06-22,2025-11-14,1.18,2220.04,49739.12
7578,1117,1,1,14,2025-07-10,2025-10-11,7.16,16019.6,217153.57
7579,336,20,2,95,2025-02-12,2025-05-30,2.89,5126.03,131404.91
7580,1621,14,2,35,2025-05-07,2025-08-19,0.93,1408.34,17045.91
7581,1701,20,3,93,2025-03-17,2025-07-21,7.86,9159.56,180160.08
7582,1430,1,1,61,2025-04-06,2025-09-17,1.03,1434.17,19315.39
7583,1218,2,1,7,2025-07-15,2025-12-15,1.06,2458.93,17655.26
7584,163,20,1,63,2025-07-16,2025-11-11,0.86,1825.95,17433.94
7585,1352,19,3,25,2025-07-07,2025-10-26,3.71,5321.53,102217.24
7586,1145,7,3,79,2025-12-06,2026-02-21,1.47,2780.13,33368.33
7587,1525,23,3,99,2025-02-15,2025-06-19,2.08,1898.69,56981.89
7588,182,1,2,99,2025-06-05,2025-10-28,4.49,5007.01,91316.17
7589,239,20,3,10,2025-06-21,2025-11-22,8.95,16586.01,174561.84
7590,661,2,2,23,2025-07-06,2025-11-28,0.84,1961.24,34737.3
7591,1011,41,2,96,2025-11-17,2026-03-30,3.6,4371.06,127226.5
7592,606,2,2,12,2025-08-15,2026-02-04,1.73,2296.13,75815.12
7593,86,2,1,10,2025-11-18,2026-02-12,4.62,7941.16,77335.74
7594,1531,16,3,50,2025-05-11,2025-08-05,0.92,1144.03,26103.02
7595,567,2,1,66,2025-02-01,2025-06-14,0.9,2129.17,41178.98
7596,1699,20,2,17,2025-11-15,2026-02-25,7.46,9773.72,389868.19
7597,129,16,2,86,2025-02-09,2025-06-05,0.6,849.56,30631.97
7598,1577,1,3,6,2025-02-10,2025-06-12,1.67,3410.38,29154.42
7599,1195,19,3,99,2025-03-22,2025-09-10,4.87,6134.37,133437.7
7600,734,1,1,51,2025-02-02,2025-04-25,5.22,11761.36,115863.18
7601,69,41,2,78,2025-09-04,2025-12-26,5.15,6324.84,176587.53
7602,979,1,1,74,2025-03-04,2025-07-22,0.85,1479.16,44543.05
7603,550,20,2,40,2025-06-01,2025-11-22,3.41,5054.66,181816.09
7604,135,20,1,78,2025-01-21,2025-06-05,0.89,1415.28,47385.71
7605,1341,19,3,44,2025-05-11,2025-09-06,2.73,5462.62,97688.85
7606,462,41,2,7,2025-12-12,2026-05-28,1.15,1500.41,39987.5
7607,495,7,3,72,2025-10-04,2026-02-03,2.48,2990.63,38661.17
7608,596,19,3,46,2025-09-10,2026-02-22,2.91,6026.26,128293.1
7609,674,16,1,11,2025-02-03,2025-06-27,1.64,3029.85,85317.1
7610,1141,19,1,55,2025-04-10,2025-07-14,2.1,2926.55,49346.56
7611,1514,1,3,63,2025-05-16,2025-09-23,1.94,3130.43,23801.13
7612,147,16,3,2,2025-10-20,2026-04-02,0.65,1415.87,34043.43
7613,921,14,2,10,2025-07-08,2025-11-25,1.81,2854.96,93315.73
7614,245,14,3,69,2025-11-11,2026-04-28,0.72,1146.85,25897.85
7615,512,20,1,88,2025-07-22,2025-10-05,7.31,14333.66,150739.3
7616,1523,16,2,27,2025-11-18,2026-02-08,0.63,643.42,7868.7
7617,605,19,3,84,2025-09-06,2026-01-01,0.43,994.2,18913.85
7618,931,7,3,90,2025-09-14,2026-01-18,2.84,3298.6,85591.49
7619,991,2,3,33,2025-11-10,2026-03-19,4.43,4591.27,220770.41
7620,536,19,1,28,2025-05-19,2025-08-05,7.79,17853.93,246769.17
7621,199,2,2,55,2025-10-05,2026-03-04,7.32,14514.54,160942.3
7622,517,20,3,80,2025-09-03,2026-01-25,3.42,4038.76,85368.89
7623,1240,19,2,58,2025-12-02,2026-04-12,3.4,6798.93,168037.21
7624,312,19,1,42,2025-06-14,2025-09-26,3.59,7877.32,122138.14
7625,1725,1,2,97,2025-05-08,2025-08-02,4.61,6327.75,198319.46
7626,337,23,1,44,2025-06-10,2025-09-20,0.59,1009.44,18127.54
7627,6,1,2,73,2025-11-03,2026-03-10,0.89,1161.84,28015.23
7628,841,19,1,44,2025-04-04,2025-07-17,6.14,13339.26,240485.77
7629,197,19,3,25,2025-06-23,2025-09-22,3.82,6279.65,69302.89
7630,1617,20,1,5,2025-11-21,2026-05-13,1.55,2898.2,27139.84
7631,240,16,2,100,2025-12-16,2026-05-10,1.52,2002.57,43231.39
7632,1379,20,1,56,2025-02-23,2025-06-25,0.82,1559.71,39345.9
7633,1669,20,1,47,2025-04-17,2025-07-15,1.09,2352.61,18320.35
7634,559,2,2,81,2025-08-08,2025-11-02,1.44,2786.11,53154.23
7635,1585,19,1,56,2025-04-12,2025-10-03,11.44,18665.91,618121
7636,633,2,2,82,2025-12-21,2026-05-14,3.44,3388.22,165942.53
7637,298,19,3,10,2025-07-09,2025-10-16,1.47,2899.25,66793.88
7638,1016,1,1,66,2025-12-23,2026-03-19,1.24,2500.2,58687.67
7639,321,20,2,9,2025-11-20,2026-02-14,0.4,688.28,21144.18
7640,1771,19,2,66,2025-08-21,2025-12-31,1.53,1943.79,51398.31
7641,209,20,1,59,2025-07-02,2025-10-15,2.58,2999.1,75165.04
7642,1620,20,3,39,2025-12-19,2026-06-11,1.44,3442.16,56687.16
7643,450,1,2,24,2025-01-04,2025-05-09,2.3,5231.6,89576.79
7644,1770,16,2,42,2025-10-14,2026-04-03,5.61,8866.09,168502.74
7645,1134,16,2,100,2025-01-07,2025-04-29,11.01,15711.14,401439.34
7646,1790,41,3,61,2025-09-16,2026-02-13,3.13,7130.98,76985.52
7647,469,2,2,16,2025-02-05,2025-04-24,7.04,14807.73,199137.47
7648,953,19,2,89,2025-06-24,2025-12-01,1.26,3020.51,54053.82
7649,1140,14,2,72,2025-05-10,2025-08-22,2.35,3822.85,115531.05
7650,1086,19,1,13,2025-08-13,2025-12-23,2.32,4356.22,109023.64
7651,607,1,3,88,2025-10-18,2026-02-18,1.01,2286.41,41728.18
7652,1275,20,1,59,2025-08-10,2025-11-26,7.57,12294.33,179252.6
7653,1671,23,1,1,2025-05-08,2025-09-13,2.25,2572.79,64264.41
7654,470,1,3,87,2025-01-16,2025-05-01,1.2,1970.55,41024.06
7655,983,2,1,63,2025-07-15,2025-12-19,3.05,5892.84,38858.14
7656,1503,19,1,21,2025-07-06,2025-10-05,6.55,12788.9,165896.96
7657,1351,19,3,8,2025-08-23,2026-01-03,0.93,1984.84,30915.16
7658,1407,20,1,30,2025-02-03,2025-05-11,1.92,3290.17,86740.46
7659,1659,20,3,41,2025-09-19,2025-12-28,4.39,6161.19,200216.93
7660,479,1,2,33,2025-03-19,2025-06-30,0.9,857.29,38926.78
7661,1764,14,2,69,2025-02-10,2025-05-16,0.91,1359.35,12219.55
7662,1398,2,3,32,2025-11-05,2026-02-04,3.84,6742.98,192392.19
7663,1402,20,1,76,2025-02-19,2025-06-27,3.67,4594.79,123134.29
7664,842,19,1,100,2025-11-09,2026-04-20,2.39,3056.07,114308.84
7665,404,20,3,14,2025-03-17,2025-08-20,4.91,8577.37,214403.43
7666,774,7,3,8,2025-09-14,2025-12-01,0.44,774.89,12151.97
7667,1306,20,3,61,2025-06-15,2025-10-24,1.34,3178.72,60843.14
7668,555,20,3,82,2025-10-14,2026-03-02,4.97,6125.44,245386.94
7669,61,19,3,13,2025-05-24,2025-10-08,3.76,6471.51,94419.56
7670,919,23,3,64,2025-04-25,2025-07-21,4.18,8659.72,206052.44
7671,1538,2,3,94,2025-02-18,2025-07-30,0.56,1192.83,18183.25
7672,876,1,3,52,2025-12-21,2026-03-17,1.46,1534.27,44944.68
7673,1317,1,2,95,2025-01-13,2025-07-05,6.55,8993.43,172299.03
7674,817,14,2,95,2025-10-21,2026-03-13,1.42,2206.58,64972.95
7675,1396,14,1,97,2025-11-18,2026-03-28,1.43,2559.19,21003.36
7676,462,7,2,62,2025-10-21,2026-03-17,0.55,1122.66,13440.63
7677,1118,19,1,19,2025-08-05,2025-12-16,2.52,2850.59,53408.04
7678,754,23,2,63,2025-08-15,2025-12-27,7.56,10263.72,162722.79
7679,121,14,1,34,2025-05-06,2025-11-02,5.82,9625.57,116767.93
7680,1769,23,2,67,2025-10-24,2026-04-21,4.61,4886.45,200700.04
7681,1587,19,2,32,2025-07-06,2025-11-26,1.74,3841.24,44410.12
7682,1550,1,1,45,2025-05-08,2025-08-03,4.27,4764.37,110391.55
7683,1143,41,3,54,2025-03-11,2025-07-23,1.61,2638.15,42512.14
7684,450,1,1,91,2025-10-22,2026-01-23,5.99,9983.84,306938.05
7685,258,19,2,55,2025-06-07,2025-11-12,3.19,5752.82,81442.61
7686,1528,2,3,69,2025-09-15,2026-02-16,5.76,9066.37,176272.75
7687,1545,14,2,65,2025-06-14,2025-12-08,10.05,23381.86,499054.66
7688,845,2,1,42,2025-10-19,2026-01-28,9.24,20708.62,138079.41
7689,417,14,2,18,2025-04-21,2025-08-19,0.66,1019.29,10190.74
7690,906,19,3,25,2025-11-23,2026-03-05,0.48,496.66,24220.05
7691,1414,20,2,41,2025-12-05,2026-05-05,5.22,9122.16,243999.45
7692,896,1,2,62,2025-06-20,2025-09-22,9.42,17169.76,296115.76
7693,903,14,1,53,2025-06-23,2025-12-15,6.68,8821.86,242717.86
7694,160,20,2,61,2025-12-07,2026-04-09,6.12,6751.43,154385.04
7695,1384,1,3,9,2025-10-18,2026-02-13,1.13,1465.18,40195.23
7696,1640,20,2,73,2025-04-03,2025-07-19,0.56,1291.18,22768.92
7697,953,19,2,34,2025-02-07,2025-07-16,1.09,2221.09,58371.73
7698,366,1,3,58,2025-01-15,2025-06-08,0.66,1384.88,34011.97
7699,1022,19,1,18,2025-12-15,2026-04-26,5.17,10116.32,166971.85
7700,81,2,1,9,2025-08-25,2025-11-08,2.03,2623.39,38072.23
7701,1655,19,3,14,2025-10-03,2026-01-07,6.31,7232.23,96715.82
7702,1257,19,2,70,2025-02-09,2025-07-16,1.14,1941.39,61485.94
7703,1558,19,2,80,2025-06-02,2025-09-22,3.56,3224.81,148997.39
7704,432,16,1,86,2025-09-17,2026-02-17,0.49,888.81,15248.25
7705,124,16,2,46,2025-09-06,2026-01-08,6.99,12569.71,100013.58
7706,490,2,3,24,2025-10-19,2026-02-19,4.41,7459.16,117981.47
7707,1799,16,3,45,2025-03-08,2025-08-03,5.92,8877.07,211119.06
7708,831,19,3,57,2025-08-19,2025-11-05,7.61,8344.72,310496.48
7709,1123,20,3,2,2025-02-19,2025-06-27,2.27,2899.19,63396.28
7710,1321,1,3,50,2025-01-25,2025-06-22,4.24,5906.93,162569.93
7711,329,19,3,37,2025-12-23,2026-04-28,1.28,1253.34,29322.29
7712,1762,1,1,44,2025-09-04,2026-01-09,8.33,15064.44,397123.7
7713,784,7,1,8,2025-06-04,2025-10-08,7.09,15813,371645.42
7714,806,20,1,62,2025-03-24,2025-08-04,3.57,7869.41,177734.79
7715,1289,1,1,46,2025-08-11,2025-11-11,2.47,3399.34,64702.07
7716,953,14,3,28,2025-09-13,2025-12-14,0.85,1098.9,24022.09
7717,32,19,2,27,2025-04-14,2025-08-10,1.28,2459.04,30467.52
7718,472,19,3,85,2025-06-15,2025-09-16,0.93,1363.09,16664.98
7719,776,1,1,27,2025-02-01,2025-06-27,1.07,1370.7,20516.82
7720,1202,20,1,59,2025-07-04,2025-12-18,4.01,8692.72,101712.65
7721,131,1,1,15,2025-09-25,2025-12-10,0.53,1260.17,17402.95
7722,1332,14,2,26,2025-07-19,2025-11-02,1.92,2794.77,85319.8
7723,413,20,1,67,2025-11-23,2026-04-05,2.31,2751.46,77087.86
7724,1280,7,3,25,2025-10-22,2026-02-24,3.84,5672.78,109160.22
7725,221,7,3,36,2025-08-20,2026-01-25,5.57,6031.22,117556.69
7726,417,1,2,77,2025-08-21,2025-11-20,0.49,776.58,14380.64
7727,355,19,1,83,2025-01-17,2025-04-02,1.34,1411.22,28197.78
7728,369,41,3,2,2025-02-20,2025-06-25,2.15,4575.26,113134.25
7729,26,7,3,60,2025-03-07,2025-05-23,3.75,5552.55,168732.28
7730,334,20,1,55,2025-03-06,2025-07-04,4.47,7849.61,178639.93
7731,71,14,3,71,2025-08-23,2025-11-07,2.16,4068.75,106210.82
7732,357,1,2,50,2025-01-11,2025-05-01,5.47,11442.75,265138.99
7733,482,23,1,40,2025-07-17,2025-11-04,3.1,5563.16,120242.48
7734,1685,16,1,94,2025-06-10,2025-12-04,1.22,2175.32,29057.63
7735,507,19,3,61,2025-03-14,2025-07-29,7.3,15076.15,277064.4
7736,528,20,1,62,2025-08-02,2025-11-04,2.42,3359.11,116690.49
7737,1647,20,3,49,2025-07-20,2025-11-27,8.13,17084.51,110204.37
7738,1432,16,3,73,2025-02-25,2025-07-23,1.63,1800.8,69940.34
7739,1148,23,1,83,2025-08-14,2026-02-06,4.75,6848.06,74935.8
7740,1425,23,2,91,2025-08-09,2025-12-18,1.88,3020.58,87727.86
7741,1607,20,2,81,2025-01-15,2025-05-18,5.27,9434.47,220089.95
7742,825,2,1,16,2025-08-07,2025-11-05,1.04,985.69,18035.82
7743,276,20,3,39,2025-04-22,2025-08-31,1.34,1281.68,29996.14
7744,1063,7,3,99,2025-04-12,2025-08-14,0.78,1158.99,41200.42
7745,331,2,1,73,2025-08-10,2025-11-16,10.76,25202.39,394114.95
7746,785,19,1,94,2025-03-01,2025-08-21,2.4,3436.7,70625.23
7747,1545,19,1,76,2025-07-03,2025-09-29,2.61,3698.65,138067.79
7748,302,14,3,48,2025-09-15,2026-01-11,3.55,5822.29,45081.54
7749,237,16,2,85,2025-04-10,2025-08-10,1.88,3945.82,36055.89
7750,625,19,2,87,2025-01-12,2025-04-05,3.36,7949.33,57483.82
7751,849,2,1,26,2025-04-25,2025-07-09,1.14,2196.75,59472.22
7752,1012,41,2,25,2025-03-07,2025-08-12,0.83,931.14,26540.41
7753,1382,1,2,18,2025-08-11,2025-12-25,2.27,3705.63,106858.29
7754,1065,20,3,22,2025-09-10,2025-12-29,1.89,3591.78,42990.09
7755,353,14,3,73,2025-02-04,2025-07-18,1.01,1210.06,51795.11
7756,1716,19,1,9,2025-03-05,2025-06-05,3.98,4955.84,200270.06
7757,663,2,2,76,2025-07-14,2025-11-27,1.2,2241.18,60246.33
7758,1068,2,3,84,2025-02-18,2025-08-02,3.61,6187.75,49446.04
7759,641,19,3,68,2025-10-05,2026-01-20,8.09,10868.01,349736.65
7760,805,23,3,35,2025-02-13,2025-05-25,9.06,11788.55,490902.4
7761,1350,14,3,35,2025-03-08,2025-06-30,6.13,6128.23,192921.53
7762,523,1,1,7,2025-10-23,2026-02-11,0.94,1528.37,13505.36
7763,414,20,2,76,2025-02-11,2025-06-24,2.65,4160.91,137286.49
7764,92,20,2,68,2025-11-07,2026-03-27,4.19,4256.26,93615.33
7765,201,2,2,59,2025-10-21,2026-03-05,8.3,17507.66,185358.4
7766,1628,19,1,8,2025-12-15,2026-04-10,1.12,2014.91,14701.41
7767,197,19,3,22,2025-01-15,2025-04-18,8.15,19324.07,218193.97
7768,1599,7,3,76,2025-08-14,2025-11-29,0.45,455.85,20669.34
7769,382,1,1,37,2025-02-21,2025-07-26,10.09,12690.98,145604.98
7770,1334,2,1,82,2025-06-09,2025-09-17,2.16,2118.29,85357.93
7771,1693,41,2,81,2025-06-19,2025-11-08,3.42,5576.11,160186.01
7772,1029,20,2,96,2025-07-11,2025-09-29,2.43,3172.99,95257.8
7773,1591,1,3,92,2025-03-09,2025-08-12,3.38,3078.09,179848.99
7774,928,20,1,90,2025-06-07,2025-09-07,1.24,2348.76,57586.13
7775,1310,1,2,13,2025-01-18,2025-06-26,4.98,8819.44,257639.59
7776,1084,19,2,28,2025-12-14,2026-03-06,2.15,2949.79,38286.09
7777,112,7,2,14,2025-05-06,2025-09-15,1.02,1683.8,42239.28
7778,282,2,2,58,2025-07-15,2025-12-23,0.57,927.97,8107.47
7779,230,20,3,45,2025-09-14,2026-01-21,0.91,1021.22,43516.01
7780,1024,14,1,30,2025-05-13,2025-08-04,1.95,2830.42,76204.7
7781,1033,14,1,46,2025-05-24,2025-11-07,0.97,1296.03,36960.44
7782,176,7,3,39,2025-04-20,2025-07-18,3.58,8370.34,151871.18
7783,445,1,2,89,2025-07-08,2025-11-03,4.42,4436.99,130268.01
7784,1640,41,3,21,2025-12-13,2026-03-26,1.04,1239.59,50174.27
7785,718,14,1,60,2025-09-02,2026-01-24,0.47,653.63,18928.06
7786,1312,1,2,92,2025-10-17,2026-04-13,5.4,9864.84,160863.67
7787,53,19,3,2,2025-10-24,2026-03-11,3.99,8945.14,158096.66
7788,1319,14,3,14,2025-05-05,2025-08-04,4.66,9128.89,181254.02
7789,1620,20,2,8,2025-04-09,2025-09-16,3.56,6444.47,115958.39
7790,1741,41,1,3,2025-05-01,2025-09-15,1.54,3563.05,51709.17
7791,37,2,3,16,2025-01-06,2025-03-25,1.3,1277.52,67190.99
7792,1521,19,1,99,2025-04-23,2025-09-03,1.44,1432.87,52057.84
7793,1106,19,1,92,2025-02-10,2025-05-15,6.09,14017.66,263840.88
7794,1340,16,3,55,2025-09-18,2026-01-16,0.73,1367.59,29774.29
7795,1037,20,1,53,2025-05-04,2025-10-02,0.89,1925.91,38662.62
7796,841,1,3,82,2025-02-24,2025-06-24,1.04,1046.4,12763.45
7797,1128,2,2,50,2025-02-11,2025-06-01,0.41,914.09,11290.56
7798,600,19,3,8,2025-12-09,2026-03-07,7.48,13889.12,145580.48
7799,852,20,1,77,2025-01-04,2025-04-13,7.41,10980.8,221623.29
7800,1686,23,1,34,2025-06-18,2025-09-19,1.35,1615.17,44226.56
7801,15,2,3,25,2025-05-02,2025-07-27,11.09,22185.08,375760.39
7802,1187,19,1,70,2025-07-21,2025-11-05,2.09,2919.33,53291.26
7803,392,41,2,70,2025-04-24,2025-08-19,7.61,13066.9,373838.17
7804,895,1,2,60,2025-12-04,2026-03-13,0.95,1076.58,41475.81
7805,891,23,3,15,2025-07-07,2025-09-24,1.36,2179.02,61526.37
7806,546,1,1,24,2025-01-20,2025-06-05,2.21,4421.94,84759.67
7807,1290,1,1,20,2025-05-22,2025-11-10,4.58,7505.88,84407.23
7808,596,14,3,49,2025-12-12,2026-05-13,4.43,6005.52,139219.1
7809,1528,19,3,58,2025-08-25,2026-01-28,4.74,9636.56,71232.34
7810,1603,2,3,52,2025-05-03,2025-07-27,2.88,5616.05,158364.62
7811,187,1,3,19,2025-07-14,2025-10-16,0.84,1964.92,11056.47
7812,1258,2,3,46,2025-05-23,2025-11-11,0.71,1490.25,28887.29
7813,180,20,1,52,2025-09-15,2026-03-05,5.64,6550.44,98671.02
7814,813,19,3,13,2025-09-16,2026-02-24,1.68,3787.28,48693.01
7815,1455,1,1,96,2025-02-01,2025-06-02,2.76,5905.98,59521.02
7816,1609,1,1,1,2025-09-14,2025-12-29,10.29,19814.76,503805.68
7817,90,20,3,10,2025-04-05,2025-08-07,0.83,1336.63,32445.43
7818,1028,14,2,92,2025-12-16,2026-03-04,3.12,3503.39,104971.35
7819,569,23,2,100,2025-08-23,2026-01-28,2.75,4159.99,123434.91
7820,1712,1,3,51,2025-08-03,2025-12-21,3.59,6001.8,153873.38
7821,1755,19,1,84,2025-09-18,2026-01-08,3.03,3168.61,125312.36
7822,1057,41,2,25,2025-05-05,2025-07-27,0.64,788.52,27086.06
7823,1404,23,2,9,2025-11-16,2026-02-06,2.89,6087.15,101917.85
7824,345,23,1,73,2025-01-13,2025-04-07,1.66,3676.28,70461.53
7825,1117,1,3,89,2025-04-10,2025-08-13,0.58,942.31,20428.48
7826,329,1,3,74,2025-03-19,2025-06-24,0.76,1698.54,34825.75
7827,218,20,1,44,2025-06-05,2025-10-17,1.91,1759.69,30703.66
7828,1027,14,1,81,2025-02-22,2025-07-01,1.83,2122.76,98442.81
7829,717,20,2,60,2025-07-08,2026-01-02,2.26,5392.85,98493.52
7830,184,14,3,90,2025-01-12,2025-05-13,1.79,3714.21,74938.1
7831,1256,14,1,64,2025-10-13,2026-04-09,6.28,6101.49,232016.24
7832,631,19,1,85,2025-06-15,2025-10-29,1.87,2907.02,40944.81
7833,1238,19,3,32,2025-09-17,2026-01-28,2.81,3636.29,120408.38
7834,703,2,3,60,2025-09-25,2025-12-13,7.93,17317.29,157163.47
7835,606,2,2,88,2025-10-21,2026-01-07,1.14,2301.41,43577.98
7836,1406,16,3,54,2025-03-13,2025-07-13,1.62,2595.96,27491.52
7837,814,19,2,3,2025-09-07,2026-01-04,5.49,12795.93,90274.02
7838,1398,1,3,1,2025-12-17,2026-04-27,5.56,11219.14,229999.53
7839,67,23,3,72,2025-07-24,2026-01-16,1.68,3494.18,64752.97
7840,1683,20,1,38,2025-08-07,2025-12-07,2.09,3597.34,36145.28
7841,315,2,1,48,2025-06-12,2025-10-31,0.92,905.85,25304.74
7842,875,1,3,70,2025-10-04,2026-02-10,3.41,3624.47,116254.81
7843,533,1,2,15,2025-01-17,2025-06-11,1.85,4132.09,52837.81
7844,173,7,1,19,2025-02-25,2025-08-09,0.7,1438.3,10911.82
7845,971,20,3,57,2025-07-09,2025-10-25,0.87,1596.88,32405.25
7846,1560,1,2,76,2025-11-14,2026-05-09,4.46,4876.32,102827.89
7847,1044,2,1,31,2025-08-11,2026-01-09,3.87,8389.1,61820.15
7848,893,19,2,63,2025-05-12,2025-11-07,4.21,8143.07,129041.57
7849,11,19,2,88,2025-10-09,2026-02-27,2.01,3811.23,102182.23
7850,377,19,1,31,2025-09-19,2025-12-24,9.59,14223.87,352890.05
7851,707,1,2,51,2025-12-02,2026-05-19,2.31,5194.41,116019.91
7852,463,20,1,65,2025-11-08,2026-02-21,1.39,2632.27,73040.07
7853,1172,1,2,91,2025-01-06,2025-05-03,6.54,6271.86,162006.6
7854,1789,23,3,69,2025-11-18,2026-04-06,0.58,710.95,16597.78
7855,542,19,1,26,2025-03-13,2025-07-07,3.86,8069.68,142256.02
7856,619,19,2,87,2025-05-12,2025-09-09,0.44,772.67,19764.16
7857,1266,1,3,34,2025-10-15,2026-02-27,1.05,1505.79,25605.54
7858,978,16,3,93,2025-10-23,2026-01-21,1.16,2280.2,23903.11
7859,96,1,2,2,2025-01-03,2025-06-09,2.32,2998.84,89835.77
7860,1398,1,1,70,2025-02-25,2025-06-18,2.8,2771.41,54266.5
7861,1034,19,2,72,2025-10-24,2026-03-16,0.63,1409.42,19783.23
7862,1487,14,3,77,2025-11-12,2026-04-16,5.36,6180.92,192182.26
7863,440,2,3,30,2025-11-20,2026-02-19,3.44,3804.1,108922.93
7864,117,19,2,56,2025-05-20,2025-10-16,0.51,955.12,21512.34
7865,1522,2,2,85,2025-10-25,2026-04-19,0.8,849.53,21386.79
7866,1214,19,3,78,2025-06-08,2025-12-03,0.53,592.95,15995.1
7867,216,2,1,84,2025-01-23,2025-05-26,6.85,7968.31,216477.37
7868,315,2,1,52,2025-04-20,2025-09-23,2.06,1919.53,54792.86
7869,896,20,3,26,2025-05-08,2025-08-27,10.06,17460.64,328530.72
7870,1318,14,3,54,2025-05-07,2025-09-07,0.51,771.53,25340.22
7871,1361,20,2,44,2025-03-01,2025-06-04,2.85,5583.55,67150.02
7872,1208,20,3,39,2025-06-01,2025-11-26,7.32,14886.22,354611
7873,1586,19,2,6,2025-01-18,2025-06-25,1.31,1775.44,67629.46
7874,1130,20,2,3,2025-12-22,2026-03-27,2.32,5405.21,114424.96
7875,1156,1,3,65,2025-08-20,2025-11-16,6.81,9008.61,118815.82
7876,56,1,1,77,2025-04-07,2025-08-13,2.42,4927.87,63239.61
7877,1444,1,2,23,2025-03-24,2025-06-09,2.67,3862.89,52766.93
7878,1499,14,2,36,2025-03-20,2025-07-24,0.59,557.93,23055.43
7879,701,19,1,34,2025-03-08,2025-09-03,7.08,9349.21,290887.33
7880,1004,1,3,9,2025-07-04,2025-11-27,3.85,7969.71,80476.3
7881,1301,20,2,63,2025-05-06,2025-09-24,1.31,1679.41,54776.77
7882,1106,19,2,57,2025-08-22,2026-02-11,5.1,6398.41,185886.34
7883,487,41,3,20,2025-07-13,2025-10-17,5.34,6477.55,84459.56
7884,376,2,2,54,2025-10-11,2026-04-05,6.86,11896.89,223909.23
7885,941,19,2,91,2025-04-15,2025-09-17,3.69,5277.16,126859.17
7886,52,7,3,51,2025-05-16,2025-10-16,8.27,17688.79,308000.15
7887,1426,1,2,87,2025-12-14,2026-04-21,5.21,8525.67,256460.16
7888,427,20,2,77,2025-01-06,2025-04-26,0.94,1638.56,47790.86
7889,634,2,1,92,2025-06-25,2025-10-17,0.59,888.03,14384.05
7890,556,7,3,85,2025-08-24,2025-11-23,1.47,3136.14,36753.85
7891,757,14,1,11,2025-10-23,2026-03-28,7.17,7099.69,151858.93
7892,955,20,1,82,2025-11-13,2026-03-29,2.73,4580.68,76234.08
7893,1644,2,3,65,2025-11-06,2026-02-02,3.5,4063.85,152072.78
7894,889,23,1,6,2025-10-08,2026-02-14,3.73,7097.29,106372.11
7895,1609,23,1,27,2025-04-10,2025-07-09,8.05,17922.8,264631.01
7896,710,14,3,34,2025-08-23,2025-11-26,3.51,6899.55,98926.89
7897,980,1,2,2,2025-05-15,2025-11-02,4.99,5565.61,122685.23
7898,666,1,3,91,2025-07-10,2025-12-20,4.87,4891.25,120300.2
7899,1635,2,1,17,2025-11-20,2026-04-15,0.82,1759.18,25687.74
7900,1724,20,2,14,2025-08-13,2026-01-28,0.73,986.19,33365.69
7901,1496,19,1,94,2025-04-03,2025-09-01,2.56,4038.87,105941.58
7902,374,2,2,24,2025-01-10,2025-06-14,3.28,6742.38,96771.69
7903,1394,14,1,36,2025-09-02,2025-11-16,9.07,12267.42,184350.79
7904,775,1,3,91,2025-11-17,2026-02-03,8.96,11328.84,398004.76
7905,108,1,3,88,2025-04-13,2025-10-06,4.1,6430.94,54532.11
7906,1338,1,2,27,2025-06-01,2025-09-20,0.47,578.56,21426.78
7907,1403,14,1,1,2025-01-13,2025-04-28,0.48,661.76,6652.96
7908,1733,19,2,21,2025-08-06,2025-12-09,2.7,5821.53,114160.36
7909,1798,19,1,91,2025-11-19,2026-02-25,1.3,1266.41,42012.32
7910,1259,7,1,76,2025-08-17,2025-12-15,3.5,4056.4,65357.58
7911,63,16,3,35,2025-03-10,2025-08-20,5.89,10827.89,140895.65
7912,1600,7,3,25,2025-07-09,2025-11-13,5.89,6161.72,289416.62
7913,1729,1,1,30,2025-09-22,2026-01-27,11.02,26337.35,333978.24
7914,236,20,3,18,2025-09-08,2025-12-13,2.05,3009.05,33838.43
7915,125,1,2,32,2025-05-01,2025-10-22,2.01,3657,46935.99
7916,320,20,3,33,2025-08-21,2025-12-28,0.44,906.3,21084.54
7917,291,14,2,22,2025-06-15,2025-10-31,4.31,5133.91,210833.04
7918,205,14,3,82,2025-10-03,2026-01-04,7.92,16188.54,144945.55
7919,1577,23,2,14,2025-10-09,2026-03-30,1.6,3355.32,73245.3
7920,1777,20,2,56,2025-09-09,2026-02-23,1.42,3117.07,32529.04
7921,324,2,3,62,2025-01-09,2025-05-07,3.54,7090.96,137372.54
7922,432,16,3,13,2025-04-09,2025-07-25,1.23,2175.14,36225.61
7923,643,41,3,92,2025-07-23,2025-12-03,1.71,1867.05,74250.08
7924,1548,19,1,11,2025-05-06,2025-10-12,6.57,10514.45,345397.91
7925,260,20,2,21,2025-11-05,2026-03-02,5.85,6294.4,200165.84
7926,1632,20,3,39,2025-01-25,2025-04-24,8.1,12997.27,359135.25
7927,1385,20,2,53,2025-11-03,2026-02-18,0.42,591.32,11821.12
7928,52,41,1,76,2025-07-04,2025-10-26,5.73,7031.11,230537.19
7929,1770,19,3,46,2025-06-25,2025-10-11,1.08,1603.59,51596.49
7930,1753,23,1,71,2025-03-04,2025-07-19,7.03,9155.17,281285.35
7931,1702,14,1,49,2025-12-20,2026-05-27,7.9,16667.43,277659.26
7932,1721,41,1,67,2025-11-19,2026-04-07,2.18,4198.31,45802.49
7933,1460,20,3,48,2025-12-06,2026-04-01,4.09,8618.41,141745.78
7934,139,20,1,98,2025-07-04,2025-10-28,3.08,3338.2,66892.5
7935,258,14,3,39,2025-07-10,2025-12-04,2.87,4937.65,62529.02
7936,25,41,3,46,2025-05-10,2025-10-20,6.1,12917.35,289006.29
7937,1202,19,2,82,2025-07-04,2025-12-04,2.42,2537.26,33407.22
7938,380,20,1,69,2025-07-18,2025-11-10,1.18,1575.28,56451.91
7939,1027,19,3,61,2025-03-11,2025-06-07,5.03,9640.35,174987.64
7940,1376,20,1,76,2025-09-01,2025-12-02,5.25,8526.26,205595.83
7941,190,20,1,100,2025-10-05,2026-01-03,0.65,940.8,20955.96
7942,678,20,3,93,2025-09-15,2026-03-07,1.77,2821.69,33428.93
7943,1507,7,1,51,2025-10-04,2026-01-02,0.6,1120.6,15933.79
7944,801,20,2,9,2025-01-15,2025-07-10,1.56,1498.31,55476.49
7945,168,1,1,57,2025-02-11,2025-05-26,2.44,4772.96,117888.47
7946,1007,1,3,47,2025-07-22,2026-01-12,2.84,4316.37,155161.9
7947,1428,1,3,19,2025-07-19,2026-01-02,6.79,8058.37,369176.85
7948,1531,19,1,78,2025-05-01,2025-08-18,4.43,5851.94,126696.44
7949,1357,2,3,29,2025-07-22,2025-10-13,3.97,3819.4,75721.71
7950,958,1,3,33,2025-12-15,2026-04-05,4.04,5906.74,85273.3
7951,1328,1,1,91,2025-02-07,2025-07-11,5.26,12552.57,201758.37
7952,624,20,1,27,2025-11-15,2026-04-10,5.06,9002.47,157539.24
7953,857,2,1,30,2025-10-04,2026-01-03,6.51,7831.09,297593.95
7954,90,7,2,79,2025-07-04,2025-10-22,2.66,3311.17,71276.12
7955,633,2,1,32,2025-03-02,2025-05-31,2.85,4142.13,38685.36
7956,1179,19,1,93,2025-09-07,2025-12-05,1.63,3700.95,83413.13
7957,1664,2,2,57,2025-12-25,2026-05-24,8.13,18173.49,127567
7958,64,19,1,87,2025-11-10,2026-04-30,5.1,9414.82,273706.61
7959,1669,20,1,11,2025-08-25,2025-12-23,0.9,1385.37,38159.05
7960,514,1,3,68,2025-01-04,2025-05-20,7.83,12456.37,321783.19
7961,1714,23,3,61,2025-11-09,2026-03-20,4.04,9325.51,86137.06
7962,110,19,3,8,2025-09-03,2025-12-24,4.71,11187.45,140838.36
7963,1558,14,2,88,2025-11-19,2026-03-09,1.36,1709.95,31471.46
7964,1614,7,1,89,2025-01-08,2025-05-10,3.41,3463.88,101942.56
7965,583,19,2,32,2025-01-22,2025-07-17,0.86,2044.78,38436.36
7966,782,1,1,36,2025-05-14,2025-09-22,1.49,1953.85,58482.46
7967,1244,1,3,100,2025-03-20,2025-07-10,1.37,2301.39,65251.88
7968,32,2,3,47,2025-04-20,2025-07-08,1.86,1820.9,87761.4
7969,510,41,2,32,2025-10-04,2026-01-27,0.85,1951.57,18073.15
7970,1418,1,3,48,2025-11-17,2026-04-27,8.1,8417.77,405343.17
7971,625,14,3,24,2025-03-14,2025-08-11,2.09,3254.67,62357.58
7972,764,20,3,49,2025-03-18,2025-06-12,2.05,4568.54,51106.19
7973,122,14,2,84,2025-10-14,2026-02-12,5.67,6664.63,189323.45
7974,543,2,1,42,2025-09-05,2026-01-21,1.41,1279.71,66498.29
7975,1623,41,2,45,2025-10-03,2026-03-26,7.13,15415.73,295894.87
7976,1091,1,3,41,2025-02-08,2025-06-18,1.62,3021.52,47517.8
7977,1509,1,2,7,2025-07-10,2025-10-01,7.55,12429.44,308071.38
7978,796,1,1,81,2025-08-01,2025-11-13,5.42,8483.48,129613.46
7979,719,41,1,80,2025-08-18,2026-01-05,4.1,5783.48,171294.24
7980,1163,2,2,28,2025-12-15,2026-04-05,1.1,2391.16,45607.8
7981,1488,19,2,32,2025-05-05,2025-07-29,3.67,8073.29,117600.09
7982,1232,23,1,92,2025-05-16,2025-10-15,3.36,4614.02,130111.9
7983,967,19,1,14,2025-07-07,2025-12-12,4.44,6831.13,95727.99
7984,1656,19,2,35,2025-03-03,2025-07-21,6.1,13506.14,291854.57
7985,225,19,2,3,2025-12-22,2026-05-26,3,5723.7,60090.59
7986,1097,2,1,46,2025-03-11,2025-07-26,1.46,1425.86,50580.62
7987,628,19,2,30,2025-05-08,2025-08-26,2.93,6430.86,117324.72
7988,437,19,1,2,2025-06-02,2025-11-21,4.31,3923.64,159895.69
7989,511,41,1,85,2025-02-20,2025-07-31,7.5,15377.42,141708.68
7990,185,7,1,95,2025-02-10,2025-05-16,2.42,5623.75,74058.61
7991,114,1,1,97,2025-09-07,2026-02-14,11.2,22863.21,314124.12
7992,1587,20,3,9,2025-09-22,2026-03-10,2.96,5526.87,38412.21
7993,275,19,1,57,2025-08-09,2025-10-24,1.83,1886.71,85143.37
7994,969,1,1,84,2025-04-06,2025-07-06,6.7,9003.37,357062.58
7995,773,20,3,16,2025-01-03,2025-04-19,5.6,7175.64,102132.28
7996,1129,19,2,8,2025-05-07,2025-09-06,3.37,3991.14,66117.03
7997,39,1,2,9,2025-02-21,2025-06-19,1.54,2957.42,46097.35
7998,1760,2,1,64,2025-09-17,2025-12-23,1.3,2320.51,65782.84
7999,812,1,3,66,2025-03-24,2025-08-16,0.82,1945.72,19693.5
8000,29,2,3,75,2025-03-12,2025-07-10,3.81,8946.11,155159.82
