Sales_ID,Production_ID,Market_ID,Sales_Date,Quantity_Sold_KG
1,1,1,2026-04-01,1493.97
2,1,20,2026-06-17,1493.98
3,2,47,2026-01-07,1386.18
4,2,44,2026-03-27,1386.18
5,3,6,2026-06-27,515.69
6,3,20,2026-06-01,515.69
7,4,61,2026-07-07,904.92
8,4,12,2026-06-22,904.91
9,5,32,2026-03-21,1890.29
10,5,55,2026-01-25,1890.3
11,6,7,2026-06-01,585.41
12,6,4,2026-07-10,585.41
13,7,55,2026-04-23,691.1
14,7,24,2026-04-06,691.11
15,8,9,2026-02-08,1921.23
16,8,51,2026-01-04,1921.23
17,9,22,2026-03-19,815.99
18,9,6,2026-05-23,816
19,10,59,2026-01-28,1160.49
20,10,14,2026-02-04,1160.49
21,11,39,2026-05-21,1734.05
22,11,67,2026-06-18,1734.05
23,12,43,2026-01-06,1882.42
24,12,20,2026-03-10,1882.42
25,13,8,2026-06-22,1026.81
26,13,24,2026-01-17,1026.81
27,14,62,2026-05-13,1230.16
28,14,17,2026-07-13,1230.16
29,15,23,2026-03-25,1248.32
30,15,64,2026-07-12,1248.33
31,16,15,2026-05-26,1246.9
32,16,68,2026-07-03,1246.89
33,17,32,2026-01-13,683.59
34,17,22,2026-02-16,683.59
35,18,54,2026-04-17,1841.36
36,18,47,2026-06-24,1841.36
37,19,2,2026-07-25,1594.53
38,19,23,2026-05-16,1594.53
39,20,58,2026-06-25,828.38
40,20,20,2026-06-18,828.39
41,21,42,2026-03-26,1255.41
42,21,5,2026-05-13,1255.41
43,22,29,2026-07-03,1810.36
44,22,55,2026-02-07,1810.35
45,23,36,2026-05-24,1962.47
46,23,34,2026-05-21,1962.48
47,24,25,2026-01-16,1696.4
48,24,4,2026-05-04,1696.4
49,25,17,2026-02-01,1492.52
50,25,20,2026-03-18,1492.53
51,26,1,2026-06-15,1148.39
52,26,43,2026-03-27,1148.38
53,27,42,2026-07-18,1452.17
54,27,47,2026-03-21,1452.18
55,28,61,2026-04-16,1598.97
56,28,22,2026-03-02,1598.96
57,29,29,2026-01-17,913.86
58,29,63,2026-07-07,913.86
59,30,13,2026-05-16,770.75
60,30,27,2026-05-07,770.75
61,31,5,2026-01-23,1887.81
62,31,53,2026-05-20,1887.8
63,32,52,2026-03-20,1815.08
64,32,2,2026-05-04,1815.07
65,33,11,2026-06-18,1890.06
66,33,28,2026-04-14,1890.06
67,34,25,2026-02-12,1811.83
68,34,14,2026-02-10,1811.84
69,35,30,2026-02-23,768.14
70,35,15,2026-06-26,768.14
71,36,14,2026-02-11,1003.19
72,36,64,2026-07-17,1003.18
73,37,11,2026-02-15,932.82
74,37,62,2026-02-15,932.82
75,38,23,2026-05-18,1735.08
76,38,36,2026-03-25,1735.07
77,39,26,2026-06-22,1691.16
78,39,38,2026-07-13,1691.16
79,40,44,2026-03-12,1636.61
80,40,46,2026-04-16,1636.62
81,41,34,2026-04-11,980.06
82,41,57,2026-02-03,980.05
83,42,17,2026-07-26,1500.87
84,42,61,2026-05-22,1500.87
85,43,5,2026-02-07,1009.63
86,43,51,2026-06-20,1009.63
87,44,42,2026-02-18,1970.04
88,44,41,2026-06-02,1970.04
89,45,28,2026-06-19,1068.6
90,45,53,2026-05-07,1068.6
91,46,50,2026-02-09,1496.85
92,46,13,2026-01-24,1496.84
93,47,2,2026-02-10,1044.82
94,47,8,2026-03-20,1044.83
95,48,39,2026-04-08,999.13
96,48,40,2026-01-18,999.13
97,49,69,2026-03-27,1630
98,49,10,2026-03-12,1629.99
99,50,53,2026-06-07,822.75
100,50,69,2026-07-01,822.76
101,51,60,2026-06-23,1124.68
102,51,34,2026-05-12,1124.68
103,52,5,2026-07-07,1142.86
104,52,41,2026-05-16,1142.85
105,53,51,2026-07-07,933.33
106,53,41,2026-07-03,933.32
107,54,53,2026-07-13,567.54
108,54,56,2026-04-24,567.54
109,55,32,2026-05-14,488.56
110,55,23,2026-03-13,488.57
111,56,20,2026-03-17,1733.29
112,56,41,2026-03-20,1733.28
113,57,64,2026-07-03,1331.72
114,57,32,2026-05-01,1331.72
115,58,62,2026-01-14,974.24
116,58,34,2026-01-05,974.24
117,59,60,2026-04-20,1563.72
118,59,51,2026-01-16,1563.71
119,60,14,2026-05-05,1304.68
120,60,64,2026-03-02,1304.68
121,61,6,2026-05-28,1475.01
122,61,60,2026-04-18,1475.01
123,62,17,2026-05-18,1842.69
124,62,56,2026-05-25,1842.68
125,63,64,2026-05-01,1423.77
126,63,21,2026-01-28,1423.78
127,64,12,2026-06-23,419.21
128,64,30,2026-02-16,419.21
129,65,40,2026-05-09,734.15
130,65,21,2026-06-27,734.16
131,66,60,2026-04-04,1032.81
132,66,67,2026-06-01,1032.8
133,67,51,2026-07-02,1343.69
134,67,27,2026-03-19,1343.68
135,68,59,2026-03-20,588.12
136,68,31,2026-07-25,588.13
137,69,55,2026-05-13,551.77
138,69,62,2026-03-18,551.77
139,70,14,2026-05-24,1946.16
140,70,7,2026-07-20,1946.16
141,71,37,2026-03-06,842.11
142,71,7,2026-05-23,842.1
143,72,66,2026-06-13,1318
144,72,2,2026-04-21,1318
145,73,2,2026-01-09,1191.65
146,73,66,2026-07-16,1191.64
147,74,1,2026-07-28,449.84
148,74,26,2026-05-04,449.84
149,75,11,2026-03-10,1634.73
150,75,40,2026-05-21,1634.74
151,76,32,2026-04-20,1275.94
152,76,38,2026-06-07,1275.94
153,77,8,2026-07-04,1693.39
154,77,62,2026-07-03,1693.38
155,78,37,2026-01-21,803.17
156,78,13,2026-02-21,803.17
157,79,62,2026-07-09,1420.7
158,79,27,2026-02-01,1420.7
159,80,6,2026-06-06,1759.59
160,80,66,2026-02-12,1759.58
161,81,62,2026-06-10,1095.39
162,81,35,2026-06-03,1095.39
163,82,30,2026-07-14,996.23
164,82,27,2026-06-01,996.23
165,83,39,2026-03-17,768.5
166,83,40,2026-03-14,768.51
167,84,21,2026-04-06,1722.03
168,84,9,2026-05-12,1722.02
169,85,39,2026-04-19,1102.16
170,85,5,2026-07-07,1102.17
171,86,14,2026-06-10,1765.54
172,86,50,2026-01-03,1765.54
173,87,57,2026-04-24,1137.78
174,87,37,2026-03-01,1137.78
175,88,5,2026-01-01,1887.02
176,88,40,2026-04-15,1887.01
177,89,52,2026-05-10,1754.27
178,89,10,2026-07-21,1754.28
179,90,31,2026-06-11,1218.01
180,90,67,2026-06-16,1218.02
181,91,58,2026-06-09,1091.03
182,91,35,2026-02-09,1091.03
183,92,14,2026-01-20,412.66
184,92,6,2026-06-24,412.66
185,93,15,2026-05-24,826.17
186,93,31,2026-03-20,826.17
187,94,64,2026-05-18,1016.96
188,94,42,2026-07-25,1016.96
189,95,69,2026-07-11,633.3
190,95,55,2026-03-01,633.29
191,96,31,2026-04-21,587.99
192,96,17,2026-02-07,588
193,97,14,2026-03-27,451.66
194,97,5,2026-02-21,451.67
195,98,48,2026-07-23,690.91
196,98,12,2026-06-17,690.9
197,99,15,2026-06-22,868.15
198,99,64,2026-05-17,868.14
199,100,57,2026-05-12,1320.37
200,100,33,2026-05-01,1320.37
201,101,50,2026-07-19,1132.65
202,101,69,2026-07-17,1132.65
203,102,45,2026-01-01,1123.43
204,102,29,2026-07-02,1123.42
205,103,53,2026-04-12,425
206,103,16,2026-02-25,425.01
207,104,61,2026-03-01,1160.55
208,104,63,2026-03-14,1160.54
209,105,48,2026-04-22,1694.4
210,105,20,2026-06-13,1694.39
211,106,45,2026-02-18,614.84
212,106,31,2026-04-16,614.84
213,107,11,2026-04-10,1381.6
214,107,8,2026-03-04,1381.6
215,108,61,2026-01-17,1791.44
216,108,20,2026-01-03,1791.44
217,109,48,2026-01-04,524.73
218,109,5,2026-05-04,524.74
219,110,63,2026-05-28,1545.97
220,110,49,2026-02-28,1545.96
221,111,33,2026-02-12,1545.08
222,111,15,2026-06-28,1545.08
223,112,51,2026-05-11,1002.56
224,112,6,2026-04-10,1002.57
225,113,66,2026-07-10,483.06
226,113,5,2026-02-14,483.05
227,114,43,2026-02-16,1968.81
228,114,55,2026-02-14,1968.8
229,115,44,2026-07-13,1900.63
230,115,43,2026-06-26,1900.63
231,116,57,2026-02-14,1814.42
232,116,27,2026-04-07,1814.41
233,117,5,2026-02-22,403.45
234,117,19,2026-04-07,403.45
235,118,30,2026-01-20,1543
236,118,43,2026-05-06,1542.99
237,119,10,2026-02-19,1815.24
238,119,42,2026-06-24,1815.23
239,120,64,2026-06-01,1206
240,120,18,2026-02-20,1205.99
241,121,44,2026-04-19,1450.36
242,121,34,2026-06-22,1450.37
243,122,30,2026-04-14,1727.1
244,122,15,2026-03-14,1727.1
245,123,52,2026-01-14,529.91
246,123,57,2026-02-17,529.91
247,124,9,2026-06-21,1591.05
248,124,30,2026-04-03,1591.05
249,125,35,2026-06-20,1830.95
250,125,43,2026-02-09,1830.95
251,126,1,2026-06-25,1793.48
252,126,32,2026-07-28,1793.48
253,127,30,2026-01-05,1949.88
254,127,19,2026-07-23,1949.87
255,128,52,2026-07-27,1107.74
256,128,20,2026-07-14,1107.75
257,129,12,2026-07-11,965.05
258,129,31,2026-04-10,965.05
259,130,37,2026-02-22,1799.54
260,130,31,2026-06-16,1799.54
261,131,26,2026-07-20,1868.26
262,131,52,2026-03-14,1868.25
263,132,64,2026-01-18,1976.15
264,132,42,2026-05-08,1976.15
265,133,33,2026-04-11,1050.38
266,133,4,2026-03-09,1050.38
267,134,34,2026-07-12,1548.69
268,134,36,2026-07-24,1548.68
269,135,38,2026-01-21,1501.83
270,135,53,2026-02-04,1501.84
271,136,61,2026-01-14,1294.76
272,136,14,2026-01-01,1294.77
273,137,27,2026-01-27,647.85
274,137,50,2026-05-13,647.86
275,138,10,2026-06-23,1417.99
276,138,11,2026-02-14,1417.99
277,139,15,2026-07-19,1819.7
278,139,12,2026-07-03,1819.7
279,140,28,2026-01-28,1531.81
280,140,7,2026-05-09,1531.8
281,141,59,2026-04-07,775.95
282,141,39,2026-06-16,775.95
283,142,3,2026-01-27,644.68
284,142,43,2026-04-18,644.67
285,143,19,2026-05-28,1923.2
286,143,15,2026-01-03,1923.2
287,144,31,2026-04-24,1314.52
288,144,57,2026-07-21,1314.51
289,145,44,2026-05-19,756.51
290,145,57,2026-01-11,756.51
291,146,65,2026-05-26,1927.65
292,146,50,2026-06-15,1927.64
293,147,20,2026-05-07,1474.27
294,147,17,2026-05-19,1474.28
295,148,23,2026-01-08,1110.71
296,148,56,2026-03-03,1110.71
297,149,50,2026-01-27,1834.43
298,149,4,2026-04-07,1834.43
299,150,11,2026-01-27,998.74
300,150,44,2026-02-24,998.74
301,151,16,2026-03-07,593.4
302,151,23,2026-02-12,593.39
303,152,27,2026-07-08,1088.4
304,152,14,2026-04-28,1088.39
305,153,15,2026-06-10,1696.26
306,153,20,2026-01-05,1696.26
307,154,27,2026-02-26,1387.31
308,154,42,2026-05-22,1387.31
309,155,27,2026-07-12,820.78
310,155,45,2026-04-01,820.77
311,156,4,2026-06-22,1452.35
312,156,66,2026-02-23,1452.35
313,157,46,2026-06-03,1650.04
314,157,40,2026-07-07,1650.04
315,158,48,2026-04-23,1361.68
316,158,60,2026-03-05,1361.68
317,159,32,2026-04-21,1469.98
318,159,36,2026-04-05,1469.97
319,160,28,2026-07-03,1928.16
320,160,47,2026-06-20,1928.16
321,161,22,2026-04-03,1032.2
322,161,62,2026-04-06,1032.19
323,162,7,2026-04-10,1330.41
324,162,43,2026-06-20,1330.41
325,163,36,2026-04-11,1236.68
326,163,2,2026-02-14,1236.68
327,164,16,2026-05-10,1516.26
328,164,41,2026-07-09,1516.26
329,165,65,2026-07-02,1914.93
330,165,52,2026-04-15,1914.93
331,166,15,2026-06-21,1666.5
332,166,42,2026-02-23,1666.51
333,167,17,2026-03-07,1390.61
334,167,5,2026-05-27,1390.61
335,168,57,2026-06-13,651.93
336,168,42,2026-02-19,651.92
337,169,48,2026-05-12,1958.91
338,169,54,2026-05-15,1958.9
339,170,26,2026-03-04,1503.28
340,170,11,2026-06-11,1503.29
341,171,40,2026-04-13,922.57
342,171,65,2026-07-02,922.57
343,172,4,2026-01-14,1146.23
344,172,41,2026-07-03,1146.23
345,173,22,2026-06-19,575.98
346,173,62,2026-06-03,575.98
347,174,57,2026-07-04,728.22
348,174,66,2026-06-11,728.23
349,175,6,2026-07-21,1814.96
350,175,60,2026-02-24,1814.96
351,176,8,2026-05-23,1564.84
352,176,64,2026-07-09,1564.85
353,177,39,2026-05-12,1106.01
354,177,14,2026-01-05,1106
355,178,57,2026-04-06,1842.32
356,178,68,2026-03-18,1842.32
357,179,27,2026-05-22,535.13
358,179,63,2026-03-19,535.13
359,180,29,2026-02-17,703.28
360,180,67,2026-04-28,703.27
361,181,14,2026-05-16,1494.23
362,181,20,2026-06-23,1494.22
363,182,66,2026-01-05,1122.69
364,182,16,2026-05-13,1122.69
365,183,66,2026-01-21,1251.81
366,183,63,2026-01-06,1251.8
367,184,32,2026-04-04,1189.56
368,184,40,2026-05-07,1189.56
369,185,38,2026-02-05,1251.12
370,185,55,2026-04-12,1251.11
371,186,10,2026-02-11,1429.25
372,186,17,2026-02-18,1429.26
373,187,18,2026-02-02,1125.97
374,187,21,2026-01-04,1125.97
375,188,68,2026-04-13,825.21
376,188,16,2026-06-13,825.21
377,189,48,2026-06-02,1275.18
378,189,25,2026-02-02,1275.17
379,190,28,2026-04-06,661.76
380,190,51,2026-01-01,661.76
381,191,14,2026-04-17,590.07
382,191,39,2026-03-03,590.07
383,192,49,2026-05-20,1967.32
384,192,42,2026-07-28,1967.33
385,193,26,2026-03-22,1228.97
386,193,53,2026-05-15,1228.98
387,194,69,2026-04-09,1559.05
388,194,33,2026-04-25,1559.04
389,195,34,2026-04-16,635.61
390,195,16,2026-01-12,635.61
391,196,53,2026-04-26,1122.07
392,196,8,2026-03-01,1122.08
393,197,3,2026-07-20,1745.19
394,197,15,2026-05-24,1745.18
395,198,41,2026-03-19,1984.35
396,198,35,2026-04-13,1984.34
397,199,28,2026-03-24,527.18
398,199,20,2026-02-15,527.18
399,200,17,2026-07-24,1793.71
400,200,2,2026-07-23,1793.71
401,201,61,2026-06-02,438.4
402,201,49,2026-05-18,438.41
403,202,59,2026-02-02,1969.17
404,202,25,2026-05-17,1969.18
405,203,35,2026-07-19,982.8
406,203,35,2026-03-07,982.8
407,204,49,2026-05-11,1103.13
408,204,21,2026-02-01,1103.12
409,205,10,2026-06-04,1823.53
410,205,61,2026-06-11,1823.53
411,206,51,2026-01-18,704.45
412,206,7,2026-02-24,704.46
413,207,65,2026-02-23,1992.79
414,207,38,2026-05-28,1992.79
415,208,47,2026-01-08,455.16
416,208,12,2026-04-12,455.16
417,209,20,2026-02-03,1039.06
418,209,57,2026-02-15,1039.06
419,210,50,2026-06-17,1120.64
420,210,56,2026-07-10,1120.65
421,211,34,2026-05-24,1015.31
422,211,62,2026-01-18,1015.32
423,212,46,2026-07-04,1417.45
424,212,26,2026-02-22,1417.45
425,213,14,2026-06-26,1717.35
426,213,37,2026-06-25,1717.35
427,214,10,2026-02-09,1118.76
428,214,62,2026-01-22,1118.75
429,215,9,2026-06-04,1258.34
430,215,66,2026-04-09,1258.33
431,216,32,2026-03-27,739.5
432,216,4,2026-04-28,739.5
433,217,43,2026-05-14,1878.68
434,217,63,2026-01-14,1878.67
435,218,11,2026-02-10,1379.97
436,218,42,2026-05-23,1379.96
437,219,19,2026-04-14,517.04
438,219,33,2026-07-02,517.04
439,220,13,2026-03-26,595.82
440,220,38,2026-04-28,595.82
441,221,1,2026-05-08,1140.26
442,221,10,2026-02-06,1140.26
443,222,8,2026-06-15,1776.74
444,222,57,2026-03-08,1776.74
445,223,1,2026-07-28,1598.93
446,223,58,2026-06-05,1598.93
447,224,16,2026-03-14,1778.07
448,224,1,2026-05-09,1778.06
449,225,69,2026-06-25,753.72
450,225,7,2026-01-19,753.73
451,226,60,2026-03-21,1237.7
452,226,55,2026-05-04,1237.69
453,227,69,2026-01-10,1678.1
454,227,50,2026-06-25,1678.11
455,228,35,2026-07-02,1910.87
456,228,45,2026-03-07,1910.86
457,229,56,2026-01-03,948.44
458,229,67,2026-03-24,948.43
459,230,42,2026-04-28,1236.11
460,230,9,2026-06-21,1236.12
461,231,50,2026-04-10,878.46
462,231,68,2026-03-26,878.46
463,232,11,2026-06-21,999
464,232,20,2026-06-16,999.01
465,233,16,2026-07-16,777.97
466,233,3,2026-02-20,777.96
467,234,16,2026-04-15,1546.64
468,234,46,2026-03-12,1546.64
469,235,31,2026-06-01,1979.22
470,235,21,2026-01-01,1979.22
471,236,54,2026-04-24,866.3
472,236,5,2026-01-04,866.29
473,237,64,2026-02-22,1109.27
474,237,10,2026-01-15,1109.26
475,238,6,2026-06-27,1545.74
476,238,19,2026-01-18,1545.74
477,239,20,2026-02-19,1248.16
478,239,17,2026-02-25,1248.16
479,240,28,2026-05-09,1403.69
480,240,60,2026-06-20,1403.7
481,241,50,2026-03-02,1177.94
482,241,34,2026-01-26,1177.94
483,242,8,2026-05-15,1940.15
484,242,15,2026-07-18,1940.15
485,243,14,2026-06-11,674.98
486,243,10,2026-05-28,674.97
487,244,52,2026-01-06,1665.87
488,244,19,2026-05-10,1665.87
489,245,56,2026-03-07,1239.07
490,245,69,2026-02-16,1239.07
491,246,2,2026-03-12,868.92
492,246,61,2026-05-26,868.93
493,247,42,2026-06-07,860.71
494,247,49,2026-02-05,860.71
495,248,10,2026-06-07,1964.12
496,248,47,2026-05-09,1964.13
497,249,6,2026-06-02,1834.89
498,249,26,2026-05-16,1834.88
499,250,43,2026-01-24,1839.59
500,250,24,2026-05-28,1839.6
501,251,5,2026-06-08,547.76
502,251,63,2026-04-13,547.76
503,252,58,2026-03-17,616.59
504,252,66,2026-07-23,616.6
505,253,42,2026-04-11,1453.55
506,253,12,2026-06-11,1453.55
507,254,18,2026-06-15,1532.26
508,254,31,2026-07-13,1532.26
509,255,31,2026-02-15,1405.79
510,255,40,2026-04-14,1405.79
511,256,35,2026-04-11,1381.97
512,256,50,2026-02-05,1381.96
513,257,40,2026-06-05,1281.36
514,257,22,2026-05-18,1281.35
515,258,3,2026-05-08,1025.29
516,258,33,2026-04-13,1025.29
517,259,37,2026-01-04,1646.25
518,259,11,2026-07-01,1646.25
519,260,53,2026-02-17,1704.58
520,260,18,2026-05-08,1704.59
521,261,58,2026-02-16,1386.03
522,261,44,2026-07-12,1386.02
523,262,46,2026-04-02,1992.99
524,262,34,2026-03-17,1992.99
525,263,44,2026-01-27,785.39
526,263,58,2026-03-02,785.39
527,264,40,2026-01-08,478.1
528,264,9,2026-01-23,478.11
529,265,10,2026-02-14,1227.27
530,265,18,2026-06-01,1227.27
531,266,31,2026-06-02,623.63
532,266,40,2026-05-04,623.63
533,267,11,2026-02-06,1225.38
534,267,52,2026-05-17,1225.37
535,268,44,2026-07-19,673.96
536,268,37,2026-05-02,673.97
537,269,61,2026-06-24,950.51
538,269,43,2026-03-24,950.52
539,270,10,2026-05-03,1095.42
540,270,22,2026-03-01,1095.43
541,271,44,2026-03-13,797.3
542,271,2,2026-02-06,797.3
543,272,54,2026-04-20,1057.34
544,272,34,2026-06-25,1057.34
545,273,41,2026-06-09,1647.77
546,273,36,2026-05-03,1647.77
547,274,23,2026-05-24,1868.04
548,274,56,2026-06-26,1868.05
549,275,38,2026-07-13,1163.51
550,275,65,2026-05-18,1163.52
551,276,7,2026-02-19,1266.37
552,276,48,2026-06-01,1266.38
553,277,16,2026-06-21,1816.56
554,277,9,2026-05-05,1816.55
555,278,64,2026-06-21,718.31
556,278,7,2026-02-08,718.31
557,279,41,2026-04-22,1005.2
558,279,31,2026-05-16,1005.19
559,280,31,2026-03-03,924.45
560,280,41,2026-03-23,924.45
561,281,25,2026-07-12,938.4
562,281,35,2026-07-05,938.39
563,282,25,2026-05-18,837.45
564,282,16,2026-02-01,837.46
565,283,5,2026-06-13,1207.9
566,283,25,2026-05-09,1207.91
567,284,21,2026-01-23,1516.46
568,284,22,2026-06-18,1516.45
569,285,10,2026-02-21,866.54
570,285,68,2026-04-17,866.53
571,286,34,2026-01-04,496.37
572,286,55,2026-07-06,496.37
573,287,33,2026-04-23,704.11
574,287,32,2026-02-07,704.12
575,288,51,2026-05-21,1524.73
576,288,21,2026-03-13,1524.73
577,289,49,2026-03-11,1516.66
578,289,38,2026-05-19,1516.66
579,290,12,2026-06-25,1491.88
580,290,27,2026-01-05,1491.88
581,291,47,2026-05-03,1921.8
582,291,6,2026-01-23,1921.81
583,292,37,2026-01-21,990.64
584,292,5,2026-04-06,990.64
585,293,34,2026-04-23,1021.33
586,293,2,2026-06-07,1021.33
587,294,48,2026-04-06,405.52
588,294,39,2026-04-24,405.53
589,295,9,2026-03-16,542.5
590,295,7,2026-06-08,542.49
591,296,61,2026-06-10,1139.94
592,296,14,2026-02-17,1139.95
593,297,35,2026-05-22,1097.46
594,297,67,2026-04-26,1097.46
595,298,46,2026-07-25,1939.2
596,298,45,2026-03-06,1939.2
597,299,7,2026-06-15,1286.77
598,299,66,2026-02-03,1286.78
599,300,3,2026-02-16,483.6
600,300,52,2026-05-04,483.59
601,301,57,2026-07-07,1910.87
602,301,21,2026-07-06,1910.87
603,302,63,2026-05-26,765.79
604,302,36,2026-06-14,765.79
605,303,12,2026-06-01,1367.15
606,303,13,2026-02-27,1367.15
607,304,29,2026-04-26,651.9
608,304,5,2026-06-27,651.89
609,305,23,2026-05-13,497.77
610,305,40,2026-03-08,497.76
611,306,18,2026-02-08,1433.32
612,306,61,2026-06-03,1433.33
613,307,14,2026-04-01,1608.09
614,307,11,2026-05-13,1608.1
615,308,69,2026-05-14,468.82
616,308,18,2026-02-18,468.82
617,309,21,2026-01-18,1936.61
618,309,30,2026-04-21,1936.6
619,310,24,2026-07-06,976.5
620,310,52,2026-03-03,976.5
621,311,11,2026-04-09,1550.07
622,311,61,2026-06-20,1550.06
623,312,29,2026-07-26,1091.1
624,312,60,2026-06-10,1091.1
625,313,11,2026-03-06,1559.79
626,313,27,2026-02-23,1559.79
627,314,56,2026-06-07,463.75
628,314,13,2026-05-01,463.74
629,315,10,2026-01-25,673.51
630,315,42,2026-05-05,673.5
631,316,20,2026-02-04,558.38
632,316,1,2026-06-04,558.37
633,317,33,2026-04-28,1719.53
634,317,4,2026-04-17,1719.53
635,318,65,2026-06-01,1907.75
636,318,3,2026-06-27,1907.74
637,319,1,2026-05-11,1364.04
638,319,6,2026-05-28,1364.04
639,320,32,2026-03-18,1290.68
640,320,49,2026-04-25,1290.68
641,321,33,2026-01-22,1147.71
642,321,7,2026-03-13,1147.71
643,322,49,2026-01-24,1538.08
644,322,18,2026-04-28,1538.07
645,323,26,2026-01-05,500.9
646,323,26,2026-02-21,500.9
647,324,64,2026-05-03,1623.24
648,324,3,2026-02-01,1623.24
649,325,37,2026-02-22,1825.96
650,325,39,2026-06-19,1825.97
651,326,16,2026-03-04,734.76
652,326,34,2026-02-09,734.75
653,327,69,2026-03-18,1203.08
654,327,45,2026-07-21,1203.08
655,328,13,2026-02-20,780.29
656,328,68,2026-01-19,780.29
657,329,48,2026-06-18,768.27
658,329,57,2026-01-27,768.27
659,330,32,2026-07-03,1324.51
660,330,43,2026-02-17,1324.52
661,331,56,2026-02-23,1022.76
662,331,69,2026-02-02,1022.77
663,332,21,2026-03-16,1580.96
664,332,14,2026-04-01,1580.97
665,333,34,2026-01-15,468.93
666,333,34,2026-05-01,468.93
667,334,69,2026-03-13,892.68
668,334,30,2026-01-23,892.68
669,335,36,2026-07-28,767.04
670,335,12,2026-04-07,767.04
671,336,3,2026-04-06,456.17
672,336,13,2026-03-02,456.17
673,337,31,2026-03-06,1479.36
674,337,22,2026-05-18,1479.36
675,338,33,2026-04-09,598.84
676,338,15,2026-05-18,598.83
677,339,52,2026-05-19,1607.87
678,339,10,2026-07-09,1607.87
679,340,17,2026-02-15,689.62
680,340,41,2026-05-24,689.61
681,341,41,2026-05-15,405.25
682,341,58,2026-02-14,405.24
683,342,52,2026-03-15,952.88
684,342,52,2026-07-20,952.89
685,343,36,2026-01-05,1877.2
686,343,41,2026-06-02,1877.21
687,344,37,2026-01-05,1243.71
688,344,58,2026-02-17,1243.71
689,345,60,2026-06-26,967.5
690,345,34,2026-01-02,967.49
691,346,11,2026-03-27,1566.88
692,346,30,2026-03-28,1566.88
693,347,26,2026-06-06,1193.33
694,347,66,2026-06-19,1193.33
695,348,64,2026-06-01,1840.6
696,348,38,2026-04-22,1840.61
697,349,16,2026-06-21,1731.38
698,349,67,2026-03-06,1731.38
699,350,58,2026-04-06,1646.29
700,350,63,2026-02-19,1646.28
701,351,62,2026-03-21,633.58
702,351,3,2026-05-16,633.58
703,352,18,2026-07-07,571.04
704,352,51,2026-01-08,571.05
705,353,6,2026-05-24,1476.09
706,353,36,2026-05-24,1476.09
707,354,48,2026-01-16,668.93
708,354,24,2026-05-03,668.92
709,355,41,2026-02-15,1058.89
710,355,45,2026-05-17,1058.89
711,356,30,2026-01-12,1900.29
712,356,18,2026-02-21,1900.29
713,357,69,2026-03-01,1457.52
714,357,9,2026-02-22,1457.51
715,358,32,2026-01-15,512.44
716,358,21,2026-02-15,512.43
717,359,10,2026-02-01,1421.36
718,359,68,2026-05-08,1421.35
719,360,67,2026-05-16,1737.76
720,360,57,2026-04-28,1737.76
721,361,43,2026-04-22,885.53
722,361,23,2026-07-15,885.54
723,362,47,2026-06-25,881.79
724,362,13,2026-06-01,881.78
725,363,14,2026-01-09,844.4
726,363,29,2026-04-08,844.39
727,364,69,2026-07-23,1938.83
728,364,18,2026-04-04,1938.84
729,365,13,2026-03-24,1860.62
730,365,22,2026-02-01,1860.61
731,366,52,2026-04-07,1175.61
732,366,60,2026-05-20,1175.62
733,367,9,2026-05-12,1387.57
734,367,42,2026-01-13,1387.56
735,368,36,2026-01-27,421.19
736,368,37,2026-04-22,421.19
737,369,60,2026-01-27,1846.81
738,369,44,2026-03-04,1846.8
739,370,51,2026-03-23,933.26
740,370,66,2026-04-16,933.26
741,371,29,2026-02-23,1840.48
742,371,35,2026-03-16,1840.49
743,372,29,2026-06-05,603.99
744,372,48,2026-03-23,603.99
745,373,36,2026-01-06,456.77
746,373,5,2026-04-25,456.77
747,374,30,2026-01-10,1320.75
748,374,35,2026-06-01,1320.76
749,375,7,2026-01-26,749.09
750,375,32,2026-04-18,749.09
751,376,56,2026-06-03,964.91
752,376,54,2026-07-09,964.91
753,377,9,2026-04-25,1398.24
754,377,38,2026-02-13,1398.23
755,378,1,2026-07-21,1198.99
756,378,64,2026-04-08,1198.99
757,379,63,2026-01-12,1567.43
758,379,67,2026-05-10,1567.42
759,380,31,2026-05-24,764.59
760,380,43,2026-04-12,764.6
761,381,62,2026-03-01,1388.53
762,381,51,2026-05-23,1388.52
763,382,26,2026-07-26,1564.42
764,382,52,2026-02-02,1564.43
765,383,63,2026-02-24,597.52
766,383,60,2026-02-10,597.53
767,384,42,2026-05-17,485.91
768,384,17,2026-01-09,485.91
769,385,59,2026-03-08,925.45
770,385,38,2026-04-14,925.46
771,386,32,2026-03-26,835.99
772,386,27,2026-03-06,835.98
773,387,17,2026-03-02,1939.1
774,387,69,2026-07-22,1939.1
775,388,10,2026-02-04,915.66
776,388,16,2026-07-01,915.66
777,389,61,2026-01-11,1430.4
778,389,43,2026-06-24,1430.39
779,390,10,2026-06-01,931.04
780,390,32,2026-07-10,931.05
781,391,66,2026-02-27,1590.65
782,391,23,2026-01-01,1590.66
783,392,44,2026-06-01,605.43
784,392,22,2026-03-22,605.44
785,393,44,2026-06-02,1539.08
786,393,49,2026-01-20,1539.09
787,394,29,2026-07-22,1822.12
788,394,8,2026-04-01,1822.12
789,395,8,2026-07-26,1753.03
790,395,42,2026-06-14,1753.03
791,396,54,2026-01-18,1547.57
792,396,5,2026-04-11,1547.57
793,397,31,2026-02-21,1055.02
794,397,57,2026-05-15,1055.03
795,398,58,2026-02-23,433.76
796,398,57,2026-01-24,433.75
797,399,48,2026-02-09,579.01
798,399,7,2026-07-01,579
799,400,27,2026-03-09,689.13
800,400,53,2026-03-01,689.13
801,401,31,2026-03-14,1107.64
802,401,5,2026-04-16,1107.65
803,402,13,2026-04-02,879.02
804,402,38,2026-06-13,879.01
805,403,60,2026-06-02,992.61
806,403,53,2026-06-19,992.61
807,404,37,2026-02-11,1144.72
808,404,63,2026-06-19,1144.72
809,405,49,2026-03-18,1772.95
810,405,22,2026-05-14,1772.96
811,406,32,2026-07-09,878.26
812,406,21,2026-04-15,878.27
813,407,11,2026-05-02,1734.22
814,407,6,2026-04-25,1734.22
815,408,30,2026-02-10,1476.76
816,408,31,2026-07-12,1476.77
817,409,66,2026-07-04,405.26
818,409,38,2026-04-25,405.25
819,410,25,2026-03-15,1204.01
820,410,5,2026-03-02,1204.02
821,411,3,2026-01-28,1986.54
822,411,57,2026-04-21,1986.54
823,412,42,2026-01-02,993.38
824,412,11,2026-01-15,993.38
825,413,57,2026-07-18,990.28
826,413,52,2026-01-13,990.29
827,414,18,2026-01-14,1052.03
828,414,35,2026-04-01,1052.03
829,415,61,2026-07-17,728.52
830,415,23,2026-01-12,728.52
831,416,42,2026-01-16,1935.57
832,416,7,2026-07-07,1935.57
833,417,2,2026-01-24,726.16
834,417,32,2026-04-02,726.16
835,418,49,2026-05-16,768.03
836,418,45,2026-03-02,768.02
837,419,53,2026-04-11,942.86
838,419,50,2026-02-03,942.87
839,420,28,2026-06-05,660.83
840,420,1,2026-02-11,660.82
841,421,4,2026-01-03,1547.57
842,421,63,2026-04-15,1547.58
843,422,30,2026-05-25,1917.82
844,422,67,2026-02-23,1917.81
845,423,24,2026-06-15,488.26
846,423,28,2026-05-19,488.26
847,424,59,2026-06-14,1659.78
848,424,45,2026-03-13,1659.79
849,425,30,2026-07-11,785.8
850,425,6,2026-07-04,785.8
851,426,29,2026-01-21,1553
852,426,39,2026-04-19,1553
853,427,37,2026-05-12,1954.61
854,427,30,2026-07-14,1954.6
855,428,14,2026-07-10,1298.72
856,428,56,2026-07-19,1298.72
857,429,67,2026-07-07,1704.88
858,429,69,2026-07-02,1704.88
859,430,26,2026-01-01,1649.02
860,430,44,2026-02-06,1649.03
861,431,1,2026-07-08,977.5
862,431,46,2026-03-10,977.49
863,432,38,2026-05-06,1736.18
864,432,9,2026-07-04,1736.17
865,433,54,2026-05-27,1716.01
866,433,52,2026-05-08,1716.02
867,434,4,2026-02-25,832.33
868,434,37,2026-04-04,832.32
869,435,9,2026-05-10,1170.44
870,435,27,2026-07-26,1170.44
871,436,23,2026-04-12,1833.94
872,436,61,2026-07-07,1833.95
873,437,44,2026-05-16,1479.88
874,437,58,2026-01-09,1479.88
875,438,25,2026-02-11,1070.25
876,438,5,2026-06-03,1070.25
877,439,56,2026-07-19,610.18
878,439,60,2026-06-05,610.17
879,440,33,2026-02-25,1763.53
880,440,7,2026-07-21,1763.53
881,441,38,2026-05-08,1828.46
882,441,46,2026-07-13,1828.46
883,442,43,2026-06-13,1208.74
884,442,22,2026-01-28,1208.73
885,443,23,2026-04-21,775.7
886,443,40,2026-03-22,775.69
887,444,56,2026-04-12,555.09
888,444,45,2026-04-20,555.09
889,445,44,2026-01-12,1244.11
890,445,39,2026-01-15,1244.11
891,446,17,2026-02-25,764.75
892,446,44,2026-07-02,764.75
893,447,10,2026-04-22,1812.65
894,447,3,2026-06-08,1812.66
895,448,14,2026-01-04,1571.56
896,448,1,2026-05-24,1571.57
897,449,19,2026-05-24,1575.54
898,449,10,2026-05-07,1575.54
899,450,57,2026-05-15,1650.31
900,450,13,2026-02-05,1650.31
901,451,62,2026-03-08,1149.92
902,451,1,2026-01-16,1149.92
903,452,8,2026-06-27,1190.63
904,452,50,2026-01-15,1190.62
905,453,11,2026-07-13,1802.51
906,453,4,2026-04-25,1802.51
907,454,20,2026-04-25,1493.83
908,454,24,2026-05-21,1493.83
909,455,14,2026-03-12,1850.1
910,455,65,2026-01-03,1850.09
911,456,28,2026-02-09,1090.66
912,456,52,2026-04-06,1090.65
913,457,49,2026-06-26,898.96
914,457,57,2026-01-18,898.95
915,458,27,2026-02-12,739.92
916,458,63,2026-02-28,739.92
917,459,17,2026-04-14,673.73
918,459,68,2026-07-06,673.72
919,460,32,2026-01-10,1077.03
920,460,39,2026-06-08,1077.03
921,461,24,2026-06-15,511.62
922,461,34,2026-06-20,511.63
923,462,52,2026-06-26,463.38
924,462,36,2026-03-14,463.39
925,463,19,2026-03-10,1332.46
926,463,4,2026-06-03,1332.46
927,464,3,2026-04-12,1857.31
928,464,15,2026-07-22,1857.31
929,465,12,2026-04-24,1333.57
930,465,40,2026-04-23,1333.58
931,466,21,2026-05-15,1774.35
932,466,8,2026-06-04,1774.34
933,467,4,2026-03-06,1526.5
934,467,53,2026-04-18,1526.5
935,468,19,2026-06-15,721.46
936,468,37,2026-04-14,721.46
937,469,20,2026-03-05,644.15
938,469,28,2026-03-20,644.15
939,470,59,2026-03-25,1759.6
940,470,1,2026-04-23,1759.6
941,471,15,2026-07-05,1054
942,471,23,2026-07-06,1054
943,472,51,2026-04-24,1755.35
944,472,13,2026-03-01,1755.36
945,473,34,2026-01-14,1192.11
946,473,21,2026-07-18,1192.11
947,474,11,2026-05-02,1856.52
948,474,7,2026-01-06,1856.53
949,475,47,2026-06-04,1764.58
950,475,5,2026-02-05,1764.57
951,476,57,2026-06-15,762.55
952,476,68,2026-03-13,762.55
953,477,31,2026-01-12,1922.6
954,477,43,2026-07-23,1922.6
955,478,63,2026-03-20,1427.76
956,478,55,2026-04-13,1427.75
957,479,34,2026-04-07,1053.5
958,479,18,2026-06-14,1053.5
959,480,41,2026-06-24,1627.35
960,480,29,2026-05-24,1627.35
961,481,46,2026-05-06,1864.24
962,481,49,2026-02-17,1864.24
963,482,69,2026-04-15,1732.88
964,482,8,2026-01-03,1732.88
965,483,32,2026-06-27,618.52
966,483,68,2026-07-11,618.52
967,484,7,2026-02-28,1030.25
968,484,20,2026-07-23,1030.25
969,485,67,2026-02-03,462.87
970,485,28,2026-02-26,462.87
971,486,57,2026-07-03,1963.37
972,486,38,2026-05-13,1963.38
973,487,69,2026-01-07,874.3
974,487,50,2026-05-02,874.3
975,488,41,2026-04-14,849.01
976,488,6,2026-06-04,849.02
977,489,59,2026-04-21,1561.42
978,489,36,2026-04-07,1561.41
979,490,49,2026-06-19,1368.84
980,490,61,2026-07-05,1368.83
981,491,23,2026-02-18,1137.81
982,491,30,2026-02-15,1137.81
983,492,26,2026-02-03,1793.14
984,492,67,2026-07-08,1793.13
985,493,62,2026-05-27,1557.85
986,493,67,2026-07-05,1557.85
987,494,41,2026-03-08,565.02
988,494,66,2026-03-08,565.02
989,495,49,2026-04-20,1729.24
990,495,44,2026-03-02,1729.23
991,496,4,2026-04-23,1430.91
992,496,38,2026-05-21,1430.91
993,497,64,2026-04-27,1176.33
994,497,38,2026-05-21,1176.33
995,498,12,2026-01-10,1847.49
996,498,42,2026-04-12,1847.49
997,499,43,2026-03-16,1269.61
998,499,65,2026-01-13,1269.61
999,500,42,2026-01-14,817.73
1000,500,66,2026-02-24,817.72
1001,501,45,2026-05-18,466.76
1002,501,54,2026-01-13,466.76
1003,502,19,2026-07-05,1015.22
1004,502,21,2026-07-17,1015.22
1005,503,7,2026-04-05,416.43
1006,503,54,2026-07-05,416.43
1007,504,9,2026-05-19,1851.42
1008,504,51,2026-01-17,1851.41
1009,505,27,2026-07-27,1902.38
1010,505,18,2026-02-24,1902.37
1011,506,3,2026-06-07,1257.29
1012,506,54,2026-04-19,1257.29
1013,507,50,2026-06-14,797.7
1014,507,53,2026-07-21,797.71
1015,508,29,2026-04-24,732.99
1016,508,40,2026-06-24,733
1017,509,54,2026-05-08,951.48
1018,509,53,2026-05-20,951.49
1019,510,18,2026-06-05,1359.64
1020,510,23,2026-03-23,1359.65
1021,511,33,2026-07-20,616.78
1022,511,57,2026-02-22,616.78
1023,512,28,2026-03-17,1190.08
1024,512,64,2026-06-15,1190.08
1025,513,9,2026-01-24,473.01
1026,513,39,2026-01-03,473.01
1027,514,37,2026-02-24,712.34
1028,514,53,2026-05-20,712.33
1029,515,50,2026-05-27,1264.81
1030,515,13,2026-01-12,1264.8
1031,516,1,2026-03-23,1426.68
1032,516,28,2026-05-25,1426.67
1033,517,38,2026-04-18,432.03
1034,517,7,2026-07-07,432.02
1035,518,9,2026-05-23,715.88
1036,518,1,2026-05-11,715.88
1037,519,26,2026-01-05,1114.39
1038,519,34,2026-05-27,1114.4
1039,520,45,2026-04-13,1110.49
1040,520,67,2026-07-14,1110.5
1041,521,34,2026-03-16,1935.53
1042,521,55,2026-04-16,1935.53
1043,522,21,2026-05-05,1421.4
1044,522,10,2026-05-21,1421.41
1045,523,25,2026-03-10,408.11
1046,523,59,2026-02-19,408.1
1047,524,62,2026-01-04,1649.64
1048,524,43,2026-07-28,1649.64
1049,525,20,2026-07-21,1957.67
1050,525,1,2026-05-10,1957.68
1051,526,56,2026-02-10,1852.45
1052,526,42,2026-06-19,1852.45
1053,527,61,2026-01-27,927.02
1054,527,17,2026-02-23,927.02
1055,528,21,2026-02-07,1780.43
1056,528,19,2026-05-11,1780.42
1057,529,1,2026-03-24,1647.26
1058,529,1,2026-01-25,1647.27
1059,530,41,2026-07-23,504.74
1060,530,24,2026-02-10,504.73
1061,531,6,2026-03-03,581.74
1062,531,57,2026-07-17,581.73
1063,532,31,2026-07-15,1902.11
1064,532,43,2026-07-23,1902.11
1065,533,28,2026-02-06,1221.3
1066,533,3,2026-02-03,1221.31
1067,534,25,2026-07-14,1231.53
1068,534,49,2026-04-27,1231.54
1069,535,29,2026-03-13,1380.15
1070,535,43,2026-02-15,1380.16
1071,536,39,2026-05-08,1646.39
1072,536,64,2026-01-13,1646.39
1073,537,14,2026-05-13,1590.11
1074,537,48,2026-01-19,1590.12
1075,538,52,2026-03-15,1526.88
1076,538,40,2026-07-24,1526.89
1077,539,21,2026-05-17,1337.92
1078,539,26,2026-02-05,1337.91
1079,540,19,2026-06-15,663.77
1080,540,1,2026-02-24,663.77
1081,541,35,2026-06-27,1408.75
1082,541,54,2026-04-21,1408.75
1083,542,16,2026-02-18,1908.4
1084,542,17,2026-07-07,1908.4
1085,543,1,2026-05-15,688.04
1086,543,40,2026-02-12,688.05
1087,544,37,2026-02-07,947.27
1088,544,20,2026-03-16,947.27
1089,545,3,2026-03-05,684.78
1090,545,12,2026-02-27,684.78
1091,546,14,2026-06-24,1838.88
1092,546,16,2026-04-07,1838.88
1093,547,6,2026-06-25,813.81
1094,547,46,2026-01-25,813.82
1095,548,37,2026-03-28,692.01
1096,548,26,2026-02-12,692.02
1097,549,26,2026-03-22,1063.34
1098,549,54,2026-05-28,1063.35
1099,550,62,2026-02-11,989.24
1100,550,48,2026-06-26,989.24
1101,551,17,2026-04-27,889.84
1102,551,44,2026-06-06,889.84
1103,552,49,2026-01-24,1858.46
1104,552,38,2026-07-27,1858.47
1105,553,64,2026-07-24,630.49
1106,553,68,2026-04-10,630.49
1107,554,63,2026-02-11,977.95
1108,554,1,2026-07-24,977.94
1109,555,31,2026-05-24,730.01
1110,555,58,2026-03-07,730.01
1111,556,52,2026-05-28,1406.04
1112,556,69,2026-07-24,1406.05
1113,557,69,2026-07-09,1634.41
1114,557,22,2026-04-07,1634.4
1115,558,15,2026-05-17,1396.69
1116,558,6,2026-03-22,1396.69
1117,559,7,2026-07-04,1127.46
1118,559,59,2026-06-23,1127.45
1119,560,60,2026-01-28,661.75
1120,560,9,2026-06-07,661.75
1121,561,41,2026-04-12,798
1122,561,14,2026-02-10,797.99
1123,562,36,2026-05-09,1716.41
1124,562,54,2026-03-17,1716.41
1125,563,56,2026-03-18,1333.43
1126,563,12,2026-04-03,1333.43
1127,564,40,2026-07-10,1227.44
1128,564,43,2026-07-12,1227.43
1129,565,40,2026-02-02,901.48
1130,565,12,2026-02-07,901.47
1131,566,64,2026-05-14,1273.09
1132,566,30,2026-03-10,1273.1
1133,567,51,2026-06-20,1119.89
1134,567,51,2026-05-04,1119.9
1135,568,37,2026-05-22,1400.76
1136,568,62,2026-04-23,1400.76
1137,569,51,2026-03-16,450.61
1138,569,24,2026-04-16,450.61
1139,570,25,2026-06-08,1395.56
1140,570,63,2026-05-10,1395.56
1141,571,64,2026-02-13,1924.01
1142,571,37,2026-05-08,1924.01
1143,572,18,2026-02-10,562.58
1144,572,3,2026-03-06,562.59
1145,573,43,2026-03-01,1721.42
1146,573,17,2026-06-24,1721.43
1147,574,54,2026-02-05,1049.59
1148,574,68,2026-05-18,1049.58
1149,575,3,2026-07-05,1550.7
1150,575,61,2026-03-19,1550.69
1151,576,49,2026-06-23,908.79
1152,576,37,2026-06-04,908.8
1153,577,41,2026-07-15,1947.12
1154,577,4,2026-05-28,1947.12
1155,578,22,2026-03-22,577.69
1156,578,62,2026-03-24,577.69
1157,579,35,2026-01-09,914.86
1158,579,33,2026-02-27,914.86
1159,580,68,2026-06-06,1793.37
1160,580,43,2026-03-04,1793.36
1161,581,31,2026-07-28,1797.55
1162,581,11,2026-07-24,1797.55
1163,582,7,2026-03-08,1406.01
1164,582,52,2026-07-27,1406.01
1165,583,68,2026-01-26,1588.64
1166,583,2,2026-07-07,1588.65
1167,584,53,2026-05-25,1023.32
1168,584,12,2026-01-19,1023.32
1169,585,69,2026-02-15,1541.77
1170,585,8,2026-05-01,1541.77
1171,586,50,2026-04-08,900.36
1172,586,19,2026-03-27,900.36
1173,587,14,2026-04-04,1288.14
1174,587,10,2026-06-07,1288.14
1175,588,64,2026-04-25,715.42
1176,588,38,2026-05-24,715.42
1177,589,37,2026-07-12,894.11
1178,589,69,2026-07-07,894.11
1179,590,65,2026-01-24,1061.26
1180,590,1,2026-03-28,1061.26
1181,591,10,2026-01-25,1888.22
1182,591,45,2026-04-23,1888.22
1183,592,45,2026-07-28,523.84
1184,592,18,2026-05-17,523.84
1185,593,58,2026-02-05,1527.18
1186,593,16,2026-02-17,1527.18
1187,594,18,2026-01-02,1938.5
1188,594,29,2026-02-03,1938.5
1189,595,20,2026-05-04,617.01
1190,595,26,2026-04-12,617.01
1191,596,7,2026-07-28,576.93
1192,596,45,2026-02-04,576.94
1193,597,9,2026-04-12,513.28
1194,597,63,2026-04-03,513.29
1195,598,30,2026-06-27,1742.89
1196,598,10,2026-03-23,1742.89
1197,599,46,2026-01-22,1771.43
1198,599,28,2026-05-23,1771.42
1199,600,26,2026-07-12,1577.48
1200,600,39,2026-05-20,1577.47
1201,601,61,2026-01-14,832.91
1202,601,1,2026-06-28,832.91
1203,602,43,2026-03-19,1364.53
1204,602,6,2026-02-21,1364.52
1205,603,15,2026-03-13,1580.91
1206,603,55,2026-06-08,1580.91
1207,604,67,2026-02-06,897.81
1208,604,68,2026-02-28,897.82
1209,605,51,2026-07-16,1622.14
1210,605,34,2026-04-21,1622.14
1211,606,60,2026-02-17,1727.01
1212,606,50,2026-07-23,1727.01
1213,607,62,2026-04-19,1062.51
1214,607,63,2026-03-08,1062.5
1215,608,36,2026-07-12,1574.84
1216,608,67,2026-03-15,1574.84
1217,609,9,2026-01-01,1996.02
1218,609,33,2026-05-19,1996.02
1219,610,26,2026-06-26,1761.36
1220,610,7,2026-01-20,1761.35
1221,611,47,2026-02-01,541.72
1222,611,11,2026-01-11,541.71
1223,612,17,2026-07-06,1016.66
1224,612,14,2026-06-07,1016.66
1225,613,30,2026-03-27,836.38
1226,613,54,2026-05-19,836.37
1227,614,26,2026-06-22,742.95
1228,614,17,2026-07-20,742.95
1229,615,30,2026-07-06,563.61
1230,615,17,2026-05-23,563.6
1231,616,15,2026-01-13,604.25
1232,616,68,2026-07-04,604.25
1233,617,60,2026-03-24,969.21
1234,617,44,2026-04-27,969.21
1235,618,35,2026-04-02,551.52
1236,618,30,2026-05-20,551.52
1237,619,30,2026-07-24,705.02
1238,619,66,2026-06-06,705.01
1239,620,37,2026-05-21,1895.73
1240,620,9,2026-07-13,1895.73
1241,621,19,2026-03-20,1805.81
1242,621,39,2026-07-13,1805.8
1243,622,31,2026-02-20,1653.99
1244,622,41,2026-03-25,1654
1245,623,53,2026-03-19,1048.36
1246,623,63,2026-04-01,1048.36
1247,624,38,2026-05-08,1723.56
1248,624,69,2026-06-01,1723.56
1249,625,65,2026-02-20,1359.15
1250,625,47,2026-01-25,1359.15
1251,626,13,2026-03-01,1898.62
1252,626,12,2026-04-18,1898.62
1253,627,20,2026-02-25,1199.09
1254,627,43,2026-01-28,1199.09
1255,628,49,2026-06-27,1421.28
1256,628,13,2026-01-28,1421.27
1257,629,4,2026-05-18,989.77
1258,629,7,2026-06-15,989.78
1259,630,39,2026-06-09,439.61
1260,630,17,2026-06-14,439.61
1261,631,12,2026-07-03,905.09
1262,631,38,2026-06-19,905.08
1263,632,3,2026-06-13,1294.39
1264,632,39,2026-05-06,1294.4
1265,633,67,2026-03-19,1210.94
1266,633,58,2026-05-20,1210.94
1267,634,15,2026-03-08,658.27
1268,634,26,2026-07-15,658.27
1269,635,66,2026-02-18,1146.94
1270,635,39,2026-04-14,1146.94
1271,636,22,2026-06-09,655.4
1272,636,4,2026-05-06,655.4
1273,637,63,2026-07-07,1326.18
1274,637,16,2026-03-20,1326.18
1275,638,19,2026-01-07,765.5
1276,638,65,2026-03-06,765.5
1277,639,34,2026-06-14,863.68
1278,639,52,2026-06-03,863.68
1279,640,57,2026-07-19,935.01
1280,640,26,2026-02-07,935.01
1281,641,56,2026-04-14,691.42
1282,641,23,2026-01-02,691.41
1283,642,23,2026-07-25,895.7
1284,642,31,2026-07-10,895.7
1285,643,51,2026-03-23,956.66
1286,643,31,2026-04-15,956.65
1287,644,3,2026-01-02,1899
1288,644,3,2026-06-18,1899.01
1289,645,36,2026-04-13,1114.3
1290,645,40,2026-03-02,1114.29
1291,646,18,2026-05-14,1748.66
1292,646,31,2026-05-01,1748.66
1293,647,14,2026-01-06,1461.28
1294,647,20,2026-07-27,1461.28
1295,648,18,2026-03-08,1790.65
1296,648,67,2026-05-04,1790.65
1297,649,37,2026-04-07,777.53
1298,649,39,2026-03-26,777.53
1299,650,68,2026-01-21,1284.97
1300,650,31,2026-07-20,1284.98
1301,651,51,2026-07-25,1765.84
1302,651,42,2026-01-22,1765.85
1303,652,67,2026-03-25,1805.42
1304,652,39,2026-02-15,1805.42
1305,653,43,2026-01-14,1970.43
1306,653,67,2026-07-13,1970.42
1307,654,26,2026-01-09,1893.94
1308,654,2,2026-07-03,1893.94
1309,655,5,2026-06-19,1734.23
1310,655,16,2026-02-26,1734.23
1311,656,22,2026-04-02,482.65
1312,656,30,2026-03-19,482.64
1313,657,35,2026-01-14,853.28
1314,657,25,2026-04-28,853.27
1315,658,58,2026-01-27,1644.19
1316,658,52,2026-02-22,1644.19
1317,659,32,2026-01-07,1203.36
1318,659,12,2026-03-16,1203.36
1319,660,56,2026-07-10,1169.55
1320,660,22,2026-03-09,1169.55
1321,661,25,2026-04-20,1987.96
1322,661,10,2026-01-03,1987.95
1323,662,6,2026-05-06,839.58
1324,662,17,2026-04-09,839.57
1325,663,58,2026-06-20,1523.24
1326,663,40,2026-06-24,1523.23
1327,664,6,2026-01-16,1590.06
1328,664,45,2026-05-01,1590.06
1329,665,66,2026-03-07,1699.74
1330,665,4,2026-07-12,1699.73
1331,666,51,2026-02-06,765.97
1332,666,27,2026-06-28,765.98
1333,667,65,2026-05-15,1729.03
1334,667,14,2026-04-26,1729.03
1335,668,59,2026-06-04,1524.89
1336,668,65,2026-01-09,1524.89
1337,669,16,2026-03-04,780.66
1338,669,61,2026-06-13,780.67
1339,670,35,2026-02-11,1350.49
1340,670,28,2026-01-01,1350.49
1341,671,22,2026-02-23,1511.1
1342,671,66,2026-05-11,1511.11
1343,672,69,2026-01-02,578.12
1344,672,3,2026-01-23,578.13
1345,673,6,2026-03-02,639.43
1346,673,4,2026-01-15,639.44
1347,674,26,2026-01-01,726.36
1348,674,20,2026-05-07,726.37
1349,675,39,2026-04-22,1373.97
1350,675,36,2026-01-02,1373.96
1351,676,48,2026-06-19,1606.41
1352,676,69,2026-07-21,1606.42
1353,677,1,2026-05-21,479.41
1354,677,33,2026-05-18,479.4
1355,678,66,2026-02-21,868.25
1356,678,68,2026-03-07,868.25
1357,679,57,2026-02-11,921.89
1358,679,11,2026-06-19,921.88
1359,680,2,2026-01-27,1931.41
1360,680,67,2026-01-22,1931.41
1361,681,41,2026-02-06,1395.25
1362,681,28,2026-02-24,1395.25
1363,682,67,2026-07-22,1260.84
1364,682,3,2026-03-25,1260.84
1365,683,39,2026-02-11,1829.76
1366,683,57,2026-04-27,1829.76
1367,684,9,2026-01-28,1270.21
1368,684,16,2026-06-07,1270.22
1369,685,22,2026-04-06,500.87
1370,685,62,2026-07-24,500.86
1371,686,56,2026-02-26,1759.57
1372,686,53,2026-05-22,1759.57
1373,687,2,2026-05-15,1606.49
1374,687,20,2026-03-14,1606.49
1375,688,14,2026-01-16,1349.89
1376,688,17,2026-02-02,1349.9
1377,689,18,2026-03-26,1006.85
1378,689,7,2026-06-02,1006.86
1379,690,56,2026-05-08,1189.57
1380,690,26,2026-02-14,1189.57
1381,691,56,2026-04-19,600.29
1382,691,57,2026-07-15,600.28
1383,692,58,2026-04-18,447.83
1384,692,68,2026-03-15,447.82
1385,693,40,2026-05-07,1728.42
1386,693,10,2026-02-25,1728.42
1387,694,6,2026-01-19,1399.43
1388,694,32,2026-01-22,1399.42
1389,695,57,2026-01-11,1912.86
1390,695,28,2026-01-25,1912.86
1391,696,13,2026-07-03,895.42
1392,696,41,2026-05-14,895.41
1393,697,69,2026-07-23,1127.71
1394,697,17,2026-03-22,1127.72
1395,698,10,2026-07-07,1239
1396,698,36,2026-07-20,1239
1397,699,47,2026-02-25,980.47
1398,699,64,2026-01-27,980.47
1399,700,68,2026-07-23,1560.27
1400,700,10,2026-04-19,1560.27
1401,701,65,2026-02-17,640
1402,701,38,2026-04-27,640.01
1403,702,7,2026-04-02,585.45
1404,702,36,2026-07-17,585.45
1405,703,13,2026-02-16,1885.17
1406,703,18,2026-05-18,1885.16
1407,704,50,2026-07-03,700.59
1408,704,49,2026-04-21,700.59
1409,705,32,2026-03-21,669.39
1410,705,54,2026-05-14,669.39
1411,706,38,2026-01-24,1774.56
1412,706,13,2026-05-07,1774.55
1413,707,65,2026-06-24,916.92
1414,707,16,2026-03-09,916.91
1415,708,59,2026-03-05,463.43
1416,708,44,2026-03-16,463.43
1417,709,11,2026-04-06,1678.94
1418,709,22,2026-04-22,1678.94
1419,710,45,2026-03-21,1566.87
1420,710,10,2026-06-19,1566.87
1421,711,40,2026-02-04,1354.68
1422,711,7,2026-07-14,1354.68
1423,712,48,2026-04-11,925.26
1424,712,61,2026-06-17,925.26
1425,713,60,2026-07-04,1668.61
1426,713,28,2026-05-12,1668.62
1427,714,67,2026-02-11,1882.06
1428,714,57,2026-05-26,1882.06
1429,715,8,2026-01-01,1314.17
1430,715,39,2026-04-02,1314.17
1431,716,10,2026-06-20,456.1
1432,716,56,2026-07-18,456.09
1433,717,9,2026-01-04,956.09
1434,717,5,2026-06-24,956.09
1435,718,53,2026-07-05,1605.13
1436,718,47,2026-01-07,1605.13
1437,719,41,2026-07-24,1793.28
1438,719,57,2026-06-14,1793.28
1439,720,11,2026-06-19,465.14
1440,720,26,2026-04-22,465.15
1441,721,40,2026-06-01,425.55
1442,721,32,2026-07-07,425.55
1443,722,18,2026-01-22,1989.35
1444,722,31,2026-02-26,1989.34
1445,723,34,2026-05-17,890.21
1446,723,30,2026-01-18,890.21
1447,724,57,2026-03-11,1181.06
1448,724,30,2026-06-12,1181.07
1449,725,36,2026-03-18,1264.14
1450,725,68,2026-07-25,1264.14
1451,726,33,2026-07-23,1654.03
1452,726,15,2026-07-13,1654.04
1453,727,3,2026-05-24,450.39
1454,727,29,2026-03-02,450.4
1455,728,59,2026-07-03,682.46
1456,728,43,2026-01-12,682.47
1457,729,29,2026-02-25,477.15
1458,729,19,2026-07-17,477.15
1459,730,27,2026-05-17,970.58
1460,730,4,2026-07-28,970.58
1461,731,36,2026-06-18,1093.25
1462,731,40,2026-06-06,1093.25
1463,732,37,2026-03-13,1835.82
1464,732,65,2026-03-04,1835.82
1465,733,33,2026-03-08,473.75
1466,733,18,2026-06-08,473.74
1467,734,25,2026-06-23,436.59
1468,734,48,2026-05-26,436.59
1469,735,60,2026-02-07,1299.27
1470,735,54,2026-02-13,1299.27
1471,736,57,2026-02-14,1686.17
1472,736,6,2026-04-20,1686.16
1473,737,50,2026-04-04,632.46
1474,737,36,2026-02-04,632.46
1475,738,22,2026-05-04,1812.5
1476,738,38,2026-03-27,1812.5
1477,739,25,2026-06-03,1946.47
1478,739,31,2026-02-06,1946.48
1479,740,23,2026-04-18,1574.59
1480,740,31,2026-06-21,1574.59
1481,741,57,2026-01-17,1834.28
1482,741,13,2026-02-15,1834.29
1483,742,9,2026-01-08,877.79
1484,742,63,2026-03-17,877.79
1485,743,25,2026-01-22,601.15
1486,743,34,2026-04-28,601.14
1487,744,69,2026-02-18,1183.34
1488,744,2,2026-06-18,1183.33
1489,745,21,2026-06-17,1762.8
1490,745,36,2026-01-04,1762.8
1491,746,18,2026-02-05,573.65
1492,746,50,2026-01-02,573.64
1493,747,45,2026-01-13,485.74
1494,747,24,2026-04-14,485.74
1495,748,16,2026-03-28,1864.82
1496,748,19,2026-06-28,1864.82
1497,749,35,2026-06-22,1047.13
1498,749,13,2026-06-26,1047.13
1499,750,69,2026-01-09,1072.51
1500,750,20,2026-01-07,1072.51
1501,751,18,2026-07-21,1021.31
1502,751,32,2026-01-18,1021.3
1503,752,48,2026-04-24,1445.82
1504,752,49,2026-06-20,1445.83
1505,753,15,2026-07-22,1869.58
1506,753,3,2026-07-25,1869.58
1507,754,57,2026-04-23,1559.2
1508,754,46,2026-07-11,1559.2
1509,755,32,2026-07-02,400.99
1510,755,20,2026-03-05,400.99
1511,756,67,2026-06-11,580.35
1512,756,9,2026-04-20,580.35
1513,757,57,2026-06-13,926.68
1514,757,16,2026-04-11,926.67
1515,758,43,2026-01-11,1288.68
1516,758,57,2026-07-03,1288.68
1517,759,40,2026-04-23,422.87
1518,759,37,2026-02-15,422.87
1519,760,65,2026-07-08,1013.32
1520,760,13,2026-01-16,1013.31
1521,761,57,2026-03-22,1952.72
1522,761,9,2026-04-16,1952.72
1523,762,58,2026-06-15,1099.38
1524,762,69,2026-05-05,1099.39
1525,763,56,2026-02-17,1554.41
1526,763,44,2026-03-18,1554.41
1527,764,63,2026-04-13,1049.23
1528,764,63,2026-04-08,1049.22
1529,765,34,2026-07-02,1451.5
1530,765,7,2026-02-09,1451.51
1531,766,15,2026-07-01,711.49
1532,766,69,2026-02-01,711.49
1533,767,1,2026-06-23,1673.47
1534,767,65,2026-03-21,1673.48
1535,768,12,2026-02-26,1342.54
1536,768,21,2026-07-08,1342.55
1537,769,1,2026-04-25,1794.97
1538,769,23,2026-02-09,1794.98
1539,770,37,2026-01-03,686.11
1540,770,18,2026-06-13,686.1
1541,771,13,2026-03-27,833.83
1542,771,7,2026-06-15,833.82
1543,772,4,2026-04-18,759.37
1544,772,16,2026-07-16,759.37
1545,773,54,2026-03-20,761.88
1546,773,51,2026-01-03,761.87
1547,774,15,2026-05-15,1791.07
1548,774,54,2026-05-16,1791.07
1549,775,51,2026-06-02,599.87
1550,775,6,2026-02-23,599.86
1551,776,57,2026-01-07,475.65
1552,776,54,2026-04-07,475.64
1553,777,62,2026-01-18,583.78
1554,777,62,2026-07-05,583.78
1555,778,13,2026-03-11,1576.75
1556,778,42,2026-07-04,1576.75
1557,779,40,2026-02-04,527.32
1558,779,63,2026-05-26,527.32
1559,780,14,2026-03-24,593.01
1560,780,16,2026-06-20,593.01
1561,781,33,2026-02-26,1181.17
1562,781,10,2026-02-10,1181.17
1563,782,55,2026-02-12,1099.78
1564,782,8,2026-03-22,1099.77
1565,783,16,2026-02-07,723.24
1566,783,58,2026-04-20,723.25
1567,784,63,2026-04-16,647.53
1568,784,24,2026-05-03,647.54
1569,785,33,2026-04-05,852.27
1570,785,29,2026-07-28,852.27
1571,786,67,2026-03-05,1873.69
1572,786,11,2026-03-17,1873.68
1573,787,2,2026-02-16,1737.84
1574,787,8,2026-04-24,1737.83
1575,788,52,2026-06-20,1676.88
1576,788,36,2026-07-28,1676.87
1577,789,55,2026-04-15,1621.98
1578,789,25,2026-01-07,1621.98
1579,790,49,2026-01-15,1711.02
1580,790,16,2026-01-03,1711.01
1581,791,47,2026-03-09,766.36
1582,791,48,2026-06-08,766.35
1583,792,65,2026-04-26,917.74
1584,792,53,2026-01-07,917.74
1585,793,37,2026-02-24,1931.81
1586,793,10,2026-02-09,1931.81
1587,794,27,2026-03-17,1671.38
1588,794,23,2026-05-04,1671.37
1589,795,33,2026-01-25,1743.67
1590,795,21,2026-03-02,1743.67
1591,796,47,2026-02-01,1328.94
1592,796,14,2026-07-01,1328.94
1593,797,68,2026-02-02,1566.95
1594,797,29,2026-04-16,1566.95
1595,798,28,2026-01-27,1544.75
1596,798,30,2026-07-25,1544.75
1597,799,2,2026-04-24,1804.88
1598,799,61,2026-01-09,1804.88
1599,800,30,2026-07-14,514.34
1600,800,4,2026-07-07,514.33
1601,801,35,2026-03-24,890.74
1602,801,45,2026-03-18,890.74
1603,802,33,2026-06-19,1579.82
1604,802,65,2026-05-28,1579.81
1605,803,63,2026-05-24,815.55
1606,803,58,2026-05-14,815.55
1607,804,24,2026-07-07,1070.21
1608,804,56,2026-05-23,1070.21
1609,805,16,2026-04-26,1532.56
1610,805,44,2026-03-03,1532.57
1611,806,14,2026-01-07,1101.12
1612,806,20,2026-05-19,1101.12
1613,807,47,2026-02-19,1599.13
1614,807,25,2026-07-11,1599.13
1615,808,35,2026-05-15,1149.81
1616,808,56,2026-05-07,1149.81
1617,809,9,2026-04-05,1931.59
1618,809,20,2026-05-04,1931.59
1619,810,54,2026-05-24,533.92
1620,810,67,2026-01-09,533.92
1621,811,33,2026-02-03,1560.54
1622,811,26,2026-02-15,1560.54
1623,812,9,2026-06-28,1702.1
1624,812,65,2026-02-25,1702.1
1625,813,57,2026-04-10,1328.11
1626,813,43,2026-05-27,1328.11
1627,814,61,2026-01-08,655.5
1628,814,28,2026-04-03,655.49
1629,815,14,2026-02-16,1905.12
1630,815,47,2026-03-10,1905.11
1631,816,64,2026-04-03,1761.26
1632,816,3,2026-07-28,1761.26
1633,817,63,2026-06-18,852.19
1634,817,49,2026-07-18,852.19
1635,818,12,2026-06-13,718.99
1636,818,47,2026-07-04,718.98
1637,819,54,2026-04-10,846.34
1638,819,18,2026-02-09,846.34
1639,820,59,2026-04-09,1609.27
1640,820,52,2026-02-24,1609.27
1641,821,7,2026-03-25,888.09
1642,821,18,2026-05-09,888.08
1643,822,35,2026-02-26,1082.67
1644,822,14,2026-05-21,1082.68
1645,823,64,2026-03-11,647.55
1646,823,68,2026-03-09,647.56
1647,824,49,2026-03-04,1862.45
1648,824,57,2026-04-18,1862.45
1649,825,43,2026-02-05,1979.01
1650,825,34,2026-06-18,1979.02
1651,826,3,2026-02-10,1747.1
1652,826,22,2026-06-03,1747.09
1653,827,17,2026-05-05,1318.97
1654,827,60,2026-02-12,1318.96
1655,828,51,2026-02-05,1456.85
1656,828,32,2026-01-22,1456.85
1657,829,12,2026-03-02,1420.83
1658,829,9,2026-04-09,1420.83
1659,830,58,2026-07-24,1385.24
1660,830,37,2026-03-04,1385.25
1661,831,29,2026-06-12,1951.15
1662,831,28,2026-03-25,1951.15
1663,832,48,2026-05-22,661.37
1664,832,64,2026-05-11,661.37
1665,833,6,2026-01-25,1722.26
1666,833,53,2026-03-17,1722.26
1667,834,25,2026-07-03,1342.88
1668,834,12,2026-06-09,1342.88
1669,835,65,2026-02-10,762.94
1670,835,46,2026-06-12,762.94
1671,836,40,2026-02-14,923.96
1672,836,7,2026-02-16,923.95
1673,837,35,2026-04-20,1891.51
1674,837,59,2026-06-20,1891.51
1675,838,58,2026-07-18,1112.3
1676,838,69,2026-06-12,1112.3
1677,839,60,2026-05-27,634.46
1678,839,65,2026-06-09,634.46
1679,840,44,2026-06-04,1160
1680,840,58,2026-07-06,1160.01
1681,841,6,2026-02-15,1560.14
1682,841,41,2026-06-08,1560.14
1683,842,67,2026-03-18,1969.55
1684,842,44,2026-04-06,1969.55
1685,843,49,2026-06-06,1714.71
1686,843,36,2026-06-14,1714.7
1687,844,67,2026-04-28,1043.65
1688,844,47,2026-06-17,1043.65
1689,845,58,2026-05-11,1254.01
1690,845,43,2026-04-27,1254.01
1691,846,63,2026-03-17,1470.87
1692,846,52,2026-01-03,1470.88
1693,847,19,2026-02-21,1807.56
1694,847,14,2026-04-16,1807.55
1695,848,2,2026-07-05,721.44
1696,848,69,2026-01-18,721.43
1697,849,44,2026-04-17,477.36
1698,849,47,2026-03-25,477.36
1699,850,7,2026-03-01,726.1
1700,850,59,2026-07-04,726.1
1701,851,51,2026-02-10,1279.14
1702,851,34,2026-04-25,1279.15
1703,852,33,2026-03-25,1735.38
1704,852,3,2026-07-23,1735.37
1705,853,13,2026-06-22,1704.32
1706,853,14,2026-02-25,1704.33
1707,854,3,2026-02-25,642.56
1708,854,2,2026-02-19,642.55
1709,855,63,2026-03-05,515.55
1710,855,24,2026-07-07,515.55
1711,856,17,2026-04-07,561.48
1712,856,34,2026-03-10,561.48
1713,857,63,2026-02-06,1582.95
1714,857,69,2026-07-18,1582.95
1715,858,52,2026-05-14,753.85
1716,858,63,2026-01-13,753.85
1717,859,40,2026-05-26,1983.88
1718,859,50,2026-04-06,1983.89
1719,860,38,2026-06-25,438.45
1720,860,33,2026-07-07,438.45
1721,861,46,2026-04-02,1378.08
1722,861,18,2026-02-19,1378.09
1723,862,50,2026-07-13,1524.31
1724,862,53,2026-06-24,1524.3
1725,863,61,2026-06-04,1149.65
1726,863,52,2026-01-09,1149.65
1727,864,34,2026-05-11,1780.38
1728,864,29,2026-06-01,1780.37
1729,865,57,2026-03-19,1577.29
1730,865,45,2026-06-06,1577.28
1731,866,19,2026-03-16,1829.17
1732,866,6,2026-06-11,1829.18
1733,867,25,2026-02-03,1441.31
1734,867,68,2026-03-01,1441.3
1735,868,19,2026-02-13,1885.94
1736,868,56,2026-06-16,1885.93
1737,869,3,2026-05-01,1113.44
1738,869,5,2026-05-17,1113.44
1739,870,1,2026-01-21,741.12
1740,870,32,2026-07-28,741.11
1741,871,53,2026-03-23,1935.5
1742,871,62,2026-02-25,1935.51
1743,872,15,2026-03-16,429.4
1744,872,28,2026-04-27,429.41
1745,873,28,2026-02-28,1248.75
1746,873,2,2026-04-01,1248.74
1747,874,40,2026-01-04,745.82
1748,874,41,2026-02-20,745.82
1749,875,3,2026-05-12,1604.44
1750,875,27,2026-02-16,1604.43
1751,876,17,2026-01-04,1977.38
1752,876,14,2026-03-10,1977.38
1753,877,53,2026-02-25,447.35
1754,877,4,2026-05-25,447.34
1755,878,9,2026-07-13,1541.79
1756,878,2,2026-01-19,1541.8
1757,879,31,2026-03-13,1935.19
1758,879,28,2026-07-22,1935.2
1759,880,15,2026-02-03,699.77
1760,880,5,2026-03-02,699.78
1761,881,12,2026-05-26,1083.34
1762,881,67,2026-02-16,1083.35
1763,882,15,2026-01-11,1559.7
1764,882,59,2026-07-12,1559.69
1765,883,62,2026-02-17,1006.59
1766,883,36,2026-07-27,1006.59
1767,884,19,2026-06-02,1441.99
1768,884,3,2026-07-19,1441.99
1769,885,7,2026-05-10,1419.69
1770,885,19,2026-01-22,1419.68
1771,886,7,2026-05-03,1616.65
1772,886,56,2026-07-13,1616.66
1773,887,57,2026-01-02,855.29
1774,887,18,2026-03-02,855.3
1775,888,41,2026-03-01,478.69
1776,888,59,2026-01-05,478.69
1777,889,35,2026-06-08,1735.65
1778,889,61,2026-07-19,1735.65
1779,890,3,2026-02-28,1875.16
1780,890,33,2026-03-14,1875.16
1781,891,61,2026-01-19,843.87
1782,891,28,2026-06-13,843.88
1783,892,24,2026-06-15,401.29
1784,892,63,2026-01-03,401.29
1785,893,67,2026-04-04,594.31
1786,893,60,2026-04-27,594.32
1787,894,14,2026-02-22,1417.24
1788,894,11,2026-01-04,1417.24
1789,895,7,2026-07-09,463.47
1790,895,25,2026-05-03,463.48
1791,896,48,2026-04-09,816.74
1792,896,14,2026-04-11,816.74
1793,897,20,2026-06-19,1424.01
1794,897,18,2026-05-06,1424.01
1795,898,56,2026-02-28,914.84
1796,898,13,2026-01-20,914.85
1797,899,1,2026-04-01,1220.17
1798,899,64,2026-01-04,1220.18
1799,900,12,2026-01-27,1744.48
1800,900,12,2026-02-16,1744.49
1801,901,33,2026-05-25,1327.61
1802,901,37,2026-05-15,1327.6
1803,902,2,2026-07-13,1282.37
1804,902,69,2026-07-24,1282.36
1805,903,56,2026-05-10,412
1806,903,13,2026-01-05,412
1807,904,18,2026-06-12,1592.82
1808,904,45,2026-03-25,1592.82
1809,905,69,2026-01-10,571.09
1810,905,68,2026-02-19,571.1
1811,906,26,2026-03-26,1546.75
1812,906,57,2026-05-04,1546.74
1813,907,8,2026-03-24,1230.76
1814,907,42,2026-03-14,1230.75
1815,908,16,2026-03-26,1274.09
1816,908,46,2026-06-05,1274.09
1817,909,35,2026-03-09,1023.62
1818,909,5,2026-01-09,1023.62
1819,910,60,2026-01-01,1418.5
1820,910,46,2026-05-28,1418.5
1821,911,55,2026-07-25,1981.78
1822,911,64,2026-05-06,1981.79
1823,912,52,2026-02-02,846.1
1824,912,68,2026-04-22,846.09
1825,913,5,2026-01-04,1210.31
1826,913,6,2026-02-28,1210.31
1827,914,37,2026-02-23,1326.69
1828,914,54,2026-01-19,1326.7
1829,915,33,2026-01-27,549.84
1830,915,69,2026-03-07,549.84
1831,916,11,2026-01-11,689.58
1832,916,58,2026-06-28,689.58
1833,917,46,2026-06-25,523.19
1834,917,30,2026-05-16,523.2
1835,918,40,2026-01-02,704.43
1836,918,16,2026-05-17,704.44
1837,919,7,2026-06-23,1881.48
1838,919,13,2026-02-12,1881.48
1839,920,31,2026-05-02,954.05
1840,920,48,2026-06-22,954.05
1841,921,22,2026-03-11,1671.54
1842,921,66,2026-05-13,1671.54
1843,922,25,2026-05-12,1338.73
1844,922,55,2026-02-24,1338.73
1845,923,22,2026-05-23,757.99
1846,923,38,2026-01-25,757.99
1847,924,12,2026-07-21,1133.77
1848,924,60,2026-03-05,1133.77
1849,925,67,2026-06-04,677.32
1850,925,54,2026-06-04,677.32
1851,926,1,2026-02-03,1686.93
1852,926,24,2026-06-16,1686.92
1853,927,56,2026-07-09,616.36
1854,927,63,2026-02-05,616.36
1855,928,3,2026-04-15,897.71
1856,928,15,2026-05-16,897.71
1857,929,54,2026-06-22,1568.23
1858,929,30,2026-07-18,1568.23
1859,930,54,2026-02-11,642.07
1860,930,38,2026-01-04,642.07
1861,931,8,2026-07-04,1445.87
1862,931,21,2026-02-13,1445.86
1863,932,15,2026-07-12,654.8
1864,932,3,2026-06-20,654.79
1865,933,13,2026-01-13,949.15
1866,933,14,2026-02-15,949.14
1867,934,10,2026-05-28,1006.38
1868,934,33,2026-05-13,1006.38
1869,935,4,2026-03-03,1712.74
1870,935,17,2026-04-08,1712.75
1871,936,9,2026-01-05,1740.74
1872,936,49,2026-01-09,1740.75
1873,937,34,2026-03-01,1753.51
1874,937,4,2026-03-13,1753.51
1875,938,20,2026-06-22,1542.34
1876,938,64,2026-01-23,1542.34
1877,939,5,2026-07-15,1195.07
1878,939,21,2026-02-26,1195.08
1879,940,17,2026-02-12,573.73
1880,940,21,2026-03-03,573.72
1881,941,8,2026-03-15,967.23
1882,941,59,2026-04-09,967.23
1883,942,47,2026-01-21,1988.12
1884,942,52,2026-07-05,1988.12
1885,943,20,2026-06-26,1073.78
1886,943,18,2026-07-05,1073.79
1887,944,67,2026-04-16,1311.29
1888,944,18,2026-03-24,1311.29
1889,945,28,2026-06-18,1964.08
1890,945,53,2026-05-04,1964.08
1891,946,55,2026-07-11,1138.8
1892,946,63,2026-05-22,1138.8
1893,947,6,2026-06-23,957.31
1894,947,5,2026-06-22,957.31
1895,948,17,2026-06-20,752.22
1896,948,5,2026-07-02,752.21
1897,949,47,2026-05-21,1706.25
1898,949,35,2026-05-13,1706.26
1899,950,35,2026-03-12,1104.01
1900,950,21,2026-02-20,1104
1901,951,36,2026-04-20,506.39
1902,951,33,2026-04-15,506.39
1903,952,51,2026-01-08,1147.87
1904,952,4,2026-02-24,1147.87
1905,953,23,2026-02-07,1626.5
1906,953,43,2026-06-14,1626.5
1907,954,51,2026-05-10,936.67
1908,954,62,2026-04-01,936.66
1909,955,66,2026-03-03,1796.59
1910,955,29,2026-07-15,1796.59
1911,956,54,2026-01-15,1863.09
1912,956,27,2026-04-23,1863.08
1913,957,25,2026-03-06,1169.13
1914,957,69,2026-07-12,1169.13
1915,958,4,2026-06-22,1432.66
1916,958,5,2026-05-06,1432.66
1917,959,42,2026-01-22,1253.35
1918,959,47,2026-01-19,1253.35
1919,960,42,2026-02-26,1136.27
1920,960,17,2026-06-14,1136.27
1921,961,50,2026-05-19,1359.08
1922,961,27,2026-05-27,1359.08
1923,962,55,2026-07-06,691.71
1924,962,21,2026-06-25,691.71
1925,963,59,2026-05-06,910.25
1926,963,45,2026-05-18,910.25
1927,964,42,2026-07-04,1068.8
1928,964,58,2026-01-19,1068.8
1929,965,17,2026-06-27,1316.13
1930,965,68,2026-01-12,1316.14
1931,966,17,2026-05-11,467.4
1932,966,65,2026-03-17,467.41
1933,967,58,2026-06-15,772.98
1934,967,58,2026-04-05,772.99
1935,968,35,2026-02-22,1392.19
1936,968,1,2026-07-28,1392.18
1937,969,42,2026-03-15,1049.78
1938,969,5,2026-06-11,1049.78
1939,970,30,2026-02-13,594.32
1940,970,58,2026-02-10,594.31
1941,971,65,2026-05-20,1825.22
1942,971,54,2026-01-15,1825.22
1943,972,49,2026-07-25,1119.77
1944,972,41,2026-05-21,1119.78
1945,973,60,2026-07-07,1732.12
1946,973,42,2026-02-09,1732.12
1947,974,25,2026-05-07,1480.84
1948,974,65,2026-02-15,1480.84
1949,975,21,2026-03-21,427.36
1950,975,39,2026-01-18,427.35
1951,976,5,2026-06-02,967.82
1952,976,68,2026-03-18,967.81
1953,977,35,2026-03-28,1357.88
1954,977,48,2026-05-11,1357.89
1955,978,42,2026-06-04,1105.08
1956,978,64,2026-04-20,1105.08
1957,979,37,2026-07-03,1235.25
1958,979,37,2026-02-22,1235.25
1959,980,3,2026-03-06,1332.45
1960,980,15,2026-04-27,1332.44
1961,981,45,2026-07-13,1217.18
1962,981,59,2026-01-01,1217.19
1963,982,41,2026-06-15,1505.03
1964,982,35,2026-02-26,1505.04
1965,983,46,2026-04-16,1261.57
1966,983,68,2026-05-01,1261.57
1967,984,35,2026-04-27,593.92
1968,984,54,2026-02-19,593.93
1969,985,50,2026-01-09,830.77
1970,985,31,2026-01-15,830.78
1971,986,32,2026-05-27,887.98
1972,986,32,2026-03-28,887.98
1973,987,2,2026-06-03,759.66
1974,987,7,2026-05-23,759.65
1975,988,55,2026-03-05,1099.4
1976,988,2,2026-01-03,1099.39
1977,989,12,2026-01-01,418.66
1978,989,59,2026-02-12,418.65
1979,990,65,2026-02-10,448.37
1980,990,22,2026-01-28,448.37
1981,991,15,2026-02-12,806.52
1982,991,14,2026-05-10,806.52
1983,992,27,2026-07-14,1831.2
1984,992,46,2026-01-07,1831.21
1985,993,60,2026-04-20,1953.72
1986,993,28,2026-02-09,1953.71
1987,994,47,2026-05-06,1205.92
1988,994,3,2026-06-14,1205.91
1989,995,42,2026-07-05,1632.85
1990,995,15,2026-05-17,1632.85
1991,996,41,2026-02-15,788.16
1992,996,67,2026-02-09,788.16
1993,997,67,2026-06-02,403.62
1994,997,52,2026-02-23,403.62
1995,998,19,2026-01-20,912.68
1996,998,64,2026-04-27,912.67
1997,999,47,2026-03-24,1062.71
1998,999,1,2026-07-03,1062.72
1999,1000,10,2026-04-02,574.54
2000,1000,2,2026-06-25,574.53
2001,1001,40,2026-02-25,1108.93
2002,1001,30,2026-05-07,1108.93
2003,1002,65,2026-03-22,953.58
2004,1002,44,2026-07-07,953.58
2005,1003,21,2026-02-07,872.99
2006,1003,40,2026-01-02,873
2007,1004,63,2026-02-11,1815.32
2008,1004,49,2026-05-03,1815.32
2009,1005,68,2026-06-15,1643.51
2010,1005,30,2026-06-10,1643.51
2011,1006,7,2026-05-15,1750.79
2012,1006,58,2026-06-17,1750.78
2013,1007,38,2026-04-23,1600.05
2014,1007,47,2026-03-11,1600.05
2015,1008,54,2026-06-12,1718.76
2016,1008,56,2026-01-28,1718.76
2017,1009,53,2026-02-17,934.44
2018,1009,62,2026-06-27,934.43
2019,1010,58,2026-07-04,860.84
2020,1010,39,2026-03-27,860.85
2021,1011,22,2026-07-11,1178.96
2022,1011,38,2026-02-10,1178.96
2023,1012,63,2026-05-14,1779.19
2024,1012,35,2026-02-11,1779.19
2025,1013,45,2026-07-27,1218.41
2026,1013,60,2026-01-09,1218.42
2027,1014,34,2026-05-19,1910.73
2028,1014,30,2026-04-28,1910.74
2029,1015,29,2026-05-02,802.18
2030,1015,64,2026-03-08,802.17
2031,1016,69,2026-04-28,1346.48
2032,1016,18,2026-04-26,1346.48
2033,1017,55,2026-03-01,1399.61
2034,1017,1,2026-04-05,1399.61
2035,1018,21,2026-02-21,1407.86
2036,1018,41,2026-01-08,1407.85
2037,1019,10,2026-02-27,1776.86
2038,1019,5,2026-04-02,1776.87
2039,1020,32,2026-07-17,694.3
2040,1020,33,2026-04-24,694.31
2041,1021,29,2026-06-28,1221.72
2042,1021,24,2026-03-28,1221.72
2043,1022,46,2026-04-23,1771.78
2044,1022,39,2026-04-08,1771.77
2045,1023,8,2026-05-22,1549.31
2046,1023,45,2026-01-28,1549.31
2047,1024,43,2026-05-25,1431.33
2048,1024,48,2026-07-19,1431.32
2049,1025,34,2026-02-16,1237.64
2050,1025,36,2026-01-09,1237.65
2051,1026,8,2026-05-27,1918.93
2052,1026,58,2026-06-19,1918.94
2053,1027,12,2026-01-22,832.28
2054,1027,41,2026-04-09,832.28
2055,1028,20,2026-07-26,1854.26
2056,1028,50,2026-06-08,1854.25
2057,1029,30,2026-05-24,543.44
2058,1029,10,2026-06-08,543.45
2059,1030,36,2026-06-07,1478.02
2060,1030,21,2026-06-12,1478.02
2061,1031,8,2026-02-27,1985.18
2062,1031,18,2026-03-25,1985.17
2063,1032,41,2026-02-01,1156.88
2064,1032,40,2026-02-05,1156.89
2065,1033,42,2026-05-24,1924.32
2066,1033,44,2026-04-24,1924.32
2067,1034,24,2026-06-20,1723.94
2068,1034,35,2026-07-22,1723.94
2069,1035,34,2026-04-15,944.28
2070,1035,14,2026-03-01,944.29
2071,1036,53,2026-05-10,641.07
2072,1036,56,2026-03-23,641.07
2073,1037,61,2026-04-19,1694.71
2074,1037,23,2026-06-28,1694.7
2075,1038,39,2026-07-25,1933.98
2076,1038,28,2026-04-05,1933.98
2077,1039,3,2026-06-20,697.84
2078,1039,66,2026-06-14,697.84
2079,1040,5,2026-03-10,1791.12
2080,1040,8,2026-07-10,1791.12
2081,1041,25,2026-07-15,524.36
2082,1041,6,2026-06-17,524.35
2083,1042,65,2026-03-13,1676.23
2084,1042,45,2026-01-22,1676.23
2085,1043,68,2026-03-13,1096.45
2086,1043,44,2026-05-12,1096.44
2087,1044,61,2026-05-03,752.64
2088,1044,42,2026-05-11,752.65
2089,1045,5,2026-03-28,910.51
2090,1045,45,2026-05-22,910.5
2091,1046,44,2026-05-09,1429.89
2092,1046,36,2026-04-02,1429.9
2093,1047,60,2026-06-11,1376.4
2094,1047,28,2026-06-01,1376.4
2095,1048,48,2026-06-14,1996.04
2096,1048,17,2026-04-08,1996.05
2097,1049,51,2026-02-07,490.8
2098,1049,60,2026-05-23,490.79
2099,1050,44,2026-03-13,909.67
2100,1050,32,2026-01-07,909.67
2101,1051,50,2026-07-28,746.51
2102,1051,7,2026-05-18,746.52
2103,1052,28,2026-03-15,838.93
2104,1052,57,2026-05-15,838.92
2105,1053,44,2026-01-12,1350.33
2106,1053,36,2026-07-21,1350.33
2107,1054,9,2026-07-26,1310.5
2108,1054,54,2026-04-08,1310.5
2109,1055,10,2026-01-21,1357.94
2110,1055,46,2026-07-10,1357.94
2111,1056,49,2026-02-19,523.69
2112,1056,29,2026-05-03,523.69
2113,1057,62,2026-04-08,1728.29
2114,1057,43,2026-01-10,1728.29
2115,1058,50,2026-03-05,1348.92
2116,1058,39,2026-01-22,1348.92
2117,1059,32,2026-02-19,1897.28
2118,1059,44,2026-07-25,1897.28
2119,1060,11,2026-06-11,1202.22
2120,1060,36,2026-06-07,1202.22
2121,1061,21,2026-05-22,664.25
2122,1061,28,2026-03-13,664.24
2123,1062,41,2026-03-11,594.24
2124,1062,68,2026-06-15,594.25
2125,1063,17,2026-06-15,1520.53
2126,1063,23,2026-05-20,1520.53
2127,1064,13,2026-04-20,1143.96
2128,1064,22,2026-03-01,1143.95
2129,1065,62,2026-06-16,1794.9
2130,1065,17,2026-05-10,1794.9
2131,1066,1,2026-04-19,560.44
2132,1066,61,2026-07-15,560.44
2133,1067,57,2026-02-19,1608.39
2134,1067,11,2026-07-07,1608.4
2135,1068,13,2026-07-28,1845.83
2136,1068,55,2026-06-17,1845.83
2137,1069,13,2026-07-12,1201.96
2138,1069,41,2026-03-01,1201.95
2139,1070,22,2026-06-22,678.97
2140,1070,23,2026-03-15,678.96
2141,1071,46,2026-03-27,1212.43
2142,1071,3,2026-06-14,1212.43
2143,1072,53,2026-03-07,1375.6
2144,1072,31,2026-03-16,1375.6
2145,1073,40,2026-06-24,807.73
2146,1073,43,2026-06-26,807.73
2147,1074,56,2026-04-21,1110.96
2148,1074,7,2026-01-15,1110.97
2149,1075,59,2026-04-10,793.33
2150,1075,54,2026-03-09,793.33
2151,1076,65,2026-07-14,1688.19
2152,1076,52,2026-04-04,1688.19
2153,1077,41,2026-07-18,1097.89
2154,1077,53,2026-01-14,1097.89
2155,1078,11,2026-05-13,1591.75
2156,1078,7,2026-06-28,1591.76
2157,1079,41,2026-01-26,1576.63
2158,1079,42,2026-04-17,1576.64
2159,1080,1,2026-05-10,1500.66
2160,1080,43,2026-03-20,1500.66
2161,1081,39,2026-06-27,1021.71
2162,1081,34,2026-02-13,1021.7
2163,1082,64,2026-02-13,1570.12
2164,1082,37,2026-01-08,1570.11
2165,1083,58,2026-06-06,1336.18
2166,1083,34,2026-04-12,1336.17
2167,1084,9,2026-04-22,1616
2168,1084,11,2026-05-09,1616.01
2169,1085,18,2026-03-06,771.03
2170,1085,65,2026-02-14,771.04
2171,1086,7,2026-02-22,1449.56
2172,1086,44,2026-03-18,1449.56
2173,1087,33,2026-04-18,950.65
2174,1087,60,2026-01-27,950.66
2175,1088,66,2026-02-10,817.86
2176,1088,52,2026-02-02,817.85
2177,1089,36,2026-04-19,1415.63
2178,1089,48,2026-07-09,1415.63
2179,1090,49,2026-07-18,1741.78
2180,1090,54,2026-05-24,1741.78
2181,1091,49,2026-03-28,1461.04
2182,1091,2,2026-06-23,1461.05
2183,1092,21,2026-02-15,907.71
2184,1092,25,2026-02-11,907.71
2185,1093,35,2026-07-05,1851.18
2186,1093,66,2026-07-09,1851.18
2187,1094,12,2026-04-09,891.5
2188,1094,36,2026-06-01,891.51
2189,1095,57,2026-01-18,1835.42
2190,1095,13,2026-02-25,1835.42
2191,1096,21,2026-03-03,1814.96
2192,1096,44,2026-06-03,1814.97
2193,1097,13,2026-01-12,1721.32
2194,1097,34,2026-03-12,1721.32
2195,1098,66,2026-05-24,1322.23
2196,1098,39,2026-06-06,1322.23
2197,1099,33,2026-01-02,641.58
2198,1099,55,2026-03-24,641.58
2199,1100,11,2026-05-27,1575.98
2200,1100,39,2026-03-25,1575.98
2201,1101,8,2026-02-18,1103.84
2202,1101,14,2026-06-03,1103.84
2203,1102,29,2026-02-04,1350.52
2204,1102,23,2026-03-03,1350.53
2205,1103,21,2026-01-09,513.72
2206,1103,69,2026-02-18,513.73
2207,1104,11,2026-02-01,1636.74
2208,1104,3,2026-02-28,1636.75
2209,1105,62,2026-06-16,435.39
2210,1105,33,2026-05-01,435.39
2211,1106,39,2026-01-27,1302
2212,1106,4,2026-07-17,1301.99
2213,1107,38,2026-03-25,1388.01
2214,1107,49,2026-04-19,1388.01
2215,1108,4,2026-02-11,1314.25
2216,1108,33,2026-01-03,1314.25
2217,1109,57,2026-04-06,1073.33
2218,1109,37,2026-01-24,1073.34
2219,1110,7,2026-07-11,1313.54
2220,1110,68,2026-02-01,1313.55
2221,1111,53,2026-07-20,1771.63
2222,1111,13,2026-04-04,1771.62
2223,1112,66,2026-05-10,614.72
2224,1112,60,2026-03-27,614.71
2225,1113,54,2026-05-22,1598.28
2226,1113,45,2026-05-27,1598.28
2227,1114,59,2026-05-07,1256.79
2228,1114,18,2026-02-03,1256.8
2229,1115,64,2026-02-25,758.99
2230,1115,38,2026-02-24,758.98
2231,1116,68,2026-04-27,436.66
2232,1116,55,2026-07-15,436.65
2233,1117,32,2026-06-14,1554.52
2234,1117,6,2026-01-20,1554.52
2235,1118,3,2026-01-10,443.54
2236,1118,11,2026-07-24,443.53
2237,1119,35,2026-03-20,998.58
2238,1119,20,2026-05-20,998.57
2239,1120,40,2026-05-16,1285.54
2240,1120,35,2026-03-13,1285.54
2241,1121,19,2026-04-08,721.56
2242,1121,62,2026-04-10,721.57
2243,1122,6,2026-06-05,1785.45
2244,1122,42,2026-06-05,1785.44
2245,1123,9,2026-03-19,674.48
2246,1123,42,2026-04-12,674.48
2247,1124,29,2026-02-13,1082.26
2248,1124,59,2026-06-24,1082.25
2249,1125,56,2026-01-05,1625.83
2250,1125,33,2026-05-04,1625.83
2251,1126,40,2026-02-12,421.16
2252,1126,57,2026-02-08,421.16
2253,1127,7,2026-04-15,1698.97
2254,1127,62,2026-03-25,1698.97
2255,1128,35,2026-01-17,1707.18
2256,1128,63,2026-01-25,1707.18
2257,1129,10,2026-03-13,1929.56
2258,1129,7,2026-03-06,1929.55
2259,1130,2,2026-02-11,1208.13
2260,1130,35,2026-06-27,1208.14
2261,1131,1,2026-03-06,1843.05
2262,1131,56,2026-03-08,1843.04
2263,1132,29,2026-05-16,679.03
2264,1132,13,2026-01-15,679.02
2265,1133,2,2026-04-16,715.08
2266,1133,61,2026-03-03,715.09
2267,1134,52,2026-04-18,773.08
2268,1134,57,2026-04-05,773.07
2269,1135,38,2026-04-27,1105.55
2270,1135,49,2026-02-03,1105.54
2271,1136,33,2026-03-25,807.75
2272,1136,57,2026-01-02,807.76
2273,1137,66,2026-02-01,670.87
2274,1137,47,2026-01-06,670.87
2275,1138,42,2026-06-23,769.78
2276,1138,49,2026-03-12,769.77
2277,1139,46,2026-02-22,1828.49
2278,1139,49,2026-05-17,1828.5
2279,1140,53,2026-06-13,1258.36
2280,1140,13,2026-05-04,1258.35
2281,1141,45,2026-03-16,1766.03
2282,1141,28,2026-07-08,1766.03
2283,1142,2,2026-03-20,635.93
2284,1142,26,2026-06-26,635.92
2285,1143,69,2026-04-02,761.57
2286,1143,31,2026-03-19,761.57
2287,1144,19,2026-07-16,1112.48
2288,1144,60,2026-01-16,1112.48
2289,1145,46,2026-03-19,701.94
2290,1145,40,2026-06-04,701.93
2291,1146,29,2026-02-27,1713.05
2292,1146,52,2026-01-28,1713.05
2293,1147,59,2026-05-10,1963.31
2294,1147,63,2026-07-04,1963.32
2295,1148,60,2026-02-21,587.1
2296,1148,29,2026-01-10,587.11
2297,1149,38,2026-06-10,1658.94
2298,1149,53,2026-07-07,1658.95
2299,1150,41,2026-03-06,1878.31
2300,1150,59,2026-05-20,1878.3
2301,1151,31,2026-07-04,1825.42
2302,1151,27,2026-01-06,1825.42
2303,1152,65,2026-03-15,1360.88
2304,1152,33,2026-01-01,1360.88
2305,1153,18,2026-05-07,1275.8
2306,1153,8,2026-02-22,1275.8
2307,1154,47,2026-07-13,871.88
2308,1154,6,2026-01-12,871.88
2309,1155,38,2026-05-07,663.86
2310,1155,64,2026-04-21,663.85
2311,1156,6,2026-07-24,595.12
2312,1156,13,2026-06-16,595.12
2313,1157,2,2026-04-12,1778.42
2314,1157,25,2026-01-08,1778.41
2315,1158,34,2026-01-07,1624.39
2316,1158,34,2026-06-05,1624.38
2317,1159,61,2026-06-21,596.16
2318,1159,22,2026-01-18,596.16
2319,1160,42,2026-03-20,702.93
2320,1160,63,2026-05-09,702.92
2321,1161,22,2026-04-23,1926.33
2322,1161,6,2026-01-03,1926.34
2323,1162,37,2026-04-24,1020.69
2324,1162,67,2026-05-10,1020.69
2325,1163,40,2026-02-25,502.34
2326,1163,17,2026-06-24,502.34
2327,1164,51,2026-03-25,815.8
2328,1164,68,2026-06-07,815.79
2329,1165,6,2026-02-15,1530.86
2330,1165,16,2026-02-03,1530.87
2331,1166,47,2026-06-16,1068.97
2332,1166,48,2026-02-17,1068.97
2333,1167,68,2026-03-25,864.64
2334,1167,29,2026-03-23,864.64
2335,1168,26,2026-05-28,706.94
2336,1168,13,2026-06-13,706.94
2337,1169,13,2026-06-26,1942.24
2338,1169,17,2026-07-26,1942.24
2339,1170,6,2026-02-08,1711.44
2340,1170,3,2026-02-04,1711.44
2341,1171,60,2026-02-06,1997.12
2342,1171,62,2026-01-12,1997.12
2343,1172,67,2026-01-28,1118.77
2344,1172,31,2026-02-09,1118.78
2345,1173,8,2026-05-11,1442.86
2346,1173,50,2026-05-19,1442.85
2347,1174,14,2026-02-07,968.79
2348,1174,64,2026-02-27,968.79
2349,1175,32,2026-05-24,1185.1
2350,1175,30,2026-04-14,1185.09
2351,1176,51,2026-02-09,1923.5
2352,1176,30,2026-02-19,1923.5
2353,1177,60,2026-07-28,1670.82
2354,1177,47,2026-01-28,1670.83
2355,1178,30,2026-07-06,983.11
2356,1178,48,2026-01-04,983.11
2357,1179,34,2026-07-03,821.64
2358,1179,52,2026-06-11,821.63
2359,1180,31,2026-05-08,1151.97
2360,1180,63,2026-03-16,1151.96
2361,1181,61,2026-06-16,1563.15
2362,1181,53,2026-05-28,1563.16
2363,1182,57,2026-06-25,1474.86
2364,1182,52,2026-05-20,1474.86
2365,1183,11,2026-01-23,1613.02
2366,1183,21,2026-01-21,1613.03
2367,1184,69,2026-03-25,1597.82
2368,1184,8,2026-04-17,1597.82
2369,1185,57,2026-02-27,925.98
2370,1185,54,2026-01-14,925.98
2371,1186,7,2026-01-24,407.67
2372,1186,39,2026-03-18,407.67
2373,1187,64,2026-04-21,1896.35
2374,1187,16,2026-06-09,1896.36
2375,1188,28,2026-06-08,422.79
2376,1188,36,2026-07-23,422.79
2377,1189,13,2026-06-21,1944.61
2378,1189,62,2026-07-24,1944.6
2379,1190,17,2026-07-10,819.5
2380,1190,36,2026-03-26,819.51
2381,1191,4,2026-06-26,1852.6
2382,1191,65,2026-01-17,1852.59
2383,1192,26,2026-03-07,1731.66
2384,1192,42,2026-04-12,1731.66
2385,1193,34,2026-03-20,718.42
2386,1193,38,2026-01-10,718.42
2387,1194,33,2026-03-10,1683.48
2388,1194,29,2026-05-14,1683.48
2389,1195,47,2026-07-09,1472.8
2390,1195,52,2026-07-15,1472.8
2391,1196,32,2026-05-02,736.6
2392,1196,50,2026-01-20,736.59
2393,1197,29,2026-05-02,1656.58
2394,1197,32,2026-01-28,1656.59
2395,1198,28,2026-07-06,1646.61
2396,1198,4,2026-07-02,1646.62
2397,1199,22,2026-05-17,557.64
2398,1199,46,2026-02-27,557.64
2399,1200,13,2026-04-07,756.8
2400,1200,13,2026-03-19,756.79
2401,1201,1,2026-02-21,1961.2
2402,1201,53,2026-05-03,1961.2
2403,1202,20,2026-01-08,1041.82
2404,1202,15,2026-02-19,1041.82
2405,1203,56,2026-06-23,1180.16
2406,1203,40,2026-05-04,1180.15
2407,1204,36,2026-07-04,1229.87
2408,1204,26,2026-03-26,1229.88
2409,1205,61,2026-02-07,1563.94
2410,1205,39,2026-04-12,1563.93
2411,1206,57,2026-04-03,1627.8
2412,1206,50,2026-03-26,1627.8
2413,1207,66,2026-07-02,529.48
2414,1207,7,2026-07-06,529.47
2415,1208,33,2026-07-10,1332.28
2416,1208,29,2026-04-05,1332.27
2417,1209,25,2026-06-12,591.95
2418,1209,56,2026-05-03,591.95
2419,1210,21,2026-06-15,848.65
2420,1210,21,2026-05-10,848.66
2421,1211,52,2026-03-13,1559.99
2422,1211,49,2026-07-21,1559.98
2423,1212,58,2026-02-06,633.17
2424,1212,66,2026-04-03,633.16
2425,1213,6,2026-01-15,1201.27
2426,1213,36,2026-07-17,1201.27
2427,1214,34,2026-03-22,933.6
2428,1214,24,2026-01-26,933.6
2429,1215,59,2026-03-14,1311.3
2430,1215,65,2026-02-01,1311.29
2431,1216,5,2026-03-11,437.84
2432,1216,31,2026-07-12,437.84
2433,1217,56,2026-07-17,723.92
2434,1217,3,2026-06-08,723.93
2435,1218,2,2026-02-19,798.49
2436,1218,46,2026-02-17,798.5
2437,1219,59,2026-05-21,983.19
2438,1219,52,2026-06-26,983.19
2439,1220,9,2026-03-10,1274.4
2440,1220,29,2026-07-06,1274.4
2441,1221,4,2026-03-20,741.09
2442,1221,22,2026-06-17,741.09
2443,1222,69,2026-06-14,1385.96
2444,1222,51,2026-01-06,1385.95
2445,1223,22,2026-02-06,1555.95
2446,1223,12,2026-06-28,1555.95
2447,1224,20,2026-06-12,943.74
2448,1224,68,2026-06-13,943.74
2449,1225,4,2026-01-07,927.94
2450,1225,60,2026-06-19,927.95
2451,1226,40,2026-04-19,813.3
2452,1226,11,2026-04-26,813.3
2453,1227,36,2026-03-19,1750.73
2454,1227,38,2026-04-21,1750.72
2455,1228,33,2026-02-09,600.34
2456,1228,11,2026-01-17,600.33
2457,1229,6,2026-02-20,1682.48
2458,1229,62,2026-03-28,1682.48
2459,1230,30,2026-07-22,1823.23
2460,1230,69,2026-07-13,1823.22
2461,1231,17,2026-05-12,946.46
2462,1231,11,2026-03-15,946.46
2463,1232,67,2026-05-17,998.87
2464,1232,30,2026-02-28,998.88
2465,1233,23,2026-07-28,1119.53
2466,1233,27,2026-06-26,1119.53
2467,1234,11,2026-05-24,897.43
2468,1234,44,2026-07-19,897.43
2469,1235,30,2026-06-07,957.37
2470,1235,42,2026-07-06,957.37
2471,1236,15,2026-04-17,715.83
2472,1236,45,2026-06-12,715.83
2473,1237,6,2026-01-01,1536.14
2474,1237,66,2026-07-21,1536.14
2475,1238,6,2026-03-22,1751
2476,1238,21,2026-01-08,1751
2477,1239,25,2026-05-14,795.83
2478,1239,65,2026-07-14,795.83
2479,1240,64,2026-01-12,739.32
2480,1240,44,2026-01-19,739.32
2481,1241,9,2026-04-10,609.82
2482,1241,28,2026-01-16,609.81
2483,1242,36,2026-01-15,951.64
2484,1242,32,2026-02-24,951.64
2485,1243,66,2026-01-06,1285.26
2486,1243,51,2026-05-06,1285.25
2487,1244,16,2026-03-08,909.52
2488,1244,62,2026-05-08,909.51
2489,1245,51,2026-02-27,829.92
2490,1245,67,2026-04-24,829.92
2491,1246,66,2026-03-01,1438.92
2492,1246,29,2026-06-15,1438.91
2493,1247,49,2026-06-16,1121.32
2494,1247,68,2026-04-03,1121.33
2495,1248,7,2026-04-11,960.12
2496,1248,37,2026-06-12,960.11
2497,1249,41,2026-06-05,1707.2
2498,1249,49,2026-07-07,1707.19
2499,1250,45,2026-06-18,680.46
2500,1250,53,2026-05-03,680.46
2501,1251,44,2026-04-28,1090.86
2502,1251,24,2026-02-21,1090.87
2503,1252,29,2026-02-13,919.31
2504,1252,47,2026-06-16,919.31
2505,1253,25,2026-03-14,779.89
2506,1253,18,2026-01-16,779.89
2507,1254,2,2026-02-02,1123.61
2508,1254,6,2026-02-19,1123.61
2509,1255,62,2026-01-09,1370.37
2510,1255,28,2026-05-19,1370.38
2511,1256,18,2026-04-22,1671.39
2512,1256,49,2026-05-20,1671.4
2513,1257,69,2026-04-22,1945.74
2514,1257,21,2026-07-19,1945.75
2515,1258,13,2026-07-08,1750.34
2516,1258,28,2026-04-03,1750.35
2517,1259,39,2026-05-26,706.02
2518,1259,65,2026-03-03,706.01
2519,1260,34,2026-01-05,520.12
2520,1260,46,2026-04-05,520.13
2521,1261,57,2026-03-17,879.84
2522,1261,13,2026-01-10,879.85
2523,1262,47,2026-03-07,1087.6
2524,1262,6,2026-01-23,1087.59
2525,1263,24,2026-02-20,1077.3
2526,1263,45,2026-04-27,1077.31
2527,1264,20,2026-02-06,470.19
2528,1264,10,2026-06-12,470.2
2529,1265,8,2026-02-01,1604.23
2530,1265,7,2026-04-08,1604.23
2531,1266,47,2026-01-10,963.27
2532,1266,44,2026-05-14,963.28
2533,1267,24,2026-03-24,487.52
2534,1267,69,2026-06-27,487.52
2535,1268,32,2026-01-28,1455.49
2536,1268,49,2026-01-09,1455.48
2537,1269,67,2026-06-08,1503.66
2538,1269,42,2026-01-04,1503.65
2539,1270,5,2026-07-27,787.75
2540,1270,64,2026-06-22,787.75
2541,1271,23,2026-03-17,460.45
2542,1271,50,2026-05-01,460.46
2543,1272,19,2026-03-08,758.08
2544,1272,3,2026-05-17,758.09
2545,1273,13,2026-06-12,578.92
2546,1273,53,2026-03-27,578.91
2547,1274,44,2026-04-03,690.46
2548,1274,15,2026-05-26,690.46
2549,1275,7,2026-07-01,1436.3
2550,1275,9,2026-01-14,1436.3
2551,1276,60,2026-07-05,1892.48
2552,1276,4,2026-05-05,1892.48
2553,1277,61,2026-01-25,1483.28
2554,1277,16,2026-06-05,1483.28
2555,1278,60,2026-02-03,1373.8
2556,1278,56,2026-04-03,1373.8
2557,1279,12,2026-06-18,844.45
2558,1279,21,2026-05-02,844.46
2559,1280,49,2026-04-22,966.3
2560,1280,16,2026-04-16,966.31
2561,1281,10,2026-01-12,1631.03
2562,1281,32,2026-06-08,1631.03
2563,1282,18,2026-04-10,1407.84
2564,1282,66,2026-02-09,1407.84
2565,1283,37,2026-02-09,1530.47
2566,1283,44,2026-06-17,1530.48
2567,1284,54,2026-07-26,1685.82
2568,1284,62,2026-01-08,1685.83
2569,1285,40,2026-07-23,1598.18
2570,1285,41,2026-05-26,1598.17
2571,1286,17,2026-04-28,1150.36
2572,1286,48,2026-06-08,1150.35
2573,1287,61,2026-05-26,1171.7
2574,1287,19,2026-04-27,1171.7
2575,1288,24,2026-05-13,1256.03
2576,1288,57,2026-01-16,1256.03
2577,1289,21,2026-06-17,556.51
2578,1289,15,2026-04-25,556.52
2579,1290,1,2026-02-16,1573.5
2580,1290,20,2026-07-14,1573.5
2581,1291,63,2026-05-04,453.36
2582,1291,64,2026-04-10,453.37
2583,1292,56,2026-02-24,1726.6
2584,1292,63,2026-02-06,1726.6
2585,1293,18,2026-03-28,1427.43
2586,1293,35,2026-02-01,1427.44
2587,1294,31,2026-03-08,1591.42
2588,1294,38,2026-04-06,1591.42
2589,1295,69,2026-04-05,835.83
2590,1295,37,2026-01-19,835.83
2591,1296,4,2026-03-06,1357.96
2592,1296,41,2026-07-04,1357.95
2593,1297,54,2026-06-16,1547.15
2594,1297,69,2026-03-02,1547.15
2595,1298,31,2026-05-24,572.52
2596,1298,38,2026-04-03,572.53
2597,1299,32,2026-03-14,1226.12
2598,1299,26,2026-04-17,1226.11
2599,1300,32,2026-02-12,504.21
2600,1300,19,2026-04-26,504.22
2601,1301,8,2026-03-21,952.04
2602,1301,6,2026-03-19,952.04
2603,1302,54,2026-06-11,1174.84
2604,1302,43,2026-04-23,1174.84
2605,1303,43,2026-04-06,867.16
2606,1303,41,2026-06-04,867.15
2607,1304,8,2026-06-13,1000.56
2608,1304,8,2026-06-22,1000.56
2609,1305,38,2026-03-07,1903.87
2610,1305,24,2026-04-19,1903.88
2611,1306,46,2026-06-25,1941.49
2612,1306,21,2026-01-25,1941.49
2613,1307,66,2026-02-09,1905.14
2614,1307,42,2026-06-22,1905.14
2615,1308,9,2026-06-08,1718.64
2616,1308,2,2026-04-11,1718.64
2617,1309,35,2026-02-15,1638.96
2618,1309,31,2026-03-09,1638.96
2619,1310,66,2026-02-23,1818.66
2620,1310,25,2026-05-07,1818.66
2621,1311,34,2026-02-28,1737.21
2622,1311,38,2026-07-19,1737.2
2623,1312,48,2026-01-22,630.97
2624,1312,10,2026-01-27,630.97
2625,1313,57,2026-04-26,1369.67
2626,1313,66,2026-01-04,1369.67
2627,1314,57,2026-03-26,534.42
2628,1314,29,2026-03-23,534.43
2629,1315,32,2026-05-09,418.85
2630,1315,29,2026-07-06,418.85
2631,1316,7,2026-03-25,941.64
2632,1316,37,2026-04-14,941.63
2633,1317,29,2026-03-16,629.75
2634,1317,49,2026-01-25,629.74
2635,1318,29,2026-02-27,1996.24
2636,1318,9,2026-02-02,1996.24
2637,1319,58,2026-07-08,641.84
2638,1319,67,2026-06-16,641.84
2639,1320,21,2026-04-25,1835.61
2640,1320,34,2026-03-02,1835.62
2641,1321,23,2026-01-09,854.4
2642,1321,11,2026-02-22,854.39
2643,1322,35,2026-06-20,1421.5
2644,1322,33,2026-07-25,1421.5
2645,1323,4,2026-07-20,1341.44
2646,1323,4,2026-01-25,1341.45
2647,1324,41,2026-06-06,1897.54
2648,1324,2,2026-07-04,1897.54
2649,1325,31,2026-07-08,406.51
2650,1325,10,2026-07-13,406.51
2651,1326,27,2026-06-19,856.11
2652,1326,25,2026-05-02,856.11
2653,1327,11,2026-04-22,1993.65
2654,1327,50,2026-02-16,1993.66
2655,1328,37,2026-02-03,1387.82
2656,1328,14,2026-05-07,1387.82
2657,1329,60,2026-05-24,1945.05
2658,1329,25,2026-07-21,1945.05
2659,1330,12,2026-05-04,1243.78
2660,1330,56,2026-02-25,1243.77
2661,1331,65,2026-01-27,1139.17
2662,1331,61,2026-06-10,1139.17
2663,1332,55,2026-04-01,1069.78
2664,1332,62,2026-01-16,1069.77
2665,1333,5,2026-05-07,887.86
2666,1333,60,2026-07-25,887.85
2667,1334,37,2026-04-21,1476.76
2668,1334,4,2026-06-14,1476.76
2669,1335,9,2026-03-08,1086.41
2670,1335,37,2026-06-05,1086.42
2671,1336,17,2026-03-17,1229.18
2672,1336,7,2026-02-05,1229.18
2673,1337,6,2026-05-18,524.16
2674,1337,34,2026-06-20,524.16
2675,1338,64,2026-05-02,1817.72
2676,1338,41,2026-02-13,1817.71
2677,1339,30,2026-02-11,1399.71
2678,1339,68,2026-02-05,1399.71
2679,1340,46,2026-06-19,1227.09
2680,1340,27,2026-06-06,1227.08
2681,1341,25,2026-03-11,1344.82
2682,1341,19,2026-02-25,1344.83
2683,1342,27,2026-02-01,1444.98
2684,1342,68,2026-03-20,1444.99
2685,1343,48,2026-05-15,675.46
2686,1343,21,2026-05-11,675.46
2687,1344,65,2026-03-03,1614.21
2688,1344,42,2026-04-16,1614.2
2689,1345,20,2026-05-14,864.67
2690,1345,61,2026-03-15,864.67
2691,1346,32,2026-06-12,1342.36
2692,1346,60,2026-03-11,1342.35
2693,1347,36,2026-01-21,1367.09
2694,1347,17,2026-04-07,1367.08
2695,1348,39,2026-03-17,1202.24
2696,1348,64,2026-04-17,1202.23
2697,1349,30,2026-01-19,1298.31
2698,1349,50,2026-03-03,1298.32
2699,1350,47,2026-03-24,1857.39
2700,1350,8,2026-07-14,1857.39
2701,1351,13,2026-06-26,1037.4
2702,1351,56,2026-03-17,1037.4
2703,1352,18,2026-03-06,1589.31
2704,1352,6,2026-07-20,1589.31
2705,1353,61,2026-05-13,668.49
2706,1353,15,2026-06-26,668.5
2707,1354,19,2026-01-26,1072.44
2708,1354,19,2026-03-24,1072.44
2709,1355,42,2026-04-13,1628.46
2710,1355,10,2026-04-01,1628.47
2711,1356,17,2026-05-24,967.48
2712,1356,65,2026-06-20,967.48
2713,1357,67,2026-04-27,1939.12
2714,1357,15,2026-02-27,1939.13
2715,1358,61,2026-05-22,767.18
2716,1358,46,2026-02-06,767.18
2717,1359,3,2026-03-05,1467.87
2718,1359,12,2026-06-25,1467.88
2719,1360,60,2026-03-05,1681.82
2720,1360,15,2026-03-27,1681.83
2721,1361,32,2026-02-27,847.28
2722,1361,10,2026-04-20,847.27
2723,1362,47,2026-02-28,1862.23
2724,1362,51,2026-01-09,1862.22
2725,1363,67,2026-05-01,1476.25
2726,1363,38,2026-03-11,1476.24
2727,1364,29,2026-02-02,979.94
2728,1364,60,2026-01-03,979.95
2729,1365,11,2026-04-26,1549.84
2730,1365,26,2026-04-20,1549.84
2731,1366,15,2026-07-23,1484.7
2732,1366,15,2026-05-16,1484.69
2733,1367,65,2026-07-23,879.3
2734,1367,41,2026-06-04,879.29
2735,1368,29,2026-02-25,1439.53
2736,1368,37,2026-05-09,1439.52
2737,1369,6,2026-03-02,657.23
2738,1369,45,2026-03-17,657.23
2739,1370,17,2026-01-09,970.95
2740,1370,61,2026-04-18,970.95
2741,1371,32,2026-04-08,658.23
2742,1371,50,2026-01-03,658.24
2743,1372,53,2026-03-13,524.23
2744,1372,64,2026-06-10,524.23
2745,1373,41,2026-03-26,641.83
2746,1373,16,2026-07-08,641.84
2747,1374,9,2026-07-04,656.14
2748,1374,68,2026-07-04,656.13
2749,1375,26,2026-06-24,1085.42
2750,1375,22,2026-04-09,1085.42
2751,1376,40,2026-07-08,1688.21
2752,1376,60,2026-02-13,1688.22
2753,1377,20,2026-04-22,1715.13
2754,1377,16,2026-03-23,1715.14
2755,1378,27,2026-03-19,501.36
2756,1378,40,2026-07-16,501.37
2757,1379,13,2026-01-14,834.85
2758,1379,21,2026-06-12,834.86
2759,1380,69,2026-05-05,1517.96
2760,1380,66,2026-06-20,1517.97
2761,1381,10,2026-02-18,1907.72
2762,1381,28,2026-07-01,1907.71
2763,1382,16,2026-01-07,501.85
2764,1382,53,2026-04-06,501.85
2765,1383,20,2026-01-24,1346.33
2766,1383,47,2026-07-04,1346.33
2767,1384,13,2026-02-16,1065.53
2768,1384,55,2026-01-13,1065.54
2769,1385,5,2026-06-19,1209.01
2770,1385,19,2026-06-04,1209.01
2771,1386,29,2026-03-23,667.18
2772,1386,7,2026-07-22,667.19
2773,1387,46,2026-07-12,479.74
2774,1387,54,2026-01-05,479.74
2775,1388,49,2026-04-10,623.46
2776,1388,18,2026-02-27,623.47
2777,1389,10,2026-05-18,1138.26
2778,1389,17,2026-07-10,1138.26
2779,1390,41,2026-05-11,751.48
2780,1390,32,2026-07-28,751.49
2781,1391,32,2026-01-04,1491.89
2782,1391,54,2026-06-12,1491.88
2783,1392,22,2026-07-03,1778.36
2784,1392,34,2026-07-02,1778.37
2785,1393,57,2026-04-26,600.08
2786,1393,55,2026-07-12,600.08
2787,1394,10,2026-05-22,1410.55
2788,1394,48,2026-07-21,1410.54
2789,1395,28,2026-05-06,1308.2
2790,1395,11,2026-07-28,1308.2
2791,1396,12,2026-02-04,1154.74
2792,1396,22,2026-04-21,1154.74
2793,1397,67,2026-07-28,789.6
2794,1397,26,2026-01-28,789.59
2795,1398,8,2026-06-08,1884
2796,1398,68,2026-07-23,1884
2797,1399,6,2026-05-22,1209.92
2798,1399,46,2026-03-06,1209.91
2799,1400,42,2026-01-20,732.31
2800,1400,55,2026-01-02,732.3
2801,1401,63,2026-06-08,601.5
2802,1401,63,2026-02-20,601.49
2803,1402,65,2026-07-24,1589.07
2804,1402,5,2026-05-01,1589.07
2805,1403,58,2026-07-01,992.95
2806,1403,35,2026-07-05,992.96
2807,1404,64,2026-05-01,961.44
2808,1404,39,2026-05-16,961.45
2809,1405,21,2026-03-14,1927.06
2810,1405,49,2026-01-03,1927.05
2811,1406,10,2026-05-06,555.19
2812,1406,43,2026-06-14,555.2
2813,1407,19,2026-07-20,1759.97
2814,1407,39,2026-01-09,1759.97
2815,1408,66,2026-03-16,1006.39
2816,1408,8,2026-07-04,1006.39
2817,1409,6,2026-04-10,1092.61
2818,1409,20,2026-03-14,1092.6
2819,1410,25,2026-05-26,736.29
2820,1410,54,2026-01-10,736.3
2821,1411,29,2026-05-19,1503.29
2822,1411,62,2026-03-05,1503.29
2823,1412,57,2026-01-04,1215.6
2824,1412,51,2026-05-01,1215.61
2825,1413,33,2026-02-04,1061.01
2826,1413,62,2026-02-09,1061.01
2827,1414,32,2026-01-09,794.65
2828,1414,68,2026-07-19,794.66
2829,1415,52,2026-02-03,1623.13
2830,1415,28,2026-03-03,1623.14
2831,1416,22,2026-04-08,1952.35
2832,1416,39,2026-01-15,1952.35
2833,1417,4,2026-03-13,1134.46
2834,1417,13,2026-02-05,1134.46
2835,1418,43,2026-03-20,518.33
2836,1418,25,2026-05-13,518.33
2837,1419,25,2026-03-12,1722.78
2838,1419,11,2026-04-05,1722.77
2839,1420,24,2026-05-28,996.62
2840,1420,21,2026-06-10,996.61
2841,1421,2,2026-03-09,572.93
2842,1421,24,2026-02-14,572.94
2843,1422,34,2026-05-15,814.49
2844,1422,45,2026-01-17,814.48
2845,1423,61,2026-05-14,1430.37
2846,1423,36,2026-05-06,1430.36
2847,1424,41,2026-05-04,1322.71
2848,1424,52,2026-03-17,1322.71
2849,1425,65,2026-03-15,601.51
2850,1425,63,2026-03-13,601.5
2851,1426,68,2026-03-02,1203.52
2852,1426,30,2026-04-23,1203.52
2853,1427,33,2026-06-16,1356.22
2854,1427,8,2026-02-23,1356.21
2855,1428,6,2026-07-17,1523.39
2856,1428,48,2026-04-23,1523.38
2857,1429,54,2026-06-09,1062.23
2858,1429,45,2026-04-27,1062.23
2859,1430,20,2026-03-15,1447.26
2860,1430,39,2026-06-26,1447.27
2861,1431,14,2026-07-03,1007.63
2862,1431,50,2026-04-20,1007.62
2863,1432,49,2026-05-26,1875.06
2864,1432,60,2026-06-28,1875.06
2865,1433,5,2026-07-26,1192.58
2866,1433,15,2026-05-04,1192.59
2867,1434,48,2026-07-19,907.12
2868,1434,3,2026-06-12,907.13
2869,1435,49,2026-04-19,1198.45
2870,1435,26,2026-05-23,1198.44
2871,1436,46,2026-07-28,1333.07
2872,1436,20,2026-02-24,1333.06
2873,1437,35,2026-04-05,1375.26
2874,1437,56,2026-04-24,1375.27
2875,1438,30,2026-04-06,770.7
2876,1438,61,2026-05-16,770.71
2877,1439,15,2026-04-11,876.08
2878,1439,3,2026-05-19,876.08
2879,1440,47,2026-04-11,1630.32
2880,1440,45,2026-02-06,1630.32
2881,1441,30,2026-01-23,1449.51
2882,1441,51,2026-05-26,1449.5
2883,1442,3,2026-07-22,1307.31
2884,1442,59,2026-06-27,1307.3
2885,1443,21,2026-03-11,796.78
2886,1443,59,2026-03-08,796.79
2887,1444,64,2026-07-11,1083.67
2888,1444,2,2026-01-21,1083.66
2889,1445,33,2026-03-09,1493.14
2890,1445,34,2026-05-01,1493.13
2891,1446,42,2026-04-24,1987.51
2892,1446,66,2026-01-10,1987.52
2893,1447,64,2026-02-25,1493.75
2894,1447,1,2026-04-18,1493.74
2895,1448,9,2026-06-09,486.19
2896,1448,46,2026-03-09,486.19
2897,1449,11,2026-04-26,870.19
2898,1449,28,2026-05-26,870.19
2899,1450,9,2026-01-18,889.28
2900,1450,46,2026-04-20,889.28
2901,1451,16,2026-05-04,1976.5
2902,1451,25,2026-06-15,1976.5
2903,1452,33,2026-05-24,441.99
2904,1452,6,2026-07-15,441.99
2905,1453,16,2026-07-02,1852.3
2906,1453,55,2026-06-08,1852.29
2907,1454,54,2026-03-13,575.55
2908,1454,66,2026-02-15,575.54
2909,1455,48,2026-01-26,1869.72
2910,1455,6,2026-07-07,1869.71
2911,1456,5,2026-07-21,769.43
2912,1456,45,2026-03-16,769.43
2913,1457,5,2026-03-16,720.86
2914,1457,64,2026-03-27,720.87
2915,1458,13,2026-03-25,974.1
2916,1458,54,2026-03-01,974.09
2917,1459,42,2026-06-05,444.04
2918,1459,18,2026-05-05,444.04
2919,1460,56,2026-01-18,841.85
2920,1460,61,2026-06-21,841.85
2921,1461,37,2026-05-07,915.91
2922,1461,8,2026-06-09,915.91
2923,1462,24,2026-05-05,1293.32
2924,1462,45,2026-03-03,1293.31
2925,1463,58,2026-07-21,809.49
2926,1463,16,2026-01-24,809.48
2927,1464,39,2026-03-17,1214.79
2928,1464,25,2026-05-10,1214.78
2929,1465,51,2026-01-08,1453.02
2930,1465,5,2026-02-05,1453.01
2931,1466,38,2026-07-02,1976.57
2932,1466,61,2026-05-02,1976.56
2933,1467,40,2026-03-16,503.13
2934,1467,24,2026-07-25,503.13
2935,1468,35,2026-06-26,1584.75
2936,1468,61,2026-02-08,1584.75
2937,1469,5,2026-02-05,1573.33
2938,1469,59,2026-04-08,1573.33
2939,1470,43,2026-05-08,1993.27
2940,1470,5,2026-04-17,1993.28
2941,1471,14,2026-02-03,1972.22
2942,1471,35,2026-05-17,1972.23
2943,1472,12,2026-01-27,1093.98
2944,1472,1,2026-04-21,1093.98
2945,1473,63,2026-04-01,828.48
2946,1473,18,2026-05-06,828.48
2947,1474,4,2026-04-28,1286.74
2948,1474,15,2026-03-06,1286.75
2949,1475,31,2026-04-22,1198.16
2950,1475,48,2026-04-26,1198.16
2951,1476,12,2026-02-17,1093.27
2952,1476,43,2026-03-24,1093.28
2953,1477,9,2026-02-05,434.27
2954,1477,59,2026-07-15,434.27
2955,1478,65,2026-05-22,579.08
2956,1478,30,2026-01-22,579.08
2957,1479,41,2026-02-18,412.01
2958,1479,14,2026-05-05,412.02
2959,1480,52,2026-03-20,1131.76
2960,1480,11,2026-07-23,1131.77
2961,1481,45,2026-07-03,970.76
2962,1481,48,2026-06-12,970.76
2963,1482,34,2026-02-15,610.17
2964,1482,30,2026-07-19,610.16
2965,1483,40,2026-05-12,1397.08
2966,1483,49,2026-05-21,1397.08
2967,1484,62,2026-02-19,997.77
2968,1484,22,2026-06-26,997.77
2969,1485,46,2026-03-01,707.85
2970,1485,37,2026-01-11,707.86
2971,1486,2,2026-06-27,411.57
2972,1486,50,2026-05-28,411.57
2973,1487,55,2026-01-09,1570.42
2974,1487,4,2026-02-23,1570.42
2975,1488,14,2026-02-20,958.38
2976,1488,29,2026-02-17,958.39
2977,1489,30,2026-02-02,1671.74
2978,1489,55,2026-06-24,1671.75
2979,1490,62,2026-05-07,1678.12
2980,1490,56,2026-04-27,1678.11
2981,1491,28,2026-02-04,1885.62
2982,1491,53,2026-06-12,1885.61
2983,1492,44,2026-01-23,412.79
2984,1492,51,2026-01-26,412.78
2985,1493,68,2026-01-20,663.87
2986,1493,5,2026-05-23,663.86
2987,1494,8,2026-04-23,1868.9
2988,1494,38,2026-05-28,1868.89
2989,1495,35,2026-07-02,1096.81
2990,1495,63,2026-03-27,1096.81
2991,1496,41,2026-05-04,1818.3
2992,1496,30,2026-04-26,1818.29
2993,1497,51,2026-06-01,710.49
2994,1497,40,2026-07-09,710.48
2995,1498,10,2026-07-05,607.73
2996,1498,10,2026-03-17,607.72
2997,1499,14,2026-07-24,1880.47
2998,1499,16,2026-05-26,1880.46
2999,1500,12,2026-04-07,594.37
3000,1500,32,2026-05-14,594.37
3001,1501,24,2026-03-10,661.51
3002,1501,42,2026-06-03,661.5
3003,1502,49,2026-01-27,1352.86
3004,1502,17,2026-06-06,1352.85
3005,1503,61,2026-02-07,438.4
3006,1503,65,2026-03-12,438.39
3007,1504,3,2026-04-26,1771.7
3008,1504,56,2026-02-06,1771.7
3009,1505,62,2026-01-03,1017.79
3010,1505,9,2026-02-14,1017.79
3011,1506,41,2026-06-26,1555.1
3012,1506,55,2026-04-15,1555.1
3013,1507,24,2026-03-07,481.41
3014,1507,18,2026-03-04,481.42
3015,1508,15,2026-04-22,834.62
3016,1508,59,2026-02-10,834.62
3017,1509,63,2026-04-25,1607.35
3018,1509,19,2026-02-21,1607.35
3019,1510,41,2026-05-19,773.84
3020,1510,29,2026-05-11,773.84
3021,1511,66,2026-06-12,984.59
3022,1511,12,2026-07-21,984.58
3023,1512,41,2026-01-28,1862.62
3024,1512,54,2026-01-12,1862.61
3025,1513,58,2026-05-25,1485.78
3026,1513,21,2026-06-25,1485.77
3027,1514,60,2026-05-13,471.09
3028,1514,65,2026-03-04,471.09
3029,1515,36,2026-02-01,1929.97
3030,1515,29,2026-02-05,1929.97
3031,1516,42,2026-06-15,1480.37
3032,1516,55,2026-04-18,1480.36
3033,1517,19,2026-03-18,1181.8
3034,1517,56,2026-06-03,1181.8
3035,1518,15,2026-04-21,1876.07
3036,1518,17,2026-07-17,1876.08
3037,1519,44,2026-06-28,468.08
3038,1519,57,2026-04-15,468.08
3039,1520,58,2026-04-24,1271.59
3040,1520,39,2026-07-16,1271.6
3041,1521,53,2026-04-15,1336.83
3042,1521,31,2026-07-08,1336.82
3043,1522,69,2026-05-09,1197.88
3044,1522,59,2026-03-16,1197.88
3045,1523,32,2026-04-03,1981.63
3046,1523,28,2026-01-08,1981.64
3047,1524,38,2026-01-03,1644.25
3048,1524,44,2026-03-14,1644.25
3049,1525,60,2026-04-27,778.65
3050,1525,26,2026-02-11,778.66
3051,1526,35,2026-06-07,717.8
3052,1526,47,2026-05-05,717.8
3053,1527,61,2026-07-09,1709.99
3054,1527,13,2026-05-06,1709.99
3055,1528,69,2026-04-07,1249.7
3056,1528,12,2026-04-26,1249.71
3057,1529,59,2026-02-02,1758.74
3058,1529,37,2026-03-11,1758.74
3059,1530,54,2026-04-24,839.45
3060,1530,57,2026-06-20,839.45
3061,1531,5,2026-05-18,1315.28
3062,1531,55,2026-04-08,1315.28
3063,1532,26,2026-06-19,1180.98
3064,1532,19,2026-02-07,1180.98
3065,1533,15,2026-04-26,666.66
3066,1533,25,2026-03-10,666.66
3067,1534,61,2026-06-09,1981.75
3068,1534,47,2026-05-10,1981.75
3069,1535,16,2026-03-03,440.07
3070,1535,25,2026-04-18,440.07
3071,1536,53,2026-07-27,409.55
3072,1536,3,2026-03-10,409.56
3073,1537,3,2026-01-02,1601.82
3074,1537,28,2026-04-19,1601.83
3075,1538,66,2026-05-04,988.74
3076,1538,5,2026-05-01,988.74
3077,1539,38,2026-03-08,1479.68
3078,1539,47,2026-03-15,1479.68
3079,1540,29,2026-03-14,1145.81
3080,1540,32,2026-03-21,1145.8
3081,1541,34,2026-05-15,1467.05
3082,1541,58,2026-03-11,1467.05
3083,1542,1,2026-03-09,1190.68
3084,1542,29,2026-07-18,1190.69
3085,1543,11,2026-07-12,1102.98
3086,1543,15,2026-03-03,1102.98
3087,1544,11,2026-07-17,836.91
3088,1544,28,2026-03-18,836.91
3089,1545,59,2026-06-23,652.96
3090,1545,67,2026-06-05,652.97
3091,1546,55,2026-04-13,914.35
3092,1546,58,2026-02-20,914.35
3093,1547,23,2026-02-01,1015.49
3094,1547,23,2026-01-24,1015.5
3095,1548,25,2026-07-12,605.29
3096,1548,13,2026-05-23,605.29
3097,1549,32,2026-07-21,780.97
3098,1549,41,2026-07-01,780.96
3099,1550,35,2026-06-07,605.05
3100,1550,46,2026-03-05,605.06
3101,1551,28,2026-06-11,1481.57
3102,1551,49,2026-02-14,1481.58
3103,1552,6,2026-02-11,667.55
3104,1552,29,2026-06-02,667.55
3105,1553,51,2026-07-02,807.11
3106,1553,61,2026-06-13,807.1
3107,1554,61,2026-06-20,608.9
3108,1554,29,2026-02-01,608.89
3109,1555,42,2026-01-23,1287.92
3110,1555,42,2026-01-13,1287.91
3111,1556,62,2026-06-02,1053.52
3112,1556,22,2026-01-21,1053.52
3113,1557,57,2026-07-03,988.69
3114,1557,28,2026-07-05,988.69
3115,1558,19,2026-07-24,1726.85
3116,1558,12,2026-02-14,1726.85
3117,1559,2,2026-06-25,925.73
3118,1559,20,2026-07-26,925.72
3119,1560,25,2026-02-27,1213
3120,1560,16,2026-06-24,1212.99
3121,1561,36,2026-03-17,1621.18
3122,1561,38,2026-03-26,1621.19
3123,1562,11,2026-03-05,754.06
3124,1562,18,2026-01-21,754.06
3125,1563,12,2026-06-03,1873.59
3126,1563,17,2026-03-17,1873.59
3127,1564,52,2026-04-03,915.49
3128,1564,11,2026-04-19,915.5
3129,1565,1,2026-04-11,447.81
3130,1565,5,2026-02-24,447.81
3131,1566,60,2026-05-16,562.9
3132,1566,30,2026-07-09,562.89
3133,1567,42,2026-03-20,985.43
3134,1567,3,2026-06-04,985.44
3135,1568,56,2026-05-17,1270.76
3136,1568,57,2026-06-27,1270.75
3137,1569,49,2026-07-01,1905.86
3138,1569,6,2026-06-19,1905.85
3139,1570,63,2026-03-21,1908.49
3140,1570,24,2026-07-26,1908.49
3141,1571,20,2026-05-26,1233
3142,1571,39,2026-05-22,1233
3143,1572,24,2026-02-15,1185.57
3144,1572,18,2026-06-05,1185.57
3145,1573,51,2026-05-08,1187.7
3146,1573,26,2026-06-21,1187.7
3147,1574,41,2026-07-10,402
3148,1574,68,2026-02-14,401.99
3149,1575,35,2026-05-08,499.81
3150,1575,61,2026-03-13,499.81
3151,1576,29,2026-07-05,499.05
3152,1576,26,2026-01-17,499.05
3153,1577,39,2026-06-04,1386.71
3154,1577,39,2026-05-26,1386.71
3155,1578,56,2026-05-02,1024.31
3156,1578,53,2026-02-08,1024.31
3157,1579,53,2026-02-21,1260.37
3158,1579,51,2026-01-20,1260.38
3159,1580,64,2026-06-20,1052.24
3160,1580,12,2026-01-16,1052.24
3161,1581,57,2026-03-04,790.52
3162,1581,32,2026-04-20,790.52
3163,1582,42,2026-05-25,495.87
3164,1582,61,2026-07-08,495.87
3165,1583,46,2026-06-06,1427.53
3166,1583,46,2026-01-22,1427.52
3167,1584,19,2026-03-11,505.3
3168,1584,40,2026-05-22,505.29
3169,1585,51,2026-02-26,732.61
3170,1585,36,2026-01-16,732.6
3171,1586,5,2026-05-04,690.38
3172,1586,52,2026-07-15,690.37
3173,1587,66,2026-02-21,673.88
3174,1587,63,2026-07-01,673.89
3175,1588,22,2026-04-15,1601.55
3176,1588,45,2026-01-28,1601.55
3177,1589,7,2026-04-03,1769.59
3178,1589,55,2026-04-17,1769.59
3179,1590,61,2026-03-22,701.1
3180,1590,18,2026-05-24,701.1
3181,1591,63,2026-06-16,677.32
3182,1591,57,2026-02-20,677.32
3183,1592,16,2026-03-15,1540.45
3184,1592,27,2026-02-08,1540.44
3185,1593,37,2026-02-27,821.87
3186,1593,61,2026-06-27,821.87
3187,1594,4,2026-07-22,1064.15
3188,1594,13,2026-02-04,1064.16
3189,1595,17,2026-03-20,641.02
3190,1595,8,2026-04-27,641.03
3191,1596,23,2026-01-22,1441.41
3192,1596,60,2026-02-23,1441.42
3193,1597,57,2026-06-24,586.09
3194,1597,51,2026-03-19,586.1
3195,1598,11,2026-04-25,703.49
3196,1598,22,2026-04-11,703.49
3197,1599,2,2026-04-16,1273.27
3198,1599,8,2026-06-11,1273.27
3199,1600,34,2026-07-08,433.19
3200,1600,19,2026-03-16,433.2
3201,1601,4,2026-01-24,1409.81
3202,1601,35,2026-05-17,1409.82
3203,1602,15,2026-05-07,1443.36
3204,1602,38,2026-03-06,1443.36
3205,1603,66,2026-07-05,1838.53
3206,1603,41,2026-01-25,1838.54
3207,1604,53,2026-05-11,1530.76
3208,1604,58,2026-05-02,1530.77
3209,1605,60,2026-02-01,1965.83
3210,1605,20,2026-06-06,1965.84
3211,1606,15,2026-07-26,1098.36
3212,1606,19,2026-04-19,1098.36
3213,1607,39,2026-03-26,1697.07
3214,1607,23,2026-06-03,1697.07
3215,1608,43,2026-07-22,1661.95
3216,1608,8,2026-04-25,1661.94
3217,1609,48,2026-04-27,1275.19
3218,1609,2,2026-02-08,1275.18
3219,1610,69,2026-01-22,1615.91
3220,1610,57,2026-07-11,1615.91
3221,1611,22,2026-03-09,445.37
3222,1611,24,2026-05-18,445.37
3223,1612,27,2026-05-03,1268.8
3224,1612,33,2026-07-06,1268.8
3225,1613,23,2026-06-14,1709.26
3226,1613,16,2026-03-03,1709.26
3227,1614,7,2026-07-20,1385.74
3228,1614,50,2026-03-08,1385.73
3229,1615,56,2026-01-05,440.32
3230,1615,28,2026-03-19,440.31
3231,1616,18,2026-05-01,1002.29
3232,1616,55,2026-03-03,1002.3
3233,1617,13,2026-07-02,1515.36
3234,1617,32,2026-03-04,1515.36
3235,1618,16,2026-02-21,968.99
3236,1618,24,2026-04-19,968.98
3237,1619,64,2026-03-27,976.8
3238,1619,48,2026-02-11,976.79
3239,1620,7,2026-04-14,1941.74
3240,1620,65,2026-06-08,1941.75
3241,1621,25,2026-06-20,1190.35
3242,1621,10,2026-02-13,1190.34
3243,1622,43,2026-03-27,1242.86
3244,1622,13,2026-06-20,1242.85
3245,1623,69,2026-02-10,1609.14
3246,1623,44,2026-01-02,1609.14
3247,1624,36,2026-07-09,1809.63
3248,1624,3,2026-01-13,1809.63
3249,1625,57,2026-02-10,1879.03
3250,1625,58,2026-04-09,1879.02
3251,1626,15,2026-04-16,1064.68
3252,1626,27,2026-06-05,1064.67
3253,1627,6,2026-07-28,1457.87
3254,1627,3,2026-05-25,1457.88
3255,1628,12,2026-06-18,595.7
3256,1628,56,2026-07-05,595.69
3257,1629,31,2026-05-05,464.32
3258,1629,32,2026-07-22,464.31
3259,1630,53,2026-04-04,1870.94
3260,1630,24,2026-05-27,1870.93
3261,1631,59,2026-06-18,1894.87
3262,1631,9,2026-02-10,1894.86
3263,1632,60,2026-03-13,1789.55
3264,1632,54,2026-01-07,1789.55
3265,1633,56,2026-06-05,1636.44
3266,1633,4,2026-07-05,1636.45
3267,1634,1,2026-02-16,1364.06
3268,1634,69,2026-05-01,1364.07
3269,1635,31,2026-06-13,535.03
3270,1635,59,2026-07-28,535.02
3271,1636,69,2026-01-03,1889.14
3272,1636,52,2026-02-08,1889.13
3273,1637,54,2026-03-10,1178.99
3274,1637,14,2026-07-23,1179
3275,1638,58,2026-04-19,993.88
3276,1638,49,2026-02-13,993.89
3277,1639,25,2026-02-27,1708.43
3278,1639,38,2026-01-12,1708.43
3279,1640,33,2026-04-03,1892.37
3280,1640,18,2026-05-03,1892.38
3281,1641,38,2026-04-23,1719.13
3282,1641,48,2026-06-11,1719.13
3283,1642,41,2026-04-21,1935.08
3284,1642,59,2026-03-19,1935.07
3285,1643,35,2026-07-08,1973.37
3286,1643,7,2026-06-02,1973.38
3287,1644,23,2026-06-27,499.27
3288,1644,19,2026-02-26,499.26
3289,1645,20,2026-04-19,911.11
3290,1645,35,2026-07-19,911.11
3291,1646,20,2026-04-13,1250.09
3292,1646,2,2026-01-16,1250.09
3293,1647,51,2026-07-05,1947.72
3294,1647,58,2026-05-24,1947.73
3295,1648,63,2026-03-02,1034.86
3296,1648,11,2026-06-05,1034.85
3297,1649,63,2026-03-17,1753.41
3298,1649,7,2026-01-11,1753.41
3299,1650,45,2026-06-09,654.11
3300,1650,9,2026-04-07,654.11
3301,1651,58,2026-02-22,1163.76
3302,1651,69,2026-03-26,1163.76
3303,1652,19,2026-02-16,1347.05
3304,1652,56,2026-01-12,1347.06
3305,1653,37,2026-05-27,1027.99
3306,1653,9,2026-03-24,1027.99
3307,1654,17,2026-07-02,1325.42
3308,1654,6,2026-07-11,1325.42
3309,1655,48,2026-05-16,1713.88
3310,1655,23,2026-01-02,1713.89
3311,1656,18,2026-05-21,1351.66
3312,1656,32,2026-05-21,1351.66
3313,1657,52,2026-06-28,1783.24
3314,1657,40,2026-01-12,1783.24
3315,1658,25,2026-07-06,495.17
3316,1658,17,2026-05-18,495.18
3317,1659,49,2026-02-13,1253.44
3318,1659,56,2026-01-10,1253.44
3319,1660,67,2026-05-24,1901.73
3320,1660,36,2026-07-28,1901.74
3321,1661,62,2026-07-03,756.13
3322,1661,2,2026-03-07,756.13
3323,1662,47,2026-03-06,1888.66
3324,1662,38,2026-01-09,1888.66
3325,1663,42,2026-05-08,1150.9
3326,1663,59,2026-04-27,1150.91
3327,1664,6,2026-02-14,603.5
3328,1664,44,2026-05-02,603.5
3329,1665,15,2026-03-18,930.39
3330,1665,58,2026-03-09,930.39
3331,1666,42,2026-06-09,415.17
3332,1666,55,2026-01-23,415.17
3333,1667,19,2026-05-21,989.12
3334,1667,16,2026-01-11,989.13
3335,1668,28,2026-03-14,717.96
3336,1668,38,2026-03-07,717.96
3337,1669,62,2026-07-23,725.64
3338,1669,31,2026-05-23,725.64
3339,1670,51,2026-07-04,925.36
3340,1670,20,2026-07-05,925.37
3341,1671,21,2026-03-20,908.1
3342,1671,13,2026-05-08,908.09
3343,1672,6,2026-06-22,1825.4
3344,1672,11,2026-01-24,1825.4
3345,1673,42,2026-03-27,1377.59
3346,1673,57,2026-07-03,1377.59
3347,1674,61,2026-03-02,683.04
3348,1674,33,2026-02-14,683.03
3349,1675,46,2026-01-08,991.98
3350,1675,7,2026-05-01,991.97
3351,1676,14,2026-04-06,1552.22
3352,1676,55,2026-01-25,1552.23
3353,1677,66,2026-06-03,498.02
3354,1677,40,2026-07-23,498.02
3355,1678,36,2026-03-17,961.81
3356,1678,65,2026-04-22,961.82
3357,1679,69,2026-04-06,1581.2
3358,1679,57,2026-07-19,1581.19
3359,1680,23,2026-06-07,1699.3
3360,1680,63,2026-07-05,1699.29
3361,1681,57,2026-03-12,1811.42
3362,1681,10,2026-06-03,1811.43
3363,1682,59,2026-01-27,518.91
3364,1682,15,2026-06-15,518.92
3365,1683,35,2026-04-01,1518.17
3366,1683,29,2026-01-11,1518.17
3367,1684,69,2026-07-19,618.86
3368,1684,52,2026-07-01,618.87
3369,1685,51,2026-05-20,477.75
3370,1685,50,2026-01-26,477.74
3371,1686,68,2026-02-02,1445.38
3372,1686,39,2026-03-01,1445.38
3373,1687,62,2026-03-26,1286.13
3374,1687,58,2026-04-15,1286.12
3375,1688,68,2026-05-10,1606.6
3376,1688,9,2026-05-17,1606.6
3377,1689,1,2026-03-01,1906.75
3378,1689,36,2026-07-01,1906.75
3379,1690,67,2026-01-06,1054.53
3380,1690,55,2026-01-08,1054.53
3381,1691,69,2026-05-04,1215.29
3382,1691,62,2026-07-03,1215.29
3383,1692,58,2026-05-27,1399.12
3384,1692,57,2026-03-27,1399.11
3385,1693,32,2026-02-08,1420.11
3386,1693,63,2026-03-23,1420.1
3387,1694,16,2026-03-25,1869.34
3388,1694,30,2026-01-08,1869.35
3389,1695,69,2026-06-06,713.77
3390,1695,2,2026-02-26,713.76
3391,1696,31,2026-06-12,1825.24
3392,1696,62,2026-07-01,1825.23
3393,1697,56,2026-03-26,681.51
3394,1697,42,2026-07-16,681.5
3395,1698,55,2026-02-23,1843.15
3396,1698,2,2026-03-18,1843.15
3397,1699,11,2026-05-27,1248.65
3398,1699,2,2026-02-18,1248.64
3399,1700,15,2026-01-17,463.29
3400,1700,16,2026-07-17,463.3
3401,1701,19,2026-03-28,1568.67
3402,1701,61,2026-01-08,1568.67
3403,1702,3,2026-01-18,909.76
3404,1702,61,2026-03-18,909.76
3405,1703,46,2026-01-08,1158.93
3406,1703,16,2026-04-11,1158.93
3407,1704,46,2026-03-04,1795.29
3408,1704,26,2026-02-01,1795.29
3409,1705,69,2026-01-01,804.17
3410,1705,42,2026-05-16,804.18
3411,1706,48,2026-07-15,1375.54
3412,1706,8,2026-01-17,1375.54
3413,1707,25,2026-07-28,791.15
3414,1707,63,2026-04-20,791.14
3415,1708,22,2026-07-14,493.69
3416,1708,44,2026-04-20,493.69
3417,1709,18,2026-07-25,1347.77
3418,1709,34,2026-03-22,1347.77
3419,1710,32,2026-03-21,686.25
3420,1710,60,2026-03-10,686.26
3421,1711,68,2026-03-21,1899.07
3422,1711,8,2026-02-15,1899.07
3423,1712,21,2026-01-05,1132.93
3424,1712,3,2026-04-05,1132.93
3425,1713,55,2026-06-13,927.78
3426,1713,13,2026-01-19,927.79
3427,1714,24,2026-01-22,1433.84
3428,1714,62,2026-05-09,1433.84
3429,1715,24,2026-04-10,1233.42
3430,1715,43,2026-02-15,1233.43
3431,1716,36,2026-03-20,1481.63
3432,1716,30,2026-03-19,1481.64
3433,1717,29,2026-02-25,1710.41
3434,1717,59,2026-02-06,1710.42
3435,1718,8,2026-04-06,1132.74
3436,1718,49,2026-06-01,1132.74
3437,1719,31,2026-05-25,1195.45
3438,1719,19,2026-03-23,1195.46
3439,1720,55,2026-05-15,480.45
3440,1720,49,2026-02-15,480.45
3441,1721,3,2026-02-28,1319.75
3442,1721,21,2026-04-17,1319.75
3443,1722,68,2026-05-23,1709.12
3444,1722,68,2026-04-08,1709.13
3445,1723,3,2026-06-11,1635.91
3446,1723,3,2026-01-07,1635.92
3447,1724,27,2026-03-06,605.12
3448,1724,58,2026-06-20,605.13
3449,1725,63,2026-05-02,1317.99
3450,1725,22,2026-05-07,1317.99
3451,1726,47,2026-05-22,1190.73
3452,1726,43,2026-07-23,1190.73
3453,1727,42,2026-01-09,411.82
3454,1727,23,2026-02-14,411.81
3455,1728,51,2026-05-01,706.75
3456,1728,32,2026-02-27,706.75
3457,1729,44,2026-02-09,1673.13
3458,1729,8,2026-03-11,1673.13
3459,1730,11,2026-06-05,1438.85
3460,1730,14,2026-07-15,1438.86
3461,1731,11,2026-03-09,654.08
3462,1731,4,2026-02-26,654.09
3463,1732,10,2026-04-20,1632.19
3464,1732,19,2026-02-24,1632.18
3465,1733,46,2026-03-11,1875.94
3466,1733,14,2026-05-07,1875.94
3467,1734,47,2026-07-01,1821.42
3468,1734,2,2026-01-05,1821.43
3469,1735,3,2026-04-21,1686.8
3470,1735,5,2026-04-15,1686.8
3471,1736,51,2026-03-19,978.07
3472,1736,16,2026-04-20,978.08
3473,1737,30,2026-06-24,720.86
3474,1737,14,2026-05-19,720.87
3475,1738,27,2026-03-17,711.4
3476,1738,43,2026-07-25,711.4
3477,1739,57,2026-06-15,1815.86
3478,1739,50,2026-06-27,1815.86
3479,1740,3,2026-01-28,522.35
3480,1740,60,2026-01-26,522.35
3481,1741,33,2026-05-13,1051.05
3482,1741,10,2026-06-18,1051.06
3483,1742,16,2026-03-13,1062.87
3484,1742,35,2026-01-24,1062.87
3485,1743,35,2026-05-18,1758.35
3486,1743,12,2026-02-08,1758.35
3487,1744,58,2026-01-03,1890.92
3488,1744,66,2026-04-25,1890.93
3489,1745,21,2026-05-02,1257.91
3490,1745,44,2026-05-20,1257.91
3491,1746,41,2026-04-16,1393.22
3492,1746,60,2026-02-04,1393.22
3493,1747,67,2026-02-18,1824.25
3494,1747,51,2026-03-05,1824.26
3495,1748,67,2026-06-23,1199.34
3496,1748,10,2026-01-11,1199.34
3497,1749,43,2026-04-14,421.22
3498,1749,47,2026-05-02,421.22
3499,1750,33,2026-03-08,1404.09
3500,1750,47,2026-03-01,1404.09
3501,1751,41,2026-05-12,671.01
3502,1751,65,2026-06-10,671.02
3503,1752,33,2026-07-09,520.82
3504,1752,40,2026-02-05,520.81
3505,1753,63,2026-07-15,1320.81
3506,1753,50,2026-04-22,1320.8
3507,1754,67,2026-01-13,1991.5
3508,1754,40,2026-05-22,1991.51
3509,1755,37,2026-05-02,1699.05
3510,1755,10,2026-02-11,1699.05
3511,1756,19,2026-06-02,955.74
3512,1756,51,2026-02-18,955.74
3513,1757,24,2026-07-26,1063.05
3514,1757,29,2026-02-03,1063.06
3515,1758,53,2026-02-21,1609.66
3516,1758,34,2026-01-15,1609.67
3517,1759,4,2026-07-17,810.22
3518,1759,29,2026-01-10,810.23
3519,1760,19,2026-05-10,602.17
3520,1760,64,2026-01-14,602.18
3521,1761,47,2026-07-04,1785.49
3522,1761,2,2026-02-26,1785.5
3523,1762,2,2026-02-06,1752.84
3524,1762,32,2026-07-28,1752.84
3525,1763,31,2026-04-17,1283.56
3526,1763,2,2026-06-04,1283.56
3527,1764,36,2026-05-14,1014.25
3528,1764,9,2026-06-05,1014.24
3529,1765,4,2026-01-27,473.02
3530,1765,38,2026-01-24,473.03
3531,1766,25,2026-01-01,1546.77
3532,1766,40,2026-03-19,1546.78
3533,1767,11,2026-02-24,1261.37
3534,1767,38,2026-01-15,1261.37
3535,1768,56,2026-03-22,1022.2
3536,1768,1,2026-03-13,1022.21
3537,1769,57,2026-06-17,1861.67
3538,1769,67,2026-07-06,1861.66
3539,1770,60,2026-01-16,1002.96
3540,1770,14,2026-07-24,1002.96
3541,1771,48,2026-05-11,516.39
3542,1771,3,2026-05-09,516.4
3543,1772,62,2026-06-20,1184.36
3544,1772,67,2026-04-10,1184.36
3545,1773,12,2026-02-20,1934.72
3546,1773,67,2026-02-04,1934.71
3547,1774,5,2026-07-14,1841.3
3548,1774,26,2026-05-07,1841.29
3549,1775,24,2026-02-21,1988.03
3550,1775,29,2026-06-22,1988.02
3551,1776,10,2026-05-10,500.19
3552,1776,60,2026-05-05,500.19
3553,1777,56,2026-05-24,791.59
3554,1777,30,2026-05-06,791.58
3555,1778,57,2026-06-24,563.77
3556,1778,12,2026-07-03,563.76
3557,1779,13,2026-04-17,756.86
3558,1779,14,2026-03-15,756.86
3559,1780,36,2026-01-06,1904.17
3560,1780,60,2026-05-07,1904.18
3561,1781,53,2026-01-25,1026.33
3562,1781,41,2026-07-27,1026.33
3563,1782,1,2026-01-09,1205.87
3564,1782,67,2026-03-19,1205.87
3565,1783,33,2026-07-16,1955.59
3566,1783,12,2026-07-26,1955.6
3567,1784,37,2026-03-08,1158.55
3568,1784,41,2026-07-05,1158.54
3569,1785,23,2026-03-15,584.05
3570,1785,6,2026-04-21,584.05
3571,1786,36,2026-07-24,767.57
3572,1786,21,2026-02-24,767.57
3573,1787,13,2026-07-13,1546.02
3574,1787,56,2026-02-03,1546.02
3575,1788,45,2026-02-26,1579.19
3576,1788,50,2026-05-26,1579.2
3577,1789,56,2026-02-23,1407.04
3578,1789,12,2026-07-08,1407.04
3579,1790,10,2026-07-23,1046.45
3580,1790,27,2026-05-20,1046.45
3581,1791,36,2026-05-11,1985.82
3582,1791,69,2026-01-09,1985.83
3583,1792,4,2026-07-22,1751.81
3584,1792,21,2026-03-07,1751.82
3585,1793,11,2026-05-22,1622.9
3586,1793,62,2026-01-07,1622.91
3587,1794,16,2026-06-17,1857.08
3588,1794,14,2026-04-05,1857.07
3589,1795,37,2026-05-04,1532.6
3590,1795,25,2026-04-19,1532.59
3591,1796,58,2026-01-04,564.54
3592,1796,67,2026-05-02,564.54
3593,1797,20,2026-03-06,1341.2
3594,1797,25,2026-05-02,1341.21
3595,1798,7,2026-02-18,1533.91
3596,1798,9,2026-06-03,1533.91
3597,1799,59,2026-07-04,1940.61
3598,1799,3,2026-03-04,1940.61
3599,1800,60,2026-03-06,1108.23
3600,1800,2,2026-07-06,1108.23
3601,1801,34,2026-05-05,1884.95
3602,1801,31,2026-04-01,1884.95
3603,1802,1,2026-05-28,408.78
3604,1802,69,2026-03-23,408.78
3605,1803,57,2026-02-11,1039.94
3606,1803,37,2026-03-13,1039.93
3607,1804,61,2026-06-07,1165.46
3608,1804,3,2026-07-14,1165.47
3609,1805,21,2026-02-02,1814.06
3610,1805,10,2026-06-19,1814.05
3611,1806,2,2026-01-03,686.54
3612,1806,31,2026-03-01,686.54
3613,1807,19,2026-07-13,1155.26
3614,1807,67,2026-07-10,1155.26
3615,1808,51,2026-06-17,723.43
3616,1808,21,2026-01-20,723.44
3617,1809,9,2026-02-24,1683.96
3618,1809,33,2026-02-18,1683.96
3619,1810,19,2026-04-14,574.98
3620,1810,30,2026-05-19,574.98
3621,1811,47,2026-01-05,1986.3
3622,1811,1,2026-05-15,1986.3
3623,1812,22,2026-01-24,1044.1
3624,1812,69,2026-03-16,1044.1
3625,1813,16,2026-06-13,1424.01
3626,1813,13,2026-07-10,1424
3627,1814,30,2026-03-05,1661.61
3628,1814,50,2026-05-21,1661.6
3629,1815,60,2026-07-15,1157.51
3630,1815,51,2026-04-01,1157.51
3631,1816,46,2026-03-11,982.47
3632,1816,20,2026-03-12,982.47
3633,1817,64,2026-02-08,757.96
3634,1817,7,2026-04-15,757.97
3635,1818,9,2026-06-03,634.64
3636,1818,38,2026-04-15,634.64
3637,1819,5,2026-01-10,443.64
3638,1819,45,2026-07-05,443.63
3639,1820,36,2026-07-02,1297.52
3640,1820,44,2026-04-25,1297.51
3641,1821,69,2026-07-10,1472.62
3642,1821,2,2026-07-01,1472.61
3643,1822,51,2026-01-21,962.28
3644,1822,7,2026-02-12,962.27
3645,1823,17,2026-05-26,1190.14
3646,1823,6,2026-06-07,1190.15
3647,1824,16,2026-06-04,1130.54
3648,1824,55,2026-07-26,1130.55
3649,1825,9,2026-04-07,1811.44
3650,1825,48,2026-06-13,1811.44
3651,1826,36,2026-04-05,1975.42
3652,1826,59,2026-02-01,1975.42
3653,1827,4,2026-06-08,1190.76
3654,1827,55,2026-07-02,1190.75
3655,1828,16,2026-07-27,610.53
3656,1828,15,2026-05-07,610.52
3657,1829,34,2026-06-27,933.6
3658,1829,42,2026-07-03,933.6
3659,1830,66,2026-03-03,833.05
3660,1830,58,2026-02-14,833.05
3661,1831,40,2026-05-25,770.16
3662,1831,3,2026-02-20,770.16
3663,1832,44,2026-01-19,872.5
3664,1832,12,2026-07-25,872.5
3665,1833,13,2026-05-19,1417
3666,1833,1,2026-05-13,1416.99
3667,1834,46,2026-07-18,445.59
3668,1834,22,2026-04-16,445.58
3669,1835,40,2026-07-16,917.09
3670,1835,5,2026-01-03,917.09
3671,1836,15,2026-05-03,1200.36
3672,1836,46,2026-04-17,1200.35
3673,1837,22,2026-06-01,1888.37
3674,1837,9,2026-02-01,1888.38
3675,1838,41,2026-07-14,1063.61
3676,1838,23,2026-07-05,1063.61
3677,1839,26,2026-05-25,469.1
3678,1839,25,2026-02-28,469.09
3679,1840,27,2026-01-18,1023.11
3680,1840,4,2026-04-18,1023.12
3681,1841,69,2026-06-18,770.91
3682,1841,19,2026-06-02,770.9
3683,1842,49,2026-04-05,928.88
3684,1842,47,2026-07-12,928.88
3685,1843,36,2026-04-18,1989.59
3686,1843,5,2026-06-24,1989.6
3687,1844,53,2026-07-06,553.26
3688,1844,59,2026-03-11,553.26
3689,1845,19,2026-05-09,887.96
3690,1845,7,2026-07-21,887.96
3691,1846,26,2026-04-27,1497.81
3692,1846,48,2026-03-13,1497.82
3693,1847,53,2026-04-12,1356.69
3694,1847,52,2026-02-27,1356.7
3695,1848,23,2026-05-19,933.87
3696,1848,9,2026-04-20,933.88
3697,1849,58,2026-07-19,1890.69
3698,1849,31,2026-01-19,1890.68
3699,1850,12,2026-02-09,1026.91
3700,1850,33,2026-06-02,1026.92
3701,1851,41,2026-02-18,1236.76
3702,1851,6,2026-06-10,1236.77
3703,1852,69,2026-07-05,1393.43
3704,1852,1,2026-07-22,1393.42
3705,1853,36,2026-05-26,1481.65
3706,1853,4,2026-01-22,1481.65
3707,1854,32,2026-02-01,768.87
3708,1854,3,2026-03-15,768.88
3709,1855,38,2026-05-14,1545.92
3710,1855,36,2026-06-10,1545.92
3711,1856,4,2026-03-25,699.64
3712,1856,34,2026-03-07,699.64
3713,1857,62,2026-06-28,1329.76
3714,1857,3,2026-04-10,1329.76
3715,1858,67,2026-01-21,536.08
3716,1858,7,2026-01-26,536.08
3717,1859,18,2026-06-25,975.57
3718,1859,28,2026-07-14,975.56
3719,1860,54,2026-02-24,815.83
3720,1860,53,2026-03-03,815.83
3721,1861,25,2026-01-23,1584.65
3722,1861,35,2026-03-22,1584.65
3723,1862,26,2026-03-17,1762.69
3724,1862,54,2026-04-15,1762.69
3725,1863,14,2026-03-24,725.13
3726,1863,32,2026-02-03,725.14
3727,1864,36,2026-05-28,527.59
3728,1864,3,2026-07-26,527.59
3729,1865,55,2026-01-23,1497.97
3730,1865,5,2026-05-17,1497.96
3731,1866,6,2026-04-10,1943.01
3732,1866,67,2026-04-10,1943.01
3733,1867,18,2026-06-12,859.01
3734,1867,7,2026-04-20,859
3735,1868,8,2026-06-02,518.9
3736,1868,34,2026-07-09,518.9
3737,1869,51,2026-03-14,1684.53
3738,1869,17,2026-06-04,1684.54
3739,1870,62,2026-04-15,1122.08
3740,1870,47,2026-01-15,1122.07
3741,1871,14,2026-01-23,1045.18
3742,1871,25,2026-04-21,1045.18
3743,1872,11,2026-06-15,684.03
3744,1872,19,2026-05-11,684.02
3745,1873,25,2026-04-02,1540.85
3746,1873,5,2026-07-18,1540.84
3747,1874,2,2026-06-08,1459.02
3748,1874,44,2026-04-26,1459.02
3749,1875,13,2026-04-12,1213.57
3750,1875,52,2026-06-08,1213.56
3751,1876,31,2026-03-23,868.77
3752,1876,61,2026-05-13,868.76
3753,1877,61,2026-02-18,1540.31
3754,1877,32,2026-01-06,1540.3
3755,1878,8,2026-01-22,1608.72
3756,1878,48,2026-03-09,1608.72
3757,1879,6,2026-03-10,1746.44
3758,1879,56,2026-01-08,1746.44
3759,1880,67,2026-07-07,1571.92
3760,1880,69,2026-04-05,1571.93
3761,1881,66,2026-07-17,899.85
3762,1881,9,2026-03-18,899.85
3763,1882,58,2026-01-04,425.95
3764,1882,13,2026-01-11,425.96
3765,1883,30,2026-06-18,1132.67
3766,1883,50,2026-01-05,1132.67
3767,1884,25,2026-06-24,1932.71
3768,1884,47,2026-05-25,1932.71
3769,1885,26,2026-03-04,1423.6
3770,1885,23,2026-04-10,1423.6
3771,1886,61,2026-07-01,1265.14
3772,1886,15,2026-07-17,1265.13
3773,1887,5,2026-06-26,1919.88
3774,1887,35,2026-02-22,1919.89
3775,1888,12,2026-02-21,956.85
3776,1888,40,2026-01-10,956.84
3777,1889,31,2026-02-03,1898.02
3778,1889,44,2026-05-06,1898.01
3779,1890,34,2026-07-20,1583.68
3780,1890,34,2026-01-23,1583.68
3781,1891,15,2026-02-02,1622.83
3782,1891,58,2026-03-24,1622.83
3783,1892,2,2026-01-16,430.33
3784,1892,68,2026-01-20,430.34
3785,1893,42,2026-03-25,1339.68
3786,1893,64,2026-02-03,1339.68
3787,1894,51,2026-02-11,1981.76
3788,1894,26,2026-06-17,1981.76
3789,1895,65,2026-07-09,778.52
3790,1895,30,2026-03-19,778.51
3791,1896,57,2026-03-15,1499.56
3792,1896,64,2026-04-14,1499.55
3793,1897,49,2026-05-28,1317.41
3794,1897,29,2026-05-13,1317.4
3795,1898,14,2026-02-26,864.96
3796,1898,45,2026-07-11,864.96
3797,1899,7,2026-01-19,1819.52
3798,1899,2,2026-02-11,1819.52
3799,1900,66,2026-06-24,1283.1
3800,1900,32,2026-03-14,1283.11
3801,1901,45,2026-06-20,1966.27
3802,1901,24,2026-05-26,1966.27
3803,1902,66,2026-04-20,1812.25
3804,1902,4,2026-02-13,1812.25
3805,1903,44,2026-03-09,1910.27
3806,1903,41,2026-05-15,1910.27
3807,1904,5,2026-01-23,451.47
3808,1904,11,2026-04-10,451.47
3809,1905,18,2026-06-27,741.8
3810,1905,35,2026-01-01,741.8
3811,1906,49,2026-03-13,631.07
3812,1906,11,2026-07-07,631.08
3813,1907,49,2026-01-07,1857.32
3814,1907,18,2026-03-05,1857.32
3815,1908,59,2026-06-05,602.19
3816,1908,29,2026-01-14,602.19
3817,1909,60,2026-01-09,860.17
3818,1909,8,2026-07-14,860.17
3819,1910,40,2026-03-14,1511.98
3820,1910,23,2026-06-20,1511.98
3821,1911,52,2026-05-21,797.3
3822,1911,62,2026-04-26,797.3
3823,1912,14,2026-05-11,957.75
3824,1912,16,2026-03-11,957.75
3825,1913,34,2026-02-25,564.38
3826,1913,53,2026-03-05,564.38
3827,1914,29,2026-05-21,1676.86
3828,1914,35,2026-02-22,1676.85
3829,1915,37,2026-05-12,1945.61
3830,1915,66,2026-04-21,1945.6
3831,1916,67,2026-05-10,1969.57
3832,1916,64,2026-02-22,1969.56
3833,1917,36,2026-02-05,1968.93
3834,1917,52,2026-05-18,1968.92
3835,1918,67,2026-07-04,1402.04
3836,1918,54,2026-07-28,1402.03
3837,1919,13,2026-06-26,1714.13
3838,1919,4,2026-07-05,1714.13
3839,1920,25,2026-01-05,1563.1
3840,1920,36,2026-05-09,1563.11
3841,1921,51,2026-03-19,802.75
3842,1921,35,2026-04-18,802.75
3843,1922,53,2026-05-19,1087.81
3844,1922,28,2026-04-07,1087.81
3845,1923,7,2026-07-05,1640.66
3846,1923,45,2026-01-14,1640.65
3847,1924,30,2026-07-20,1937.56
3848,1924,14,2026-03-15,1937.55
3849,1925,34,2026-05-03,1179.42
3850,1925,9,2026-05-26,1179.42
3851,1926,49,2026-04-10,462.95
3852,1926,59,2026-02-19,462.95
3853,1927,35,2026-05-14,1233.3
3854,1927,19,2026-04-09,1233.29
3855,1928,19,2026-07-16,492.09
3856,1928,10,2026-01-06,492.09
3857,1929,8,2026-06-17,1223.32
3858,1929,43,2026-01-26,1223.32
3859,1930,3,2026-03-11,646.01
3860,1930,56,2026-01-19,646.01
3861,1931,8,2026-05-03,1982.35
3862,1931,18,2026-06-04,1982.36
3863,1932,6,2026-01-27,1491.8
3864,1932,29,2026-01-04,1491.8
3865,1933,65,2026-02-08,498.57
3866,1933,51,2026-06-08,498.58
3867,1934,69,2026-06-08,1361.47
3868,1934,34,2026-06-24,1361.48
3869,1935,15,2026-02-15,1876.02
3870,1935,50,2026-04-12,1876.02
3871,1936,33,2026-03-22,980.9
3872,1936,9,2026-01-16,980.89
3873,1937,68,2026-06-27,1935.46
3874,1937,46,2026-02-13,1935.46
3875,1938,38,2026-07-18,446.02
3876,1938,38,2026-05-25,446.01
3877,1939,47,2026-03-03,1213.8
3878,1939,17,2026-02-08,1213.8
3879,1940,43,2026-07-20,1169.53
3880,1940,43,2026-05-16,1169.54
3881,1941,16,2026-05-11,1070.66
3882,1941,24,2026-03-14,1070.65
3883,1942,6,2026-06-28,1345.28
3884,1942,18,2026-04-17,1345.28
3885,1943,3,2026-05-26,1515.4
3886,1943,17,2026-07-16,1515.4
3887,1944,32,2026-06-15,1025.94
3888,1944,10,2026-02-21,1025.95
3889,1945,68,2026-02-01,425.51
3890,1945,52,2026-01-05,425.5
3891,1946,32,2026-01-16,1094.7
3892,1946,63,2026-01-26,1094.7
3893,1947,24,2026-05-22,693.96
3894,1947,47,2026-03-01,693.97
3895,1948,30,2026-01-08,1795.15
3896,1948,22,2026-05-18,1795.16
3897,1949,35,2026-01-12,1431.75
3898,1949,5,2026-05-10,1431.75
3899,1950,35,2026-07-19,654.89
3900,1950,48,2026-06-09,654.9
3901,1951,57,2026-04-23,700.03
3902,1951,42,2026-01-27,700.03
3903,1952,37,2026-04-06,1320.97
3904,1952,36,2026-02-15,1320.97
3905,1953,54,2026-03-16,662.45
3906,1953,18,2026-02-24,662.45
3907,1954,12,2026-02-09,686.05
3908,1954,8,2026-02-27,686.04
3909,1955,7,2026-07-06,1646.34
3910,1955,1,2026-01-16,1646.34
3911,1956,58,2026-06-05,1146.12
3912,1956,42,2026-06-17,1146.12
3913,1957,66,2026-03-26,1111.9
3914,1957,44,2026-01-14,1111.9
3915,1958,66,2026-05-23,570.99
3916,1958,23,2026-04-03,570.99
3917,1959,49,2026-05-03,1467.91
3918,1959,60,2026-04-22,1467.91
3919,1960,10,2026-03-02,434.01
3920,1960,53,2026-02-28,434.01
3921,1961,59,2026-07-14,785.16
3922,1961,65,2026-01-10,785.16
3923,1962,47,2026-03-13,1148.74
3924,1962,36,2026-01-22,1148.73
3925,1963,1,2026-06-01,867.21
3926,1963,15,2026-05-26,867.2
3927,1964,29,2026-03-04,720.54
3928,1964,19,2026-04-17,720.54
3929,1965,29,2026-02-15,878.36
3930,1965,39,2026-07-17,878.36
3931,1966,62,2026-03-23,527.89
3932,1966,11,2026-02-07,527.89
3933,1967,16,2026-07-27,949.53
3934,1967,15,2026-04-15,949.52
3935,1968,46,2026-01-18,1151.36
3936,1968,63,2026-07-10,1151.35
3937,1969,1,2026-02-18,1530.96
3938,1969,69,2026-03-19,1530.96
3939,1970,17,2026-04-27,1188.77
3940,1970,50,2026-03-07,1188.77
3941,1971,48,2026-05-18,1402.65
3942,1971,37,2026-04-19,1402.65
3943,1972,40,2026-05-28,1674
3944,1972,27,2026-03-05,1674
3945,1973,56,2026-06-18,1015.61
3946,1973,22,2026-06-15,1015.6
3947,1974,59,2026-03-22,1303.01
3948,1974,6,2026-02-20,1303.01
3949,1975,59,2026-07-02,1822.44
3950,1975,55,2026-02-24,1822.44
3951,1976,11,2026-07-23,1416.25
3952,1976,68,2026-06-09,1416.24
3953,1977,19,2026-07-24,1437.43
3954,1977,45,2026-01-05,1437.42
3955,1978,24,2026-02-24,1672.71
3956,1978,9,2026-06-27,1672.71
3957,1979,52,2026-06-27,1007.96
3958,1979,37,2026-03-27,1007.97
3959,1980,63,2026-03-03,1582.57
3960,1980,27,2026-04-23,1582.58
3961,1981,3,2026-03-05,438.03
3962,1981,66,2026-04-10,438.02
3963,1982,35,2026-07-18,456.18
3964,1982,30,2026-01-02,456.19
3965,1983,53,2026-01-27,716.88
3966,1983,33,2026-05-21,716.87
3967,1984,28,2026-06-23,1186.1
3968,1984,66,2026-04-14,1186.11
3969,1985,41,2026-05-21,1649.65
3970,1985,20,2026-01-14,1649.64
3971,1986,25,2026-04-24,509.78
3972,1986,17,2026-04-12,509.78
3973,1987,50,2026-03-01,1630.23
3974,1987,25,2026-02-11,1630.23
3975,1988,69,2026-02-01,1740.19
3976,1988,52,2026-06-20,1740.19
3977,1989,55,2026-02-02,630
3978,1989,44,2026-01-07,630
3979,1990,28,2026-04-18,1985.68
3980,1990,66,2026-04-03,1985.68
3981,1991,44,2026-03-26,1255.24
3982,1991,19,2026-03-28,1255.24
3983,1992,37,2026-03-01,420.36
3984,1992,41,2026-03-21,420.36
3985,1993,57,2026-02-06,1660.29
3986,1993,50,2026-05-11,1660.29
3987,1994,40,2026-06-08,583.34
3988,1994,5,2026-03-25,583.34
3989,1995,38,2026-02-04,1373.51
3990,1995,45,2026-06-21,1373.51
3991,1996,14,2026-03-28,429.84
3992,1996,26,2026-03-15,429.84
3993,1997,33,2026-05-14,770.81
3994,1997,40,2026-02-27,770.81
3995,1998,51,2026-01-23,1921.14
3996,1998,36,2026-03-21,1921.14
3997,1999,36,2026-01-05,708.12
3998,1999,50,2026-03-05,708.12
3999,2000,68,2026-06-08,928.96
4000,2000,8,2026-06-24,928.95
4001,2001,51,2026-01-05,734.57
4002,2001,49,2026-03-03,734.57
4003,2002,68,2026-04-06,761.28
4004,2002,62,2026-06-06,761.27
4005,2003,49,2026-02-17,990.76
4006,2003,34,2026-02-12,990.75
4007,2004,66,2026-01-10,1748.16
4008,2004,63,2026-07-05,1748.16
4009,2005,37,2026-04-22,1029.07
4010,2005,69,2026-04-14,1029.08
4011,2006,11,2026-03-28,1778.27
4012,2006,2,2026-01-04,1778.27
4013,2007,65,2026-02-16,1761.43
4014,2007,3,2026-04-18,1761.43
4015,2008,15,2026-04-09,1373.21
4016,2008,9,2026-06-11,1373.2
4017,2009,63,2026-07-23,1080.37
4018,2009,13,2026-06-10,1080.37
4019,2010,28,2026-04-20,1966.44
4020,2010,26,2026-02-24,1966.44
4021,2011,3,2026-02-20,1456.23
4022,2011,27,2026-07-14,1456.22
4023,2012,22,2026-06-21,892.37
4024,2012,54,2026-05-07,892.38
4025,2013,15,2026-03-24,1950.15
4026,2013,37,2026-06-06,1950.14
4027,2014,4,2026-02-23,627.35
4028,2014,30,2026-05-01,627.34
4029,2015,30,2026-03-18,1772.81
4030,2015,52,2026-07-20,1772.81
4031,2016,27,2026-07-28,1509.47
4032,2016,34,2026-07-19,1509.48
4033,2017,41,2026-07-03,1822.49
4034,2017,9,2026-07-12,1822.49
4035,2018,10,2026-06-18,1098.94
4036,2018,14,2026-06-17,1098.95
4037,2019,37,2026-07-04,1691.48
4038,2019,56,2026-01-05,1691.47
4039,2020,19,2026-06-28,1844.95
4040,2020,4,2026-07-18,1844.94
4041,2021,50,2026-01-22,1934.33
4042,2021,29,2026-02-16,1934.33
4043,2022,24,2026-05-09,1355.3
4044,2022,57,2026-06-24,1355.3
4045,2023,15,2026-07-16,738.24
4046,2023,41,2026-02-01,738.25
4047,2024,53,2026-02-20,1749.75
4048,2024,21,2026-02-15,1749.74
4049,2025,35,2026-02-10,1421.58
4050,2025,53,2026-04-27,1421.58
4051,2026,7,2026-06-15,624.72
4052,2026,67,2026-01-27,624.71
4053,2027,55,2026-01-22,1073.88
4054,2027,49,2026-01-02,1073.88
4055,2028,15,2026-06-17,1651.51
4056,2028,27,2026-04-12,1651.51
4057,2029,49,2026-07-15,1031.28
4058,2029,42,2026-04-02,1031.28
4059,2030,18,2026-02-04,792.99
4060,2030,23,2026-04-19,792.98
4061,2031,37,2026-04-17,980.48
4062,2031,58,2026-05-17,980.47
4063,2032,12,2026-05-07,1866.3
4064,2032,21,2026-03-28,1866.3
4065,2033,16,2026-05-20,1664.87
4066,2033,68,2026-05-17,1664.87
4067,2034,31,2026-05-04,902.63
4068,2034,12,2026-05-27,902.63
4069,2035,29,2026-03-21,1133.34
4070,2035,21,2026-06-19,1133.33
4071,2036,44,2026-05-05,1059.55
4072,2036,49,2026-05-13,1059.54
4073,2037,59,2026-02-05,665.14
4074,2037,32,2026-04-24,665.14
4075,2038,58,2026-06-13,1603.89
4076,2038,1,2026-06-25,1603.89
4077,2039,7,2026-03-18,847.9
4078,2039,12,2026-06-13,847.9
4079,2040,44,2026-03-15,1552.73
4080,2040,16,2026-02-01,1552.72
4081,2041,24,2026-06-11,975.73
4082,2041,54,2026-04-17,975.73
4083,2042,64,2026-05-21,1812.03
4084,2042,52,2026-03-19,1812.04
4085,2043,54,2026-01-24,1904.91
4086,2043,69,2026-07-01,1904.91
4087,2044,14,2026-01-27,847.04
4088,2044,40,2026-07-19,847.04
4089,2045,29,2026-02-27,849.69
4090,2045,2,2026-01-09,849.69
4091,2046,24,2026-03-02,994.31
4092,2046,6,2026-04-26,994.31
4093,2047,1,2026-03-20,1858.04
4094,2047,42,2026-03-01,1858.04
4095,2048,30,2026-07-14,1241.54
4096,2048,4,2026-07-07,1241.54
4097,2049,12,2026-06-03,1473.97
4098,2049,25,2026-05-11,1473.97
4099,2050,47,2026-07-02,1813.46
4100,2050,10,2026-05-10,1813.45
4101,2051,61,2026-04-27,1952.49
4102,2051,60,2026-06-17,1952.5
4103,2052,34,2026-02-05,418.14
4104,2052,64,2026-02-02,418.14
4105,2053,11,2026-07-28,776.34
4106,2053,46,2026-04-09,776.34
4107,2054,3,2026-04-28,693.3
4108,2054,56,2026-02-01,693.31
4109,2055,55,2026-07-15,1583.73
4110,2055,44,2026-06-26,1583.74
4111,2056,69,2026-04-07,1186.63
4112,2056,44,2026-02-08,1186.63
4113,2057,42,2026-07-09,1287.2
4114,2057,10,2026-04-08,1287.19
4115,2058,15,2026-01-13,1355.1
4116,2058,59,2026-03-10,1355.11
4117,2059,22,2026-04-01,1739.21
4118,2059,14,2026-01-05,1739.21
4119,2060,48,2026-06-23,886.41
4120,2060,31,2026-02-09,886.4
4121,2061,33,2026-01-12,581.49
4122,2061,4,2026-03-02,581.49
4123,2062,23,2026-05-25,1091.33
4124,2062,28,2026-04-08,1091.33
4125,2063,34,2026-06-05,1501.98
4126,2063,12,2026-04-09,1501.97
4127,2064,8,2026-06-03,1208.85
4128,2064,44,2026-04-28,1208.85
4129,2065,49,2026-07-21,979.55
4130,2065,10,2026-01-25,979.55
4131,2066,64,2026-02-06,657.96
4132,2066,26,2026-06-16,657.96
4133,2067,14,2026-02-20,905.53
4134,2067,27,2026-02-21,905.54
4135,2068,21,2026-06-09,1795.55
4136,2068,11,2026-06-09,1795.55
4137,2069,59,2026-04-17,415.12
4138,2069,51,2026-07-23,415.12
4139,2070,28,2026-01-20,805.04
4140,2070,23,2026-03-19,805.03
4141,2071,63,2026-06-02,1685.39
4142,2071,8,2026-04-07,1685.39
4143,2072,24,2026-03-23,1319.34
4144,2072,53,2026-03-27,1319.34
4145,2073,3,2026-04-04,867.99
4146,2073,16,2026-06-17,868
4147,2074,16,2026-02-11,1405.79
4148,2074,15,2026-02-03,1405.78
4149,2075,49,2026-03-22,1437.33
4150,2075,64,2026-05-25,1437.32
4151,2076,11,2026-06-12,1206.56
4152,2076,19,2026-07-25,1206.56
4153,2077,12,2026-03-21,599.9
4154,2077,53,2026-07-13,599.89
4155,2078,63,2026-05-17,810.93
4156,2078,16,2026-01-11,810.93
4157,2079,61,2026-07-09,1310.34
4158,2079,41,2026-03-26,1310.35
4159,2080,66,2026-02-13,766.08
4160,2080,54,2026-02-13,766.08
4161,2081,61,2026-05-22,1627.73
4162,2081,5,2026-05-24,1627.72
4163,2082,56,2026-06-17,1474.95
4164,2082,31,2026-04-18,1474.95
4165,2083,20,2026-04-10,445.55
4166,2083,39,2026-01-26,445.55
4167,2084,37,2026-02-14,1881.99
4168,2084,3,2026-01-08,1881.98
4169,2085,5,2026-03-15,1587.51
4170,2085,61,2026-02-09,1587.51
4171,2086,40,2026-07-21,629.02
4172,2086,10,2026-07-14,629.03
4173,2087,43,2026-03-18,1877.12
4174,2087,50,2026-02-25,1877.11
4175,2088,30,2026-02-02,1094.53
4176,2088,14,2026-03-07,1094.53
4177,2089,45,2026-07-27,1511.6
4178,2089,39,2026-07-10,1511.6
4179,2090,54,2026-05-03,1393.98
4180,2090,21,2026-02-19,1393.99
4181,2091,3,2026-01-19,769.96
4182,2091,50,2026-05-04,769.96
4183,2092,30,2026-02-03,1055.58
4184,2092,44,2026-02-13,1055.59
4185,2093,62,2026-05-21,786.97
4186,2093,59,2026-01-06,786.96
4187,2094,51,2026-01-17,1744.82
4188,2094,38,2026-04-11,1744.82
4189,2095,48,2026-03-19,1566.41
4190,2095,34,2026-06-03,1566.41
4191,2096,1,2026-04-12,1444.13
4192,2096,4,2026-03-04,1444.14
4193,2097,12,2026-05-25,1210.4
4194,2097,10,2026-02-01,1210.4
4195,2098,16,2026-07-10,1003.5
4196,2098,62,2026-01-24,1003.5
4197,2099,34,2026-07-21,1874.42
4198,2099,39,2026-03-21,1874.41
4199,2100,38,2026-04-23,893.77
4200,2100,45,2026-07-05,893.77
4201,2101,39,2026-07-04,915.72
4202,2101,45,2026-06-15,915.71
4203,2102,51,2026-04-21,1273.97
4204,2102,63,2026-02-01,1273.98
4205,2103,10,2026-07-19,715.35
4206,2103,2,2026-01-27,715.35
4207,2104,12,2026-05-17,896.83
4208,2104,36,2026-05-22,896.82
4209,2105,41,2026-05-05,1961.24
4210,2105,17,2026-04-16,1961.25
4211,2106,49,2026-06-17,1638.6
4212,2106,28,2026-03-23,1638.59
4213,2107,32,2026-04-22,456.26
4214,2107,9,2026-03-22,456.26
4215,2108,55,2026-07-11,833.22
4216,2108,6,2026-05-03,833.22
4217,2109,16,2026-02-09,703.86
4218,2109,29,2026-06-25,703.87
4219,2110,54,2026-07-16,516.19
4220,2110,10,2026-03-28,516.18
4221,2111,69,2026-07-16,1367.36
4222,2111,26,2026-02-08,1367.36
4223,2112,40,2026-04-28,1928.71
4224,2112,37,2026-01-14,1928.7
4225,2113,27,2026-04-09,565.51
4226,2113,30,2026-03-26,565.51
4227,2114,61,2026-06-16,1588.03
4228,2114,38,2026-03-07,1588.03
4229,2115,57,2026-05-15,1078
4230,2115,52,2026-01-21,1078
4231,2116,50,2026-02-04,456.9
4232,2116,3,2026-02-25,456.9
4233,2117,68,2026-02-14,1537.66
4234,2117,46,2026-06-07,1537.65
4235,2118,42,2026-06-02,903.05
4236,2118,15,2026-07-11,903.05
4237,2119,2,2026-06-28,1167.38
4238,2119,35,2026-06-14,1167.38
4239,2120,30,2026-06-05,929.94
4240,2120,3,2026-01-08,929.94
4241,2121,3,2026-06-27,1658.15
4242,2121,42,2026-03-28,1658.16
4243,2122,29,2026-02-15,1243.33
4244,2122,66,2026-07-21,1243.33
4245,2123,1,2026-03-23,1935.96
4246,2123,31,2026-05-28,1935.97
4247,2124,56,2026-07-22,425.14
4248,2124,29,2026-04-23,425.15
4249,2125,66,2026-02-10,917.43
4250,2125,53,2026-07-21,917.43
4251,2126,68,2026-06-26,1455.87
4252,2126,62,2026-03-22,1455.87
4253,2127,56,2026-03-14,1594.62
4254,2127,14,2026-06-23,1594.61
4255,2128,50,2026-06-16,1289.89
4256,2128,61,2026-03-16,1289.88
4257,2129,62,2026-06-12,497.7
4258,2129,19,2026-01-07,497.69
4259,2130,18,2026-03-09,863.69
4260,2130,6,2026-07-04,863.69
4261,2131,34,2026-06-07,855.35
4262,2131,38,2026-06-13,855.35
4263,2132,16,2026-06-07,910.01
4264,2132,2,2026-04-12,910.01
4265,2133,68,2026-02-12,1749.06
4266,2133,5,2026-02-07,1749.06
4267,2134,62,2026-05-05,519.96
4268,2134,15,2026-04-10,519.95
4269,2135,31,2026-06-10,1301.99
4270,2135,43,2026-03-14,1301.98
4271,2136,2,2026-05-16,1535.06
4272,2136,21,2026-04-14,1535.07
4273,2137,24,2026-05-18,869.79
4274,2137,19,2026-05-17,869.79
4275,2138,30,2026-04-25,929.93
4276,2138,37,2026-02-10,929.93
4277,2139,13,2026-03-08,1565.62
4278,2139,22,2026-01-19,1565.61
4279,2140,69,2026-02-23,1489.65
4280,2140,19,2026-04-07,1489.66
4281,2141,55,2026-04-02,1061.51
4282,2141,19,2026-01-17,1061.51
4283,2142,21,2026-05-10,1208.54
4284,2142,22,2026-07-17,1208.54
4285,2143,58,2026-01-14,1055.43
4286,2143,53,2026-03-19,1055.42
4287,2144,16,2026-03-13,1497.76
4288,2144,60,2026-02-02,1497.77
4289,2145,19,2026-07-14,468.83
4290,2145,61,2026-06-20,468.84
4291,2146,50,2026-05-03,1079.27
4292,2146,57,2026-04-01,1079.26
4293,2147,27,2026-07-04,1269.89
4294,2147,56,2026-04-21,1269.89
4295,2148,16,2026-03-08,687.85
4296,2148,23,2026-07-06,687.84
4297,2149,10,2026-01-18,1750.17
4298,2149,24,2026-01-05,1750.17
4299,2150,61,2026-03-20,1151.5
4300,2150,28,2026-06-11,1151.49
4301,2151,30,2026-02-24,1631.35
4302,2151,59,2026-07-18,1631.35
4303,2152,31,2026-01-15,917.13
4304,2152,21,2026-04-13,917.13
4305,2153,19,2026-01-21,405.8
4306,2153,32,2026-03-07,405.8
4307,2154,2,2026-05-27,1235.13
4308,2154,42,2026-01-05,1235.13
4309,2155,30,2026-02-25,840.35
4310,2155,61,2026-04-08,840.35
4311,2156,13,2026-01-20,992.27
4312,2156,59,2026-01-07,992.28
4313,2157,46,2026-03-12,913.24
4314,2157,11,2026-06-01,913.23
4315,2158,23,2026-04-08,1116.39
4316,2158,43,2026-02-13,1116.39
4317,2159,26,2026-04-06,848.26
4318,2159,7,2026-06-08,848.25
4319,2160,57,2026-05-13,1356.08
4320,2160,38,2026-03-24,1356.08
4321,2161,3,2026-06-07,459.91
4322,2161,37,2026-07-09,459.92
4323,2162,37,2026-01-22,1634.14
4324,2162,33,2026-04-08,1634.15
4325,2163,14,2026-03-13,1071.24
4326,2163,34,2026-07-10,1071.25
4327,2164,4,2026-07-21,1602.84
4328,2164,55,2026-06-04,1602.84
4329,2165,1,2026-03-15,1162.97
4330,2165,3,2026-02-11,1162.97
4331,2166,62,2026-01-19,1352.06
4332,2166,67,2026-01-01,1352.06
4333,2167,62,2026-06-25,1112
4334,2167,69,2026-02-06,1111.99
4335,2168,62,2026-07-11,754.63
4336,2168,54,2026-05-20,754.63
4337,2169,18,2026-07-07,1186.15
4338,2169,33,2026-02-25,1186.15
4339,2170,14,2026-02-24,665.1
4340,2170,27,2026-07-21,665.09
4341,2171,33,2026-07-07,1796.9
4342,2171,11,2026-02-05,1796.89
4343,2172,10,2026-07-07,1565.51
4344,2172,28,2026-05-21,1565.51
4345,2173,35,2026-01-25,1707.75
4346,2173,31,2026-01-22,1707.75
4347,2174,44,2026-07-26,526.38
4348,2174,49,2026-02-21,526.37
4349,2175,11,2026-05-18,1770.52
4350,2175,26,2026-02-03,1770.51
4351,2176,39,2026-02-11,1022.97
4352,2176,9,2026-06-28,1022.97
4353,2177,69,2026-03-04,993.29
4354,2177,9,2026-01-02,993.29
4355,2178,58,2026-01-08,1551.65
4356,2178,46,2026-03-08,1551.66
4357,2179,69,2026-05-11,1537.79
4358,2179,65,2026-03-28,1537.78
4359,2180,68,2026-01-15,1686.67
4360,2180,39,2026-03-12,1686.67
4361,2181,21,2026-03-22,1752.58
4362,2181,36,2026-04-09,1752.58
4363,2182,7,2026-07-12,1154.88
4364,2182,37,2026-04-21,1154.89
4365,2183,69,2026-01-19,997.33
4366,2183,39,2026-02-18,997.33
4367,2184,48,2026-03-23,1036.74
4368,2184,11,2026-03-05,1036.74
4369,2185,19,2026-05-08,1743.41
4370,2185,10,2026-07-26,1743.41
4371,2186,61,2026-07-12,422.32
4372,2186,20,2026-05-17,422.32
4373,2187,56,2026-02-17,665.18
4374,2187,64,2026-01-03,665.18
4375,2188,62,2026-05-06,423.61
4376,2188,52,2026-03-07,423.61
4377,2189,40,2026-01-04,1841.04
4378,2189,50,2026-06-19,1841.04
4379,2190,8,2026-01-04,664.7
4380,2190,55,2026-06-12,664.7
4381,2191,8,2026-04-02,1934.87
4382,2191,54,2026-02-23,1934.87
4383,2192,45,2026-01-09,1457.59
4384,2192,45,2026-02-05,1457.59
4385,2193,69,2026-02-12,1511.26
4386,2193,14,2026-04-05,1511.26
4387,2194,51,2026-02-18,1855.16
4388,2194,7,2026-03-14,1855.15
4389,2195,22,2026-07-08,1463.32
4390,2195,37,2026-02-22,1463.32
4391,2196,32,2026-04-13,738.27
4392,2196,38,2026-05-13,738.28
4393,2197,16,2026-05-17,1319.84
4394,2197,15,2026-05-03,1319.83
4395,2198,8,2026-05-15,1317.55
4396,2198,54,2026-03-24,1317.55
4397,2199,43,2026-02-07,1916.12
4398,2199,69,2026-02-14,1916.12
4399,2200,7,2026-02-18,796.31
4400,2200,36,2026-02-11,796.3
4401,2201,19,2026-03-01,1596.38
4402,2201,51,2026-06-05,1596.38
4403,2202,59,2026-04-23,867.15
4404,2202,24,2026-03-24,867.15
4405,2203,46,2026-07-14,1157.56
4406,2203,16,2026-07-12,1157.55
4407,2204,29,2026-04-26,1304.24
4408,2204,49,2026-06-03,1304.24
4409,2205,20,2026-06-04,1039.27
4410,2205,69,2026-04-27,1039.28
4411,2206,52,2026-06-23,452.38
4412,2206,15,2026-02-07,452.38
4413,2207,26,2026-04-11,1886.38
4414,2207,55,2026-03-15,1886.38
4415,2208,47,2026-04-09,409.06
4416,2208,3,2026-07-14,409.06
4417,2209,57,2026-03-23,1380.11
4418,2209,50,2026-03-19,1380.11
4419,2210,34,2026-06-25,512.21
4420,2210,34,2026-06-08,512.22
4421,2211,27,2026-06-25,783.95
4422,2211,7,2026-03-18,783.95
4423,2212,54,2026-05-12,1764.1
4424,2212,14,2026-04-13,1764.1
4425,2213,56,2026-07-08,714.76
4426,2213,2,2026-04-17,714.77
4427,2214,65,2026-02-08,1463.43
4428,2214,16,2026-04-16,1463.43
4429,2215,38,2026-07-28,1367.9
4430,2215,13,2026-03-03,1367.9
4431,2216,34,2026-05-10,1355.36
4432,2216,66,2026-06-15,1355.37
4433,2217,50,2026-01-08,1325.7
4434,2217,2,2026-06-27,1325.71
4435,2218,53,2026-05-16,1922.05
4436,2218,41,2026-01-09,1922.04
4437,2219,53,2026-03-16,734.15
4438,2219,18,2026-02-13,734.16
4439,2220,20,2026-03-09,1738.33
4440,2220,27,2026-03-25,1738.33
4441,2221,67,2026-02-24,1986.28
4442,2221,8,2026-05-04,1986.27
4443,2222,63,2026-05-19,997
4444,2222,33,2026-07-15,997.01
4445,2223,21,2026-02-19,823.41
4446,2223,22,2026-05-04,823.42
4447,2224,14,2026-02-16,1710.92
4448,2224,32,2026-01-12,1710.92
4449,2225,23,2026-03-26,546.06
4450,2225,2,2026-05-16,546.07
4451,2226,49,2026-01-15,1427.61
4452,2226,64,2026-02-10,1427.61
4453,2227,54,2026-02-16,1830.79
4454,2227,68,2026-06-16,1830.79
4455,2228,47,2026-03-12,1011.78
4456,2228,10,2026-01-06,1011.77
4457,2229,19,2026-04-06,1351.55
4458,2229,5,2026-01-08,1351.56
4459,2230,55,2026-07-18,530.06
4460,2230,65,2026-02-10,530.07
4461,2231,34,2026-06-07,642.08
4462,2231,32,2026-07-18,642.08
4463,2232,34,2026-04-23,1948.68
4464,2232,20,2026-07-26,1948.69
4465,2233,21,2026-01-24,575.7
4466,2233,57,2026-05-23,575.7
4467,2234,68,2026-01-04,998.85
4468,2234,12,2026-06-12,998.85
4469,2235,33,2026-06-27,1598.52
4470,2235,7,2026-07-05,1598.53
4471,2236,16,2026-05-14,1184.29
4472,2236,28,2026-05-15,1184.29
4473,2237,52,2026-03-28,1683.61
4474,2237,25,2026-05-27,1683.61
4475,2238,24,2026-02-25,1191.62
4476,2238,46,2026-06-10,1191.62
4477,2239,60,2026-06-10,1170.55
4478,2239,23,2026-02-18,1170.55
4479,2240,7,2026-06-19,1159.59
4480,2240,34,2026-05-26,1159.58
4481,2241,9,2026-07-07,970.51
4482,2241,34,2026-03-04,970.52
4483,2242,47,2026-07-06,445.4
4484,2242,45,2026-03-23,445.39
4485,2243,7,2026-02-28,1799.01
4486,2243,5,2026-02-19,1799
4487,2244,34,2026-05-17,1367.49
4488,2244,58,2026-01-07,1367.49
4489,2245,10,2026-07-17,1096.69
4490,2245,55,2026-02-21,1096.69
4491,2246,37,2026-02-07,1418.73
4492,2246,63,2026-05-15,1418.74
4493,2247,64,2026-06-22,662.09
4494,2247,49,2026-04-05,662.09
4495,2248,42,2026-06-27,609.82
4496,2248,68,2026-06-11,609.82
4497,2249,37,2026-02-01,1794.35
4498,2249,15,2026-01-28,1794.34
4499,2250,10,2026-01-17,1061.17
4500,2250,39,2026-07-04,1061.17
4501,2251,42,2026-02-15,1845.02
4502,2251,16,2026-04-26,1845.02
4503,2252,28,2026-06-21,448.49
4504,2252,41,2026-02-05,448.49
4505,2253,21,2026-01-21,1042.89
4506,2253,27,2026-02-06,1042.9
4507,2254,45,2026-02-16,1214.62
4508,2254,29,2026-04-16,1214.61
4509,2255,5,2026-03-14,1338.61
4510,2255,14,2026-03-12,1338.62
4511,2256,1,2026-02-05,1175.15
4512,2256,37,2026-03-01,1175.15
4513,2257,61,2026-04-26,1233.9
4514,2257,16,2026-03-03,1233.9
4515,2258,60,2026-04-25,1372.89
4516,2258,27,2026-05-24,1372.88
4517,2259,52,2026-07-16,1438.05
4518,2259,5,2026-06-27,1438.05
4519,2260,26,2026-03-25,586.09
4520,2260,44,2026-04-03,586.09
4521,2261,55,2026-03-21,927.12
4522,2261,39,2026-02-19,927.12
4523,2262,25,2026-05-03,1512.91
4524,2262,28,2026-04-15,1512.92
4525,2263,64,2026-02-21,626.8
4526,2263,28,2026-04-26,626.79
4527,2264,25,2026-06-07,1223.94
4528,2264,33,2026-07-20,1223.94
4529,2265,42,2026-06-21,807.94
4530,2265,62,2026-01-16,807.93
4531,2266,59,2026-03-12,1907.61
4532,2266,16,2026-03-13,1907.6
4533,2267,18,2026-03-23,1723.64
4534,2267,23,2026-01-22,1723.63
4535,2268,54,2026-03-13,1383.83
4536,2268,20,2026-04-13,1383.84
4537,2269,40,2026-06-17,1411.83
4538,2269,21,2026-06-20,1411.84
4539,2270,14,2026-02-01,1423.2
4540,2270,44,2026-03-07,1423.2
4541,2271,24,2026-03-13,1950.91
4542,2271,11,2026-05-07,1950.9
4543,2272,46,2026-02-17,1303.74
4544,2272,46,2026-01-13,1303.74
4545,2273,35,2026-05-25,1383.41
4546,2273,63,2026-07-15,1383.41
4547,2274,5,2026-07-25,1793.17
4548,2274,25,2026-06-27,1793.17
4549,2275,39,2026-04-20,1935.24
4550,2275,9,2026-03-15,1935.25
4551,2276,51,2026-07-24,1792.56
4552,2276,48,2026-07-22,1792.56
4553,2277,21,2026-07-19,554.82
4554,2277,59,2026-05-27,554.82
4555,2278,35,2026-02-07,1944.24
4556,2278,66,2026-01-23,1944.25
4557,2279,52,2026-07-09,1362.33
4558,2279,16,2026-01-17,1362.34
4559,2280,56,2026-07-22,840.93
4560,2280,55,2026-04-26,840.93
4561,2281,59,2026-04-05,1816.92
4562,2281,65,2026-01-08,1816.91
4563,2282,37,2026-01-10,1139
4564,2282,69,2026-07-15,1139.01
4565,2283,48,2026-04-04,869.25
4566,2283,24,2026-06-21,869.24
4567,2284,15,2026-03-14,717.96
4568,2284,29,2026-01-26,717.96
4569,2285,51,2026-03-05,1973.21
4570,2285,53,2026-07-02,1973.21
4571,2286,51,2026-04-14,1118.16
4572,2286,35,2026-01-28,1118.16
4573,2287,39,2026-07-28,1796.27
4574,2287,60,2026-05-25,1796.26
4575,2288,18,2026-04-01,1503.64
4576,2288,21,2026-02-14,1503.63
4577,2289,58,2026-07-16,1758.04
4578,2289,69,2026-06-17,1758.05
4579,2290,48,2026-02-09,1163.51
4580,2290,38,2026-05-21,1163.5
4581,2291,39,2026-01-20,1734.73
4582,2291,17,2026-02-10,1734.73
4583,2292,36,2026-06-17,735.59
4584,2292,69,2026-06-07,735.59
4585,2293,22,2026-02-23,995.07
4586,2293,51,2026-03-10,995.08
4587,2294,53,2026-04-11,1409.96
4588,2294,53,2026-05-05,1409.96
4589,2295,30,2026-06-08,1462.23
4590,2295,10,2026-06-08,1462.23
4591,2296,56,2026-07-18,1567.35
4592,2296,13,2026-01-09,1567.35
4593,2297,52,2026-04-24,1838.01
4594,2297,30,2026-06-02,1838.01
4595,2298,21,2026-01-12,481.31
4596,2298,8,2026-03-13,481.31
4597,2299,55,2026-07-04,1454.09
4598,2299,17,2026-07-25,1454.1
4599,2300,63,2026-06-24,944.39
4600,2300,52,2026-01-08,944.4
4601,2301,35,2026-03-21,1557.2
4602,2301,20,2026-07-18,1557.21
4603,2302,3,2026-05-08,1522.06
4604,2302,51,2026-05-22,1522.06
4605,2303,12,2026-07-10,738.08
4606,2303,63,2026-03-05,738.09
4607,2304,57,2026-01-05,1837.6
4608,2304,43,2026-05-21,1837.6
4609,2305,67,2026-07-06,947.32
4610,2305,43,2026-03-05,947.33
4611,2306,21,2026-04-20,1449.09
4612,2306,59,2026-02-01,1449.1
4613,2307,46,2026-07-14,1247.04
4614,2307,6,2026-04-13,1247.04
4615,2308,48,2026-06-05,1698.08
4616,2308,58,2026-03-15,1698.08
4617,2309,18,2026-05-15,823
4618,2309,54,2026-07-24,823.01
4619,2310,65,2026-05-04,1690.68
4620,2310,45,2026-05-07,1690.67
4621,2311,8,2026-03-15,1656.42
4622,2311,35,2026-07-11,1656.41
4623,2312,51,2026-02-25,1341.25
4624,2312,22,2026-02-05,1341.25
4625,2313,3,2026-05-19,1778.99
4626,2313,28,2026-06-13,1778.98
4627,2314,61,2026-07-02,1460.83
4628,2314,19,2026-01-12,1460.84
4629,2315,22,2026-06-09,1171.02
4630,2315,14,2026-07-03,1171.02
4631,2316,55,2026-04-25,780.49
4632,2316,51,2026-02-04,780.5
4633,2317,8,2026-07-18,1508.79
4634,2317,16,2026-01-28,1508.79
4635,2318,29,2026-07-12,839.27
4636,2318,44,2026-03-04,839.28
4637,2319,10,2026-01-01,981.59
4638,2319,14,2026-04-08,981.59
4639,2320,22,2026-07-25,1104.41
4640,2320,8,2026-01-18,1104.42
4641,2321,54,2026-02-23,1373.36
4642,2321,65,2026-03-08,1373.37
4643,2322,21,2026-04-26,941.97
4644,2322,58,2026-06-07,941.98
4645,2323,26,2026-06-18,1865.86
4646,2323,18,2026-03-24,1865.85
4647,2324,23,2026-03-04,1422.52
4648,2324,30,2026-03-27,1422.52
4649,2325,32,2026-02-24,1083.21
4650,2325,45,2026-05-10,1083.21
4651,2326,37,2026-06-16,955.07
4652,2326,58,2026-02-03,955.06
4653,2327,6,2026-06-01,873.12
4654,2327,32,2026-06-01,873.12
4655,2328,21,2026-07-09,1070.16
4656,2328,44,2026-01-19,1070.17
4657,2329,35,2026-03-15,835.03
4658,2329,55,2026-02-23,835.03
4659,2330,18,2026-03-25,534.8
4660,2330,63,2026-04-21,534.8
4661,2331,31,2026-04-16,1115.43
4662,2331,52,2026-07-23,1115.43
4663,2332,40,2026-01-22,632.8
4664,2332,2,2026-04-01,632.79
4665,2333,23,2026-03-02,988.86
4666,2333,31,2026-02-02,988.86
4667,2334,2,2026-07-28,617.49
4668,2334,61,2026-06-27,617.49
4669,2335,44,2026-07-20,814.43
4670,2335,31,2026-04-10,814.43
4671,2336,40,2026-04-02,423.64
4672,2336,45,2026-02-25,423.63
4673,2337,33,2026-06-22,1839.59
4674,2337,45,2026-07-19,1839.6
4675,2338,41,2026-07-09,994.42
4676,2338,65,2026-05-04,994.43
4677,2339,11,2026-02-24,1927.17
4678,2339,59,2026-04-11,1927.17
4679,2340,9,2026-01-04,816.55
4680,2340,65,2026-02-21,816.56
4681,2341,64,2026-01-02,403.79
4682,2341,39,2026-01-08,403.79
4683,2342,61,2026-03-20,544.8
4684,2342,31,2026-01-05,544.8
4685,2343,20,2026-06-08,1913.59
4686,2343,48,2026-07-22,1913.58
4687,2344,50,2026-02-03,974.08
4688,2344,69,2026-07-21,974.08
4689,2345,58,2026-03-19,683.93
4690,2345,27,2026-02-01,683.93
4691,2346,37,2026-05-10,1614.67
4692,2346,41,2026-05-11,1614.68
4693,2347,35,2026-01-08,1646.89
4694,2347,58,2026-06-04,1646.9
4695,2348,14,2026-03-08,1656.52
4696,2348,61,2026-01-28,1656.52
4697,2349,2,2026-05-16,1404.27
4698,2349,68,2026-03-09,1404.27
4699,2350,21,2026-06-11,865.94
4700,2350,2,2026-01-23,865.95
4701,2351,33,2026-02-25,1865.68
4702,2351,62,2026-04-08,1865.68
4703,2352,59,2026-04-03,1448.48
4704,2352,39,2026-05-17,1448.47
4705,2353,30,2026-04-19,1331.43
4706,2353,4,2026-04-16,1331.44
4707,2354,66,2026-01-02,567.19
4708,2354,19,2026-01-02,567.18
4709,2355,37,2026-05-13,1915.95
4710,2355,7,2026-05-09,1915.95
4711,2356,40,2026-05-07,1399.05
4712,2356,19,2026-02-04,1399.04
4713,2357,55,2026-07-23,633.45
4714,2357,22,2026-06-19,633.46
4715,2358,25,2026-04-20,1130.6
4716,2358,8,2026-06-11,1130.6
4717,2359,7,2026-06-24,1391.72
4718,2359,42,2026-07-06,1391.73
4719,2360,18,2026-04-03,1625.45
4720,2360,65,2026-07-01,1625.45
4721,2361,28,2026-06-24,485.08
4722,2361,45,2026-03-22,485.07
4723,2362,60,2026-01-04,1801.39
4724,2362,11,2026-01-18,1801.39
4725,2363,38,2026-04-27,1506.9
4726,2363,20,2026-03-09,1506.9
4727,2364,58,2026-07-24,1174.86
4728,2364,7,2026-04-07,1174.86
4729,2365,57,2026-03-25,1797.59
4730,2365,49,2026-02-07,1797.59
4731,2366,53,2026-04-20,1222.25
4732,2366,66,2026-01-03,1222.24
4733,2367,4,2026-04-16,1665.64
4734,2367,57,2026-07-19,1665.63
4735,2368,64,2026-04-02,1587.01
4736,2368,60,2026-07-25,1587.01
4737,2369,18,2026-02-06,1590.61
4738,2369,58,2026-05-04,1590.6
4739,2370,20,2026-03-22,479.19
4740,2370,18,2026-01-03,479.18
4741,2371,37,2026-04-15,535.83
4742,2371,65,2026-05-18,535.83
4743,2372,1,2026-02-19,1627.48
4744,2372,36,2026-07-19,1627.49
4745,2373,44,2026-05-07,526.11
4746,2373,59,2026-01-17,526.1
4747,2374,14,2026-03-18,875.79
4748,2374,64,2026-05-25,875.79
4749,2375,54,2026-02-27,1609.38
4750,2375,17,2026-07-08,1609.38
4751,2376,24,2026-03-06,927.07
4752,2376,37,2026-05-03,927.07
4753,2377,68,2026-01-15,826.86
4754,2377,11,2026-03-28,826.87
4755,2378,42,2026-06-28,1189.36
4756,2378,2,2026-02-15,1189.36
4757,2379,9,2026-02-24,1676.22
4758,2379,56,2026-05-26,1676.21
4759,2380,47,2026-04-22,1919.02
4760,2380,23,2026-06-22,1919.02
4761,2381,15,2026-02-16,432.19
4762,2381,28,2026-04-15,432.19
4763,2382,47,2026-03-16,1514.59
4764,2382,11,2026-04-21,1514.58
4765,2383,6,2026-07-10,810.11
4766,2383,36,2026-04-23,810.11
4767,2384,15,2026-02-14,779.05
4768,2384,27,2026-03-27,779.06
4769,2385,7,2026-04-14,711.58
4770,2385,19,2026-01-23,711.57
4771,2386,59,2026-01-12,1799.82
4772,2386,3,2026-04-27,1799.82
4773,2387,47,2026-03-09,1160.62
4774,2387,18,2026-06-02,1160.63
4775,2388,29,2026-01-24,555.99
4776,2388,49,2026-01-16,555.99
4777,2389,39,2026-07-03,1491.36
4778,2389,18,2026-07-05,1491.35
4779,2390,40,2026-07-27,421.34
4780,2390,27,2026-07-11,421.33
4781,2391,25,2026-01-20,1208.75
4782,2391,46,2026-06-06,1208.75
4783,2392,43,2026-05-12,1392.29
4784,2392,22,2026-04-08,1392.29
4785,2393,33,2026-01-27,1706.03
4786,2393,5,2026-01-13,1706.02
4787,2394,65,2026-06-27,1032.86
4788,2394,56,2026-06-24,1032.87
4789,2395,17,2026-01-23,603.88
4790,2395,67,2026-03-08,603.88
4791,2396,25,2026-05-02,720.15
4792,2396,17,2026-04-20,720.15
4793,2397,37,2026-03-11,1695.51
4794,2397,11,2026-06-24,1695.51
4795,2398,13,2026-06-17,1080.76
4796,2398,5,2026-03-11,1080.76
4797,2399,48,2026-05-05,636.68
4798,2399,3,2026-06-24,636.69
4799,2400,63,2026-03-20,566.4
4800,2400,57,2026-01-25,566.4
4801,2401,51,2026-04-23,928.46
4802,2401,23,2026-07-04,928.46
4803,2402,40,2026-05-25,929.33
4804,2402,45,2026-01-20,929.32
4805,2403,6,2026-02-24,565.47
4806,2403,63,2026-07-27,565.46
4807,2404,29,2026-01-09,622.53
4808,2404,51,2026-05-01,622.52
4809,2405,55,2026-01-05,645.58
4810,2405,60,2026-06-07,645.59
4811,2406,16,2026-03-06,644.14
4812,2406,28,2026-01-19,644.13
4813,2407,2,2026-01-22,835.48
4814,2407,18,2026-02-08,835.48
4815,2408,5,2026-05-15,754.18
4816,2408,51,2026-05-11,754.19
4817,2409,30,2026-06-15,559.95
4818,2409,51,2026-02-02,559.95
4819,2410,52,2026-05-15,700.9
4820,2410,17,2026-02-07,700.9
4821,2411,63,2026-05-12,745.28
4822,2411,36,2026-06-09,745.28
4823,2412,42,2026-04-03,1014.28
4824,2412,34,2026-01-26,1014.27
4825,2413,29,2026-05-25,1181.55
4826,2413,59,2026-01-04,1181.54
4827,2414,7,2026-06-07,626.68
4828,2414,36,2026-02-24,626.67
4829,2415,69,2026-07-12,882.59
4830,2415,36,2026-01-16,882.59
4831,2416,59,2026-03-28,1963.93
4832,2416,48,2026-04-04,1963.94
4833,2417,30,2026-05-16,1257.15
4834,2417,4,2026-01-02,1257.15
4835,2418,54,2026-04-18,474.91
4836,2418,9,2026-04-10,474.91
4837,2419,50,2026-04-20,1035.76
4838,2419,27,2026-01-06,1035.76
4839,2420,59,2026-05-07,1556.94
4840,2420,4,2026-04-14,1556.95
4841,2421,40,2026-01-14,1429.33
4842,2421,36,2026-02-03,1429.33
4843,2422,67,2026-05-20,1197.27
4844,2422,56,2026-06-26,1197.27
4845,2423,60,2026-07-11,604.31
4846,2423,66,2026-02-13,604.31
4847,2424,14,2026-04-17,1928.26
4848,2424,68,2026-07-25,1928.26
4849,2425,18,2026-02-18,1272.63
4850,2425,41,2026-03-05,1272.64
4851,2426,55,2026-02-14,1393.86
4852,2426,46,2026-06-14,1393.87
4853,2427,25,2026-04-10,1252.98
4854,2427,34,2026-07-05,1252.98
4855,2428,4,2026-07-24,1598.18
4856,2428,9,2026-01-05,1598.17
4857,2429,25,2026-05-21,1187.71
4858,2429,3,2026-06-05,1187.71
4859,2430,46,2026-05-26,1341.6
4860,2430,33,2026-03-27,1341.59
4861,2431,49,2026-05-17,1374.84
4862,2431,58,2026-02-17,1374.84
4863,2432,11,2026-05-13,580.4
4864,2432,36,2026-06-21,580.4
4865,2433,51,2026-01-27,1007.99
4866,2433,32,2026-02-03,1008
4867,2434,49,2026-05-03,1084.04
4868,2434,24,2026-01-01,1084.04
4869,2435,54,2026-07-13,1500.43
4870,2435,67,2026-01-13,1500.44
4871,2436,62,2026-04-11,1908.9
4872,2436,27,2026-02-08,1908.9
4873,2437,8,2026-06-22,1294.33
4874,2437,8,2026-04-27,1294.33
4875,2438,61,2026-06-05,1907.93
4876,2438,63,2026-03-10,1907.93
4877,2439,43,2026-04-01,730.58
4878,2439,12,2026-04-22,730.58
4879,2440,44,2026-05-25,1686
4880,2440,7,2026-02-24,1686
4881,2441,27,2026-06-25,1217.94
4882,2441,44,2026-06-18,1217.94
4883,2442,59,2026-03-28,1187.63
4884,2442,53,2026-04-26,1187.63
4885,2443,61,2026-02-27,1936.73
4886,2443,8,2026-03-11,1936.74
4887,2444,36,2026-02-04,1768.56
4888,2444,20,2026-06-04,1768.56
4889,2445,52,2026-04-18,1411.26
4890,2445,61,2026-07-19,1411.26
4891,2446,29,2026-01-18,1737.48
4892,2446,66,2026-07-14,1737.48
4893,2447,28,2026-03-15,632.22
4894,2447,37,2026-04-22,632.21
4895,2448,59,2026-07-23,1894.54
4896,2448,19,2026-03-13,1894.54
4897,2449,61,2026-05-27,1829.95
4898,2449,69,2026-01-25,1829.95
4899,2450,28,2026-07-19,1421.79
4900,2450,30,2026-03-01,1421.79
4901,2451,59,2026-01-22,1577.2
4902,2451,52,2026-05-21,1577.2
4903,2452,52,2026-05-23,895.79
4904,2452,25,2026-07-26,895.79
4905,2453,17,2026-05-09,1761.88
4906,2453,57,2026-05-01,1761.87
4907,2454,57,2026-02-03,1276.58
4908,2454,8,2026-07-16,1276.57
4909,2455,39,2026-06-25,681.56
4910,2455,12,2026-05-09,681.56
4911,2456,56,2026-02-12,1747.86
4912,2456,8,2026-02-03,1747.86
4913,2457,12,2026-04-13,1400.52
4914,2457,61,2026-01-19,1400.52
4915,2458,15,2026-06-12,1443.01
4916,2458,56,2026-05-15,1443.01
4917,2459,42,2026-05-23,668.14
4918,2459,3,2026-04-15,668.14
4919,2460,66,2026-02-09,1607.31
4920,2460,69,2026-07-02,1607.32
4921,2461,19,2026-05-10,1468.26
4922,2461,16,2026-07-25,1468.25
4923,2462,33,2026-01-20,908.45
4924,2462,37,2026-03-07,908.45
4925,2463,49,2026-03-03,1543.65
4926,2463,55,2026-04-11,1543.66
4927,2464,8,2026-01-23,1805.21
4928,2464,23,2026-05-11,1805.21
4929,2465,54,2026-07-24,1184.84
4930,2465,61,2026-05-14,1184.85
4931,2466,62,2026-04-18,1137.13
4932,2466,25,2026-05-08,1137.13
4933,2467,20,2026-01-12,1077.75
4934,2467,16,2026-04-20,1077.75
4935,2468,42,2026-05-03,1386.58
4936,2468,62,2026-01-15,1386.58
4937,2469,47,2026-03-26,508.05
4938,2469,28,2026-07-17,508.05
4939,2470,62,2026-01-24,1883.52
4940,2470,31,2026-04-21,1883.53
4941,2471,43,2026-06-16,908.86
4942,2471,16,2026-02-14,908.87
4943,2472,7,2026-05-24,1059.19
4944,2472,69,2026-02-24,1059.2
4945,2473,62,2026-04-12,785.31
4946,2473,33,2026-04-11,785.32
4947,2474,22,2026-07-19,950.51
4948,2474,11,2026-04-16,950.52
4949,2475,22,2026-05-24,1880.44
4950,2475,30,2026-06-24,1880.44
4951,2476,44,2026-01-21,1856.25
4952,2476,20,2026-04-17,1856.26
4953,2477,36,2026-07-22,1687.28
4954,2477,32,2026-05-09,1687.28
4955,2478,64,2026-01-16,968.21
4956,2478,38,2026-06-13,968.21
4957,2479,55,2026-07-21,1615.22
4958,2479,9,2026-03-24,1615.23
4959,2480,36,2026-05-26,1657.8
4960,2480,58,2026-06-25,1657.79
4961,2481,50,2026-01-23,1104.67
4962,2481,35,2026-07-02,1104.66
4963,2482,57,2026-05-14,1262.92
4964,2482,31,2026-06-19,1262.93
4965,2483,64,2026-05-06,1492.74
4966,2483,51,2026-04-10,1492.73
4967,2484,48,2026-02-27,450.5
4968,2484,33,2026-01-27,450.51
4969,2485,5,2026-05-27,1147.5
4970,2485,5,2026-04-13,1147.5
4971,2486,51,2026-04-07,1719.63
4972,2486,62,2026-01-08,1719.63
4973,2487,30,2026-07-12,905.66
4974,2487,42,2026-05-11,905.67
4975,2488,62,2026-06-03,1083.06
4976,2488,50,2026-04-02,1083.05
4977,2489,12,2026-02-09,554.17
4978,2489,48,2026-05-11,554.17
4979,2490,17,2026-01-03,1736.18
4980,2490,58,2026-03-18,1736.19
4981,2491,38,2026-05-13,1188.78
4982,2491,66,2026-06-05,1188.78
4983,2492,69,2026-01-20,756.44
4984,2492,8,2026-05-26,756.44
4985,2493,65,2026-02-05,1039.43
4986,2493,44,2026-02-27,1039.42
4987,2494,8,2026-07-07,647.4
4988,2494,7,2026-07-15,647.4
4989,2495,52,2026-06-24,604.61
4990,2495,10,2026-03-24,604.6
4991,2496,23,2026-03-11,1092.37
4992,2496,27,2026-03-10,1092.37
4993,2497,13,2026-06-23,748.51
4994,2497,19,2026-04-03,748.5
4995,2498,55,2026-06-14,499.88
4996,2498,56,2026-05-06,499.89
4997,2499,27,2026-03-17,457.17
4998,2499,49,2026-07-10,457.17
4999,2500,50,2026-01-28,1311.11
5000,2500,45,2026-03-17,1311.11
5001,2501,50,2026-06-17,1685.17
5002,2501,27,2026-03-18,1685.18
5003,2502,48,2026-07-01,836.83
5004,2502,41,2026-05-22,836.83
5005,2503,67,2026-03-06,904.22
5006,2503,3,2026-04-25,904.21
5007,2504,60,2026-01-06,854.22
5008,2504,39,2026-07-13,854.22
5009,2505,16,2026-07-06,960.05
5010,2505,41,2026-07-02,960.05
5011,2506,26,2026-03-16,1703.24
5012,2506,29,2026-05-16,1703.24
5013,2507,19,2026-01-27,1082.72
5014,2507,16,2026-02-08,1082.71
5015,2508,55,2026-07-23,491.49
5016,2508,9,2026-01-21,491.49
5017,2509,23,2026-02-02,534.19
5018,2509,5,2026-05-04,534.18
5019,2510,26,2026-07-13,1351.33
5020,2510,65,2026-06-20,1351.32
5021,2511,8,2026-07-12,570.1
5022,2511,34,2026-04-03,570.1
5023,2512,26,2026-01-13,1758.72
5024,2512,40,2026-01-26,1758.71
5025,2513,35,2026-04-15,990.34
5026,2513,15,2026-02-25,990.34
5027,2514,5,2026-04-22,1182.47
5028,2514,6,2026-06-16,1182.46
5029,2515,34,2026-01-12,1152.7
5030,2515,17,2026-05-09,1152.7
5031,2516,46,2026-05-08,572.8
5032,2516,2,2026-04-19,572.79
5033,2517,22,2026-04-24,547.84
5034,2517,36,2026-06-24,547.84
5035,2518,27,2026-04-04,707.91
5036,2518,48,2026-06-19,707.91
5037,2519,24,2026-02-12,1592.48
5038,2519,51,2026-03-22,1592.48
5039,2520,28,2026-03-02,665.58
5040,2520,22,2026-05-12,665.59
5041,2521,46,2026-01-26,455.25
5042,2521,37,2026-05-14,455.24
5043,2522,21,2026-02-20,875.4
5044,2522,8,2026-01-27,875.4
5045,2523,28,2026-07-22,425.52
5046,2523,39,2026-05-11,425.52
5047,2524,10,2026-04-23,1645.21
5048,2524,53,2026-02-18,1645.21
5049,2525,46,2026-07-27,1439.41
5050,2525,24,2026-01-05,1439.41
5051,2526,5,2026-07-01,1216.87
5052,2526,19,2026-06-13,1216.88
5053,2527,61,2026-05-24,1114.82
5054,2527,49,2026-06-17,1114.82
5055,2528,59,2026-04-21,851.79
5056,2528,38,2026-01-21,851.78
5057,2529,60,2026-02-02,1916.52
5058,2529,56,2026-06-18,1916.53
5059,2530,23,2026-06-09,593.42
5060,2530,48,2026-06-06,593.43
5061,2531,49,2026-02-04,902.83
5062,2531,14,2026-05-01,902.84
5063,2532,57,2026-06-13,1741.45
5064,2532,52,2026-02-13,1741.45
5065,2533,8,2026-03-07,1635.79
5066,2533,7,2026-07-04,1635.79
5067,2534,26,2026-01-16,1231.17
5068,2534,37,2026-06-03,1231.16
5069,2535,62,2026-01-27,1209.72
5070,2535,8,2026-07-05,1209.73
5071,2536,50,2026-03-04,784.04
5072,2536,44,2026-06-01,784.04
5073,2537,38,2026-04-05,1189.3
5074,2537,67,2026-01-15,1189.3
5075,2538,30,2026-02-20,1090.02
5076,2538,66,2026-05-14,1090.02
5077,2539,49,2026-06-20,854.34
5078,2539,7,2026-01-27,854.33
5079,2540,64,2026-01-23,1470.19
5080,2540,1,2026-07-23,1470.18
5081,2541,26,2026-03-20,1647.99
5082,2541,46,2026-06-10,1647.99
5083,2542,13,2026-02-01,936.04
5084,2542,58,2026-03-18,936.05
5085,2543,56,2026-06-23,1202.06
5086,2543,30,2026-06-08,1202.05
5087,2544,2,2026-01-17,1241.25
5088,2544,50,2026-01-17,1241.25
5089,2545,1,2026-02-21,1210.12
5090,2545,18,2026-03-21,1210.13
5091,2546,6,2026-07-16,859.8
5092,2546,48,2026-01-16,859.8
5093,2547,50,2026-05-18,824.52
5094,2547,27,2026-01-28,824.53
5095,2548,7,2026-02-25,1836.71
5096,2548,45,2026-03-01,1836.7
5097,2549,54,2026-01-26,1397.41
5098,2549,23,2026-01-09,1397.41
5099,2550,6,2026-05-22,1637.43
5100,2550,20,2026-07-26,1637.44
5101,2551,31,2026-07-20,600.1
5102,2551,24,2026-07-02,600.1
5103,2552,68,2026-01-07,1642.1
5104,2552,23,2026-03-12,1642.1
5105,2553,42,2026-06-08,1014.34
5106,2553,58,2026-06-05,1014.35
5107,2554,6,2026-02-13,500.85
5108,2554,30,2026-05-06,500.84
5109,2555,37,2026-02-20,1728.69
5110,2555,1,2026-03-04,1728.68
5111,2556,51,2026-03-19,463.48
5112,2556,53,2026-03-04,463.47
5113,2557,33,2026-02-24,1793.41
5114,2557,38,2026-05-02,1793.4
5115,2558,44,2026-01-12,1937.5
5116,2558,50,2026-05-02,1937.5
5117,2559,37,2026-02-21,1739.02
5118,2559,56,2026-06-23,1739.02
5119,2560,23,2026-01-02,1834.7
5120,2560,37,2026-02-06,1834.7
5121,2561,11,2026-07-24,967.52
5122,2561,62,2026-05-10,967.52
5123,2562,37,2026-04-26,803.37
5124,2562,51,2026-05-08,803.37
5125,2563,63,2026-01-19,1086.1
5126,2563,18,2026-01-10,1086.09
5127,2564,20,2026-03-16,1178.3
5128,2564,12,2026-06-24,1178.31
5129,2565,50,2026-03-02,1519.33
5130,2565,36,2026-06-11,1519.33
5131,2566,54,2026-07-12,1446.3
5132,2566,38,2026-07-10,1446.29
5133,2567,1,2026-06-21,1980.28
5134,2567,28,2026-04-19,1980.27
5135,2568,21,2026-01-11,1948.19
5136,2568,23,2026-06-02,1948.18
5137,2569,29,2026-02-23,1470.85
5138,2569,27,2026-07-07,1470.86
5139,2570,33,2026-06-18,463.14
5140,2570,52,2026-02-07,463.14
5141,2571,67,2026-06-21,1342.34
5142,2571,32,2026-06-16,1342.35
5143,2572,16,2026-02-01,1524.32
5144,2572,30,2026-04-20,1524.32
5145,2573,10,2026-04-09,1704.92
5146,2573,32,2026-07-27,1704.91
5147,2574,7,2026-06-26,895.3
5148,2574,32,2026-04-02,895.3
5149,2575,39,2026-01-06,695.07
5150,2575,39,2026-04-25,695.07
5151,2576,67,2026-02-10,1781.46
5152,2576,33,2026-05-03,1781.46
5153,2577,15,2026-07-15,1080.46
5154,2577,43,2026-04-25,1080.47
5155,2578,1,2026-04-05,1384.65
5156,2578,7,2026-06-07,1384.64
5157,2579,49,2026-03-15,1519.55
5158,2579,40,2026-07-02,1519.55
5159,2580,28,2026-02-17,1797.02
5160,2580,66,2026-06-20,1797.03
5161,2581,18,2026-03-12,548.27
5162,2581,16,2026-06-16,548.27
5163,2582,30,2026-03-15,440.05
5164,2582,8,2026-01-26,440.06
5165,2583,16,2026-04-21,934.63
5166,2583,54,2026-06-15,934.64
5167,2584,49,2026-05-27,1822.13
5168,2584,46,2026-05-14,1822.13
5169,2585,20,2026-01-15,414.01
5170,2585,26,2026-07-27,414.02
5171,2586,17,2026-07-21,435.32
5172,2586,68,2026-05-21,435.32
5173,2587,65,2026-06-24,958.94
5174,2587,17,2026-06-27,958.94
5175,2588,54,2026-06-28,1360.65
5176,2588,64,2026-07-18,1360.65
5177,2589,52,2026-01-09,758.37
5178,2589,11,2026-05-01,758.37
5179,2590,15,2026-03-08,1864.26
5180,2590,51,2026-02-07,1864.25
5181,2591,16,2026-05-26,1787.65
5182,2591,35,2026-03-05,1787.66
5183,2592,6,2026-07-09,1814.26
5184,2592,11,2026-04-16,1814.26
5185,2593,56,2026-07-17,1874.46
5186,2593,51,2026-02-13,1874.47
5187,2594,65,2026-02-04,1072.35
5188,2594,59,2026-02-12,1072.36
5189,2595,37,2026-05-22,1948.59
5190,2595,60,2026-06-14,1948.59
5191,2596,21,2026-01-07,1690.27
5192,2596,2,2026-03-16,1690.28
5193,2597,54,2026-01-26,929.29
5194,2597,43,2026-02-23,929.3
5195,2598,2,2026-01-28,580.89
5196,2598,63,2026-07-18,580.9
5197,2599,26,2026-01-09,1139.55
5198,2599,57,2026-01-22,1139.56
5199,2600,50,2026-05-20,695.43
5200,2600,33,2026-06-27,695.44
5201,2601,13,2026-05-05,1501.92
5202,2601,56,2026-04-22,1501.93
5203,2602,48,2026-02-09,1928.36
5204,2602,5,2026-05-09,1928.36
5205,2603,24,2026-02-22,763.12
5206,2603,60,2026-02-22,763.12
5207,2604,10,2026-06-06,1949.59
5208,2604,39,2026-05-10,1949.59
5209,2605,2,2026-01-24,528.28
5210,2605,29,2026-05-18,528.29
5211,2606,59,2026-05-27,706.88
5212,2606,35,2026-07-23,706.89
5213,2607,23,2026-05-28,985.47
5214,2607,37,2026-06-11,985.47
5215,2608,11,2026-03-01,452.44
5216,2608,7,2026-06-02,452.43
5217,2609,47,2026-07-27,1031.73
5218,2609,35,2026-03-19,1031.73
5219,2610,54,2026-03-27,774.39
5220,2610,12,2026-06-22,774.39
5221,2611,38,2026-05-27,601.57
5222,2611,14,2026-03-13,601.58
5223,2612,4,2026-05-13,1282.27
5224,2612,11,2026-01-24,1282.27
5225,2613,5,2026-03-27,1021.02
5226,2613,61,2026-04-16,1021.03
5227,2614,65,2026-03-17,1493.9
5228,2614,48,2026-01-10,1493.9
5229,2615,25,2026-07-28,1158.04
5230,2615,21,2026-02-23,1158.05
5231,2616,25,2026-01-13,1480.49
5232,2616,21,2026-05-25,1480.48
5233,2617,28,2026-07-25,698.33
5234,2617,24,2026-05-20,698.33
5235,2618,49,2026-04-20,1309.62
5236,2618,9,2026-07-10,1309.62
5237,2619,1,2026-06-08,1603.57
5238,2619,31,2026-04-10,1603.56
5239,2620,69,2026-05-22,1110.27
5240,2620,62,2026-03-20,1110.27
5241,2621,64,2026-04-04,450.4
5242,2621,39,2026-06-07,450.39
5243,2622,3,2026-07-08,1322.2
5244,2622,68,2026-03-04,1322.19
5245,2623,53,2026-03-05,990.74
5246,2623,24,2026-03-09,990.73
5247,2624,29,2026-01-28,1819.35
5248,2624,37,2026-02-01,1819.34
5249,2625,38,2026-03-03,727.24
5250,2625,25,2026-02-25,727.25
5251,2626,9,2026-04-25,1631.32
5252,2626,1,2026-04-26,1631.32
5253,2627,55,2026-01-25,609.03
5254,2627,18,2026-06-05,609.02
5255,2628,6,2026-03-01,802.02
5256,2628,21,2026-04-21,802.02
5257,2629,35,2026-03-20,976.16
5258,2629,58,2026-04-24,976.17
5259,2630,9,2026-04-02,1233.07
5260,2630,8,2026-05-07,1233.07
5261,2631,42,2026-05-03,1063.2
5262,2631,18,2026-05-01,1063.21
5263,2632,63,2026-06-14,422.55
5264,2632,33,2026-06-05,422.55
5265,2633,1,2026-05-18,1364.56
5266,2633,37,2026-06-10,1364.56
5267,2634,37,2026-03-14,1842.07
5268,2634,59,2026-01-22,1842.07
5269,2635,26,2026-01-03,1082.68
5270,2635,66,2026-04-24,1082.69
5271,2636,48,2026-05-04,744.84
5272,2636,64,2026-04-11,744.85
5273,2637,20,2026-03-25,1976.45
5274,2637,45,2026-03-25,1976.44
5275,2638,26,2026-01-23,1321.34
5276,2638,47,2026-05-18,1321.34
5277,2639,33,2026-07-14,1401.76
5278,2639,39,2026-06-16,1401.77
5279,2640,42,2026-02-19,1032.13
5280,2640,16,2026-02-15,1032.12
5281,2641,60,2026-01-24,541.9
5282,2641,8,2026-01-20,541.9
5283,2642,51,2026-05-03,1488.81
5284,2642,44,2026-05-09,1488.82
5285,2643,67,2026-07-13,1045.85
5286,2643,3,2026-05-27,1045.84
5287,2644,52,2026-06-13,1949.1
5288,2644,31,2026-07-11,1949.1
5289,2645,56,2026-02-07,911.05
5290,2645,7,2026-02-26,911.05
5291,2646,24,2026-04-18,691.34
5292,2646,12,2026-06-11,691.34
5293,2647,9,2026-04-27,1054.4
5294,2647,53,2026-03-25,1054.39
5295,2648,64,2026-04-26,734.36
5296,2648,65,2026-05-13,734.36
5297,2649,61,2026-01-08,1234.54
5298,2649,61,2026-05-20,1234.54
5299,2650,15,2026-02-26,1808.18
5300,2650,3,2026-03-17,1808.17
5301,2651,58,2026-04-02,1212.3
5302,2651,43,2026-02-11,1212.31
5303,2652,60,2026-06-13,1331.3
5304,2652,12,2026-06-22,1331.29
5305,2653,42,2026-03-07,1861.8
5306,2653,10,2026-02-19,1861.8
5307,2654,42,2026-03-17,644.3
5308,2654,68,2026-05-22,644.3
5309,2655,41,2026-05-02,406.36
5310,2655,56,2026-01-08,406.35
5311,2656,20,2026-04-15,1084.45
5312,2656,19,2026-02-24,1084.45
5313,2657,8,2026-06-21,1418.73
5314,2657,51,2026-07-25,1418.73
5315,2658,22,2026-07-04,945.61
5316,2658,65,2026-01-11,945.62
5317,2659,2,2026-02-10,640.34
5318,2659,52,2026-03-23,640.34
5319,2660,5,2026-03-06,915.3
5320,2660,66,2026-01-04,915.3
5321,2661,40,2026-02-12,1425.97
5322,2661,24,2026-04-23,1425.97
5323,2662,21,2026-01-01,1563.17
5324,2662,47,2026-02-14,1563.16
5325,2663,30,2026-02-11,1384.34
5326,2663,18,2026-07-28,1384.33
5327,2664,33,2026-07-22,1843.28
5328,2664,46,2026-07-12,1843.27
5329,2665,52,2026-01-17,1941.31
5330,2665,10,2026-04-03,1941.31
5331,2666,40,2026-05-28,540.46
5332,2666,66,2026-01-21,540.47
5333,2667,7,2026-07-03,1564.39
5334,2667,44,2026-03-23,1564.4
5335,2668,54,2026-06-20,1935.84
5336,2668,30,2026-01-19,1935.85
5337,2669,1,2026-02-26,1062.32
5338,2669,16,2026-05-10,1062.32
5339,2670,44,2026-07-14,1090.11
5340,2670,38,2026-03-28,1090.11
5341,2671,52,2026-02-06,1741.71
5342,2671,68,2026-07-14,1741.7
5343,2672,6,2026-01-28,1339.21
5344,2672,48,2026-07-24,1339.21
5345,2673,18,2026-05-07,794.06
5346,2673,13,2026-07-26,794.07
5347,2674,47,2026-02-11,852.91
5348,2674,14,2026-02-02,852.9
5349,2675,9,2026-02-14,1461.85
5350,2675,10,2026-02-21,1461.84
5351,2676,35,2026-04-04,1604.23
5352,2676,34,2026-05-28,1604.23
5353,2677,52,2026-02-04,672.06
5354,2677,24,2026-03-11,672.06
5355,2678,38,2026-05-27,818.76
5356,2678,51,2026-07-06,818.75
5357,2679,58,2026-01-22,1237.53
5358,2679,62,2026-07-28,1237.52
5359,2680,4,2026-05-25,575.05
5360,2680,39,2026-04-24,575.05
5361,2681,50,2026-06-06,1627.78
5362,2681,24,2026-06-21,1627.77
5363,2682,17,2026-06-03,1574.51
5364,2682,54,2026-02-26,1574.51
5365,2683,55,2026-03-11,668.22
5366,2683,34,2026-04-24,668.22
5367,2684,68,2026-03-12,603.01
5368,2684,43,2026-04-19,603.01
5369,2685,14,2026-01-17,1211.95
5370,2685,45,2026-07-14,1211.96
5371,2686,36,2026-02-10,522.71
5372,2686,57,2026-04-23,522.71
5373,2687,11,2026-02-11,794.34
5374,2687,26,2026-05-25,794.33
5375,2688,51,2026-03-14,1714.58
5376,2688,10,2026-01-28,1714.59
5377,2689,39,2026-04-04,1880.05
5378,2689,29,2026-07-04,1880.05
5379,2690,57,2026-05-25,588.02
5380,2690,66,2026-04-08,588.03
5381,2691,14,2026-03-03,957.33
5382,2691,19,2026-01-11,957.33
5383,2692,6,2026-05-08,1555.67
5384,2692,14,2026-05-28,1555.67
5385,2693,42,2026-02-24,948.87
5386,2693,67,2026-05-01,948.87
5387,2694,46,2026-02-13,594.3
5388,2694,25,2026-04-25,594.3
5389,2695,50,2026-01-23,422.72
5390,2695,8,2026-03-10,422.71
5391,2696,7,2026-03-05,1943.5
5392,2696,20,2026-03-09,1943.49
5393,2697,17,2026-03-02,1027.84
5394,2697,64,2026-03-19,1027.84
5395,2698,37,2026-06-11,440.99
5396,2698,6,2026-07-02,440.99
5397,2699,66,2026-05-03,1419.49
5398,2699,63,2026-03-16,1419.5
5399,2700,56,2026-02-19,1715.87
5400,2700,6,2026-04-04,1715.87
5401,2701,34,2026-01-02,1950.69
5402,2701,33,2026-05-23,1950.69
5403,2702,7,2026-04-09,1869.27
5404,2702,24,2026-01-09,1869.26
5405,2703,9,2026-07-19,403.76
5406,2703,29,2026-02-07,403.76
5407,2704,23,2026-02-18,1033.04
5408,2704,15,2026-05-05,1033.03
5409,2705,14,2026-02-08,1789.38
5410,2705,34,2026-04-05,1789.38
5411,2706,37,2026-01-24,808.08
5412,2706,69,2026-04-11,808.08
5413,2707,41,2026-04-04,1834.71
5414,2707,29,2026-01-03,1834.7
5415,2708,42,2026-06-20,1731.61
5416,2708,24,2026-07-07,1731.6
5417,2709,59,2026-04-22,531.93
5418,2709,52,2026-04-24,531.93
5419,2710,21,2026-01-05,1244.18
5420,2710,12,2026-04-07,1244.18
5421,2711,19,2026-02-23,1783.44
5422,2711,1,2026-07-02,1783.44
5423,2712,31,2026-02-20,683.91
5424,2712,25,2026-03-14,683.91
5425,2713,17,2026-06-10,1284.19
5426,2713,12,2026-06-17,1284.19
5427,2714,67,2026-04-24,604.22
5428,2714,38,2026-01-03,604.22
5429,2715,33,2026-05-16,1896.31
5430,2715,43,2026-03-14,1896.31
5431,2716,69,2026-04-25,1019.61
5432,2716,7,2026-06-17,1019.61
5433,2717,39,2026-03-12,1271.46
5434,2717,37,2026-01-15,1271.45
5435,2718,52,2026-06-27,667.25
5436,2718,61,2026-05-15,667.25
5437,2719,57,2026-06-16,1041.07
5438,2719,10,2026-02-27,1041.07
5439,2720,22,2026-01-17,1489.96
5440,2720,10,2026-02-12,1489.95
5441,2721,47,2026-03-12,1570.77
5442,2721,26,2026-05-23,1570.76
5443,2722,8,2026-02-18,1720.13
5444,2722,9,2026-06-26,1720.14
5445,2723,5,2026-06-16,1707.72
5446,2723,20,2026-01-16,1707.72
5447,2724,8,2026-05-09,801.03
5448,2724,51,2026-04-14,801.03
5449,2725,53,2026-04-10,1857
5450,2725,37,2026-01-26,1857
5451,2726,19,2026-07-25,1438.13
5452,2726,16,2026-06-10,1438.13
5453,2727,69,2026-07-26,507.93
5454,2727,13,2026-07-19,507.93
5455,2728,29,2026-07-22,1085.22
5456,2728,17,2026-04-06,1085.22
5457,2729,16,2026-05-21,1157.59
5458,2729,57,2026-05-13,1157.58
5459,2730,63,2026-05-17,1470.91
5460,2730,10,2026-06-13,1470.91
5461,2731,1,2026-01-27,1669.31
5462,2731,63,2026-02-05,1669.31
5463,2732,39,2026-07-01,1202.23
5464,2732,69,2026-03-26,1202.23
5465,2733,45,2026-04-28,1000.41
5466,2733,22,2026-02-25,1000.4
5467,2734,25,2026-01-22,495.71
5468,2734,13,2026-06-02,495.7
5469,2735,49,2026-02-24,1642.24
5470,2735,66,2026-07-03,1642.24
5471,2736,28,2026-02-04,1207.52
5472,2736,15,2026-02-06,1207.53
5473,2737,23,2026-07-18,1849.87
5474,2737,54,2026-01-16,1849.86
5475,2738,34,2026-04-01,1557.34
5476,2738,21,2026-03-07,1557.35
5477,2739,4,2026-06-03,776.83
5478,2739,55,2026-03-15,776.83
5479,2740,43,2026-01-18,1459.67
5480,2740,32,2026-07-27,1459.68
5481,2741,58,2026-03-17,1643.35
5482,2741,68,2026-04-23,1643.35
5483,2742,69,2026-01-04,1596.73
5484,2742,14,2026-05-21,1596.73
5485,2743,23,2026-01-21,534.32
5486,2743,12,2026-05-08,534.33
5487,2744,32,2026-04-04,536.02
5488,2744,62,2026-01-22,536.02
5489,2745,58,2026-04-19,1577.72
5490,2745,14,2026-07-28,1577.73
5491,2746,46,2026-06-02,688.15
5492,2746,33,2026-02-18,688.15
5493,2747,18,2026-06-17,1516.32
5494,2747,37,2026-07-13,1516.33
5495,2748,53,2026-05-03,1363.65
5496,2748,14,2026-03-13,1363.64
5497,2749,57,2026-06-28,1922.14
5498,2749,4,2026-04-03,1922.14
5499,2750,28,2026-05-21,1879.65
5500,2750,28,2026-01-20,1879.65
5501,2751,45,2026-01-08,1093.11
5502,2751,13,2026-03-14,1093.12
5503,2752,5,2026-05-19,1208.32
5504,2752,25,2026-02-09,1208.33
5505,2753,26,2026-06-26,1179.86
5506,2753,37,2026-04-22,1179.86
5507,2754,34,2026-03-25,466.79
5508,2754,32,2026-07-16,466.79
5509,2755,7,2026-05-23,1366.74
5510,2755,1,2026-03-14,1366.74
5511,2756,66,2026-06-27,820.62
5512,2756,64,2026-01-14,820.62
5513,2757,21,2026-01-23,613.64
5514,2757,2,2026-06-24,613.64
5515,2758,63,2026-05-03,1640.38
5516,2758,34,2026-02-26,1640.38
5517,2759,37,2026-07-10,432.6
5518,2759,9,2026-03-09,432.61
5519,2760,51,2026-01-02,812.52
5520,2760,63,2026-03-12,812.52
5521,2761,11,2026-06-02,1635.04
5522,2761,2,2026-01-27,1635.05
5523,2762,10,2026-05-11,818.1
5524,2762,69,2026-01-09,818.11
5525,2763,4,2026-05-01,485.98
5526,2763,43,2026-07-19,485.98
5527,2764,3,2026-05-10,760.92
5528,2764,9,2026-06-12,760.91
5529,2765,17,2026-05-24,1825.31
5530,2765,1,2026-04-05,1825.32
5531,2766,27,2026-06-23,589.38
5532,2766,37,2026-04-25,589.38
5533,2767,56,2026-03-07,640.34
5534,2767,10,2026-05-28,640.34
5535,2768,19,2026-01-22,823.65
5536,2768,52,2026-07-08,823.64
5537,2769,6,2026-04-27,1187.05
5538,2769,10,2026-05-07,1187.06
5539,2770,51,2026-01-06,1890.92
5540,2770,41,2026-01-04,1890.91
5541,2771,10,2026-06-20,908.63
5542,2771,53,2026-07-03,908.62
5543,2772,15,2026-06-08,1498.93
5544,2772,33,2026-03-02,1498.92
5545,2773,67,2026-06-23,1106.81
5546,2773,42,2026-01-23,1106.81
5547,2774,3,2026-06-22,1111.93
5548,2774,35,2026-04-01,1111.93
5549,2775,10,2026-02-02,1268.22
5550,2775,58,2026-03-16,1268.23
5551,2776,66,2026-04-19,423.71
5552,2776,28,2026-07-27,423.7
5553,2777,67,2026-02-19,1316.16
5554,2777,51,2026-02-03,1316.17
5555,2778,10,2026-05-01,436.63
5556,2778,18,2026-04-13,436.62
5557,2779,33,2026-05-17,1879.81
5558,2779,62,2026-01-20,1879.82
5559,2780,43,2026-03-21,771.87
5560,2780,33,2026-01-06,771.87
5561,2781,55,2026-04-25,1965.4
5562,2781,68,2026-01-04,1965.41
5563,2782,40,2026-02-06,515.42
5564,2782,55,2026-03-02,515.42
5565,2783,47,2026-02-18,722.32
5566,2783,46,2026-03-08,722.32
5567,2784,27,2026-01-26,1890.59
5568,2784,64,2026-01-03,1890.59
5569,2785,23,2026-03-04,1596.84
5570,2785,25,2026-04-28,1596.84
5571,2786,10,2026-01-17,881.25
5572,2786,39,2026-04-16,881.25
5573,2787,37,2026-03-04,704.77
5574,2787,12,2026-07-20,704.76
5575,2788,51,2026-07-13,1856.54
5576,2788,17,2026-02-15,1856.54
5577,2789,7,2026-02-06,1079.17
5578,2789,56,2026-07-27,1079.17
5579,2790,60,2026-07-13,1787.51
5580,2790,8,2026-02-22,1787.52
5581,2791,68,2026-03-15,1440.16
5582,2791,7,2026-02-07,1440.16
5583,2792,63,2026-01-22,536.19
5584,2792,23,2026-04-18,536.19
5585,2793,41,2026-03-23,1391.29
5586,2793,46,2026-03-07,1391.28
5587,2794,65,2026-02-02,695.58
5588,2794,57,2026-02-09,695.58
5589,2795,63,2026-04-23,1384.28
5590,2795,55,2026-05-04,1384.29
5591,2796,55,2026-02-02,940.59
5592,2796,68,2026-02-11,940.6
5593,2797,24,2026-04-12,1741.41
5594,2797,36,2026-02-26,1741.41
5595,2798,12,2026-05-19,1661.65
5596,2798,9,2026-04-27,1661.65
5597,2799,27,2026-03-20,1013.69
5598,2799,4,2026-07-10,1013.68
5599,2800,40,2026-06-10,636.89
5600,2800,69,2026-06-27,636.89
5601,2801,4,2026-07-03,498
5602,2801,29,2026-04-18,498.01
5603,2802,52,2026-03-18,1289
5604,2802,56,2026-07-24,1289
5605,2803,32,2026-02-21,934.47
5606,2803,8,2026-01-24,934.48
5607,2804,53,2026-01-19,1064.58
5608,2804,4,2026-07-07,1064.57
5609,2805,64,2026-02-09,608.69
5610,2805,27,2026-02-08,608.68
5611,2806,61,2026-04-21,1490.88
5612,2806,54,2026-01-19,1490.87
5613,2807,15,2026-01-21,1725.98
5614,2807,54,2026-05-13,1725.98
5615,2808,47,2026-05-07,1324.26
5616,2808,63,2026-03-03,1324.27
5617,2809,19,2026-05-09,726.86
5618,2809,30,2026-07-05,726.86
5619,2810,27,2026-05-10,1701.32
5620,2810,5,2026-06-27,1701.32
5621,2811,33,2026-07-25,1735.64
5622,2811,9,2026-05-27,1735.64
5623,2812,18,2026-05-23,738.84
5624,2812,1,2026-02-03,738.84
5625,2813,15,2026-06-13,890.35
5626,2813,20,2026-06-10,890.36
5627,2814,67,2026-02-10,875.61
5628,2814,14,2026-04-25,875.6
5629,2815,47,2026-05-27,931.56
5630,2815,29,2026-04-18,931.55
5631,2816,43,2026-03-05,1340.34
5632,2816,3,2026-03-12,1340.33
5633,2817,64,2026-03-07,1077.17
5634,2817,50,2026-01-19,1077.16
5635,2818,24,2026-07-28,905.76
5636,2818,64,2026-02-10,905.77
5637,2819,41,2026-07-05,1861.56
5638,2819,2,2026-03-13,1861.56
5639,2820,38,2026-06-11,1631.39
5640,2820,50,2026-01-13,1631.39
5641,2821,56,2026-07-26,1070.72
5642,2821,36,2026-03-22,1070.72
5643,2822,19,2026-02-28,1061.07
5644,2822,69,2026-01-17,1061.07
5645,2823,7,2026-07-27,1167.01
5646,2823,25,2026-01-08,1167
5647,2824,27,2026-03-22,1588.6
5648,2824,9,2026-06-11,1588.6
5649,2825,12,2026-06-04,1630.69
5650,2825,17,2026-03-19,1630.68
5651,2826,33,2026-07-05,918.53
5652,2826,52,2026-06-09,918.54
5653,2827,35,2026-06-18,899.11
5654,2827,35,2026-06-06,899.1
5655,2828,13,2026-02-06,1547.79
5656,2828,14,2026-01-17,1547.8
5657,2829,36,2026-01-09,669.23
5658,2829,18,2026-02-07,669.22
5659,2830,24,2026-01-16,1228.22
5660,2830,54,2026-04-24,1228.22
5661,2831,61,2026-01-17,1268.26
5662,2831,29,2026-07-26,1268.27
5663,2832,65,2026-03-10,916.28
5664,2832,45,2026-03-02,916.27
5665,2833,38,2026-06-25,1013.93
5666,2833,56,2026-01-26,1013.93
5667,2834,17,2026-03-01,1099.11
5668,2834,36,2026-03-21,1099.11
5669,2835,55,2026-05-08,1271.38
5670,2835,57,2026-04-15,1271.38
5671,2836,22,2026-06-22,1448.1
5672,2836,42,2026-07-24,1448.11
5673,2837,52,2026-05-24,1188.56
5674,2837,1,2026-01-09,1188.57
5675,2838,29,2026-06-18,1872.72
5676,2838,29,2026-05-15,1872.71
5677,2839,9,2026-01-22,1220.09
5678,2839,3,2026-05-12,1220.1
5679,2840,43,2026-06-06,1515.77
5680,2840,64,2026-07-15,1515.76
5681,2841,2,2026-06-08,1157.06
5682,2841,58,2026-02-04,1157.06
5683,2842,6,2026-02-05,1386.03
5684,2842,15,2026-05-12,1386.03
5685,2843,30,2026-05-16,1601.13
5686,2843,6,2026-04-10,1601.12
5687,2844,17,2026-01-24,1973.09
5688,2844,41,2026-07-20,1973.1
5689,2845,54,2026-05-20,492.95
5690,2845,60,2026-01-14,492.94
5691,2846,62,2026-06-24,1076.7
5692,2846,50,2026-02-07,1076.71
5693,2847,8,2026-07-02,858.07
5694,2847,16,2026-02-18,858.08
5695,2848,10,2026-04-05,1211.94
5696,2848,7,2026-06-09,1211.94
5697,2849,16,2026-06-23,1121.85
5698,2849,68,2026-05-09,1121.86
5699,2850,26,2026-03-26,1603.73
5700,2850,39,2026-01-23,1603.74
5701,2851,47,2026-05-04,1365.46
5702,2851,19,2026-03-28,1365.47
5703,2852,19,2026-01-03,443.52
5704,2852,12,2026-01-26,443.51
5705,2853,69,2026-02-21,1298.93
5706,2853,27,2026-02-19,1298.92
5707,2854,5,2026-03-21,1626.23
5708,2854,67,2026-02-13,1626.23
5709,2855,42,2026-05-11,718.67
5710,2855,8,2026-03-12,718.68
5711,2856,30,2026-01-10,1812.89
5712,2856,54,2026-02-14,1812.89
5713,2857,33,2026-05-26,709.31
5714,2857,45,2026-04-16,709.31
5715,2858,68,2026-06-16,544.18
5716,2858,16,2026-07-13,544.19
5717,2859,64,2026-02-08,1130.87
5718,2859,11,2026-05-22,1130.87
5719,2860,14,2026-02-24,511.22
5720,2860,2,2026-05-23,511.23
5721,2861,26,2026-02-01,732.33
5722,2861,54,2026-02-19,732.34
5723,2862,51,2026-07-05,1221.26
5724,2862,56,2026-06-14,1221.26
5725,2863,6,2026-03-07,478.75
5726,2863,4,2026-05-22,478.75
5727,2864,13,2026-06-01,1465.7
5728,2864,55,2026-05-26,1465.7
5729,2865,44,2026-02-16,1440.97
5730,2865,69,2026-03-01,1440.98
5731,2866,39,2026-03-06,1526.21
5732,2866,48,2026-03-13,1526.21
5733,2867,25,2026-07-14,424.48
5734,2867,44,2026-07-08,424.48
5735,2868,18,2026-03-20,994.55
5736,2868,22,2026-05-03,994.54
5737,2869,67,2026-05-28,484.73
5738,2869,19,2026-03-18,484.73
5739,2870,62,2026-05-28,1366.94
5740,2870,62,2026-04-07,1366.94
5741,2871,64,2026-03-08,927.95
5742,2871,19,2026-03-18,927.94
5743,2872,61,2026-02-06,524.5
5744,2872,54,2026-05-02,524.5
5745,2873,58,2026-02-06,1327.64
5746,2873,62,2026-05-18,1327.64
5747,2874,55,2026-04-25,1875.94
5748,2874,5,2026-06-02,1875.95
5749,2875,59,2026-04-03,905.65
5750,2875,41,2026-05-23,905.66
5751,2876,14,2026-01-27,1097.76
5752,2876,46,2026-07-06,1097.77
5753,2877,29,2026-03-15,1896.63
5754,2877,27,2026-01-23,1896.62
5755,2878,18,2026-01-28,1692.25
5756,2878,6,2026-06-25,1692.24
5757,2879,51,2026-01-10,1164.52
5758,2879,67,2026-02-11,1164.51
5759,2880,11,2026-01-02,664.75
5760,2880,14,2026-01-23,664.75
5761,2881,3,2026-05-27,1626.18
5762,2881,61,2026-02-25,1626.19
5763,2882,11,2026-04-08,1584.62
5764,2882,60,2026-02-03,1584.63
5765,2883,59,2026-07-10,664.08
5766,2883,65,2026-01-24,664.08
5767,2884,30,2026-07-28,1801.79
5768,2884,69,2026-01-14,1801.79
5769,2885,43,2026-04-24,1662.24
5770,2885,65,2026-05-01,1662.23
5771,2886,68,2026-07-20,1561.6
5772,2886,51,2026-01-02,1561.6
5773,2887,38,2026-04-25,599.71
5774,2887,60,2026-06-03,599.71
5775,2888,17,2026-02-21,1881.7
5776,2888,59,2026-04-25,1881.7
5777,2889,26,2026-02-16,1104.58
5778,2889,7,2026-07-21,1104.58
5779,2890,60,2026-06-07,1584.19
5780,2890,33,2026-02-17,1584.19
5781,2891,13,2026-03-13,1977.93
5782,2891,46,2026-01-24,1977.93
5783,2892,16,2026-06-24,1406.36
5784,2892,39,2026-01-01,1406.37
5785,2893,28,2026-03-14,1576.13
5786,2893,14,2026-01-27,1576.13
5787,2894,50,2026-05-05,1162.03
5788,2894,37,2026-03-14,1162.04
5789,2895,21,2026-04-11,620.29
5790,2895,20,2026-03-28,620.29
5791,2896,48,2026-04-07,1698.5
5792,2896,48,2026-07-21,1698.51
5793,2897,55,2026-02-01,1509.4
5794,2897,9,2026-02-02,1509.39
5795,2898,69,2026-05-16,405.75
5796,2898,18,2026-07-23,405.76
5797,2899,52,2026-01-21,1598.2
5798,2899,34,2026-03-09,1598.19
5799,2900,47,2026-04-11,1650.19
5800,2900,11,2026-01-14,1650.19
5801,2901,61,2026-07-25,969.06
5802,2901,52,2026-05-11,969.05
5803,2902,25,2026-05-26,795.66
5804,2902,30,2026-03-23,795.66
5805,2903,60,2026-05-27,834.45
5806,2903,8,2026-04-22,834.45
5807,2904,9,2026-03-24,844.04
5808,2904,59,2026-04-20,844.05
5809,2905,41,2026-06-07,1073.83
5810,2905,6,2026-01-07,1073.83
5811,2906,66,2026-04-21,882.56
5812,2906,38,2026-05-02,882.56
5813,2907,17,2026-01-24,1008.64
5814,2907,56,2026-03-22,1008.63
5815,2908,6,2026-01-08,1821.88
5816,2908,18,2026-01-16,1821.87
5817,2909,24,2026-04-17,1899.07
5818,2909,13,2026-01-05,1899.06
5819,2910,49,2026-01-14,1993.13
5820,2910,12,2026-02-26,1993.12
5821,2911,54,2026-06-22,1424.88
5822,2911,52,2026-03-03,1424.89
5823,2912,20,2026-01-20,404.69
5824,2912,45,2026-03-27,404.68
5825,2913,24,2026-06-16,1549.8
5826,2913,64,2026-01-15,1549.81
5827,2914,11,2026-01-02,919.37
5828,2914,17,2026-02-01,919.38
5829,2915,31,2026-06-15,842.78
5830,2915,31,2026-07-10,842.79
5831,2916,7,2026-07-22,987.38
5832,2916,38,2026-02-01,987.37
5833,2917,17,2026-02-20,1423.32
5834,2917,65,2026-07-06,1423.31
5835,2918,3,2026-04-20,1671.06
5836,2918,11,2026-05-19,1671.06
5837,2919,40,2026-06-13,1751.01
5838,2919,66,2026-04-24,1751.01
5839,2920,32,2026-03-16,1845.79
5840,2920,69,2026-03-16,1845.79
5841,2921,60,2026-02-17,1912.89
5842,2921,23,2026-05-21,1912.89
5843,2922,17,2026-02-10,1079.2
5844,2922,66,2026-02-20,1079.2
5845,2923,21,2026-05-21,416.82
5846,2923,28,2026-02-16,416.82
5847,2924,45,2026-05-25,1909.97
5848,2924,16,2026-06-09,1909.96
5849,2925,7,2026-05-25,1996.17
5850,2925,39,2026-06-20,1996.17
5851,2926,9,2026-06-28,902.9
5852,2926,26,2026-05-04,902.9
5853,2927,62,2026-07-13,1277.92
5854,2927,40,2026-01-22,1277.93
5855,2928,61,2026-06-17,1256.89
5856,2928,41,2026-02-26,1256.9
5857,2929,32,2026-06-22,401.67
5858,2929,66,2026-01-17,401.67
5859,2930,25,2026-05-08,1686.23
5860,2930,40,2026-03-13,1686.24
5861,2931,60,2026-01-04,1850.19
5862,2931,56,2026-04-14,1850.19
5863,2932,8,2026-06-24,1814.34
5864,2932,57,2026-06-05,1814.34
5865,2933,42,2026-06-22,1075.58
5866,2933,49,2026-02-16,1075.58
5867,2934,5,2026-06-28,918.35
5868,2934,45,2026-03-27,918.34
5869,2935,58,2026-03-20,1206.69
5870,2935,22,2026-03-27,1206.7
5871,2936,44,2026-07-17,1893.95
5872,2936,40,2026-03-21,1893.95
5873,2937,30,2026-03-01,1246.33
5874,2937,26,2026-01-18,1246.34
5875,2938,35,2026-07-10,1480.13
5876,2938,54,2026-07-21,1480.14
5877,2939,36,2026-06-07,1218.91
5878,2939,55,2026-05-03,1218.9
5879,2940,37,2026-07-22,1369.89
5880,2940,16,2026-06-17,1369.89
5881,2941,33,2026-03-03,756.54
5882,2941,4,2026-07-21,756.54
5883,2942,39,2026-04-01,516.39
5884,2942,27,2026-05-10,516.4
5885,2943,9,2026-03-14,1779.2
5886,2943,8,2026-05-27,1779.2
5887,2944,13,2026-02-26,1645.33
5888,2944,20,2026-06-02,1645.32
5889,2945,58,2026-04-07,1592.65
5890,2945,21,2026-04-21,1592.66
5891,2946,47,2026-04-09,1687.19
5892,2946,41,2026-01-23,1687.19
5893,2947,36,2026-07-14,764.01
5894,2947,57,2026-05-22,764.01
5895,2948,28,2026-06-26,1758.96
5896,2948,28,2026-06-10,1758.95
5897,2949,6,2026-05-18,711.53
5898,2949,29,2026-05-02,711.53
5899,2950,36,2026-05-18,535.05
5900,2950,6,2026-04-09,535.05
5901,2951,19,2026-07-10,1165.79
5902,2951,58,2026-04-08,1165.78
5903,2952,59,2026-04-23,489.55
5904,2952,37,2026-05-27,489.55
5905,2953,36,2026-02-17,1442.9
5906,2953,59,2026-06-09,1442.9
5907,2954,32,2026-07-01,1977.06
5908,2954,63,2026-02-22,1977.06
5909,2955,49,2026-07-02,1783.94
5910,2955,12,2026-03-16,1783.94
5911,2956,42,2026-04-16,748.54
5912,2956,42,2026-07-14,748.54
5913,2957,8,2026-05-16,1434.58
5914,2957,47,2026-07-12,1434.59
5915,2958,43,2026-01-23,649.82
5916,2958,19,2026-05-27,649.83
5917,2959,11,2026-01-02,1631.3
5918,2959,16,2026-04-01,1631.3
5919,2960,66,2026-03-01,1486.84
5920,2960,65,2026-04-27,1486.83
5921,2961,68,2026-06-14,630.83
5922,2961,32,2026-02-06,630.83
5923,2962,45,2026-04-20,1671.55
5924,2962,54,2026-07-09,1671.55
5925,2963,13,2026-07-11,618.53
5926,2963,34,2026-07-23,618.52
5927,2964,38,2026-02-10,758.41
5928,2964,50,2026-03-14,758.41
5929,2965,55,2026-04-04,1203.83
5930,2965,36,2026-01-08,1203.83
5931,2966,14,2026-01-20,1129.08
5932,2966,10,2026-04-03,1129.08
5933,2967,51,2026-03-16,1853.76
5934,2967,40,2026-06-03,1853.75
5935,2968,23,2026-06-08,615.04
5936,2968,44,2026-01-17,615.04
5937,2969,5,2026-02-06,1616.69
5938,2969,6,2026-04-10,1616.69
5939,2970,23,2026-04-27,1454.09
5940,2970,24,2026-07-05,1454.1
5941,2971,21,2026-03-27,836.74
5942,2971,46,2026-03-18,836.74
5943,2972,13,2026-07-09,480.86
5944,2972,65,2026-04-02,480.87
5945,2973,38,2026-02-06,1755.94
5946,2973,67,2026-05-20,1755.93
5947,2974,53,2026-05-01,1394.46
5948,2974,32,2026-01-08,1394.46
5949,2975,23,2026-03-17,1160.72
5950,2975,67,2026-03-26,1160.72
5951,2976,51,2026-02-13,1595.35
5952,2976,30,2026-07-27,1595.36
5953,2977,5,2026-03-06,1642.01
5954,2977,7,2026-07-26,1642.01
5955,2978,19,2026-04-01,465.89
5956,2978,2,2026-04-21,465.89
5957,2979,53,2026-02-04,1830.13
5958,2979,62,2026-02-23,1830.12
5959,2980,9,2026-04-15,1495.01
5960,2980,60,2026-05-15,1495.02
5961,2981,67,2026-06-22,827.63
5962,2981,17,2026-02-12,827.63
5963,2982,59,2026-04-19,1268.1
5964,2982,50,2026-01-14,1268.11
5965,2983,9,2026-07-19,1039.61
5966,2983,16,2026-04-06,1039.62
5967,2984,50,2026-05-11,897.16
5968,2984,4,2026-04-01,897.17
5969,2985,6,2026-07-23,450.92
5970,2985,1,2026-01-03,450.91
5971,2986,10,2026-02-12,1881.4
5972,2986,4,2026-02-22,1881.4
5973,2987,22,2026-06-08,428.88
5974,2987,11,2026-07-20,428.89
5975,2988,53,2026-06-02,1044.34
5976,2988,39,2026-03-23,1044.34
5977,2989,61,2026-06-17,1421.48
5978,2989,4,2026-02-17,1421.48
5979,2990,22,2026-03-11,1192.42
5980,2990,47,2026-02-04,1192.42
5981,2991,49,2026-07-22,1276.27
5982,2991,24,2026-07-11,1276.27
5983,2992,11,2026-05-22,427.86
5984,2992,6,2026-06-13,427.85
5985,2993,61,2026-01-23,1479.5
5986,2993,66,2026-02-05,1479.5
5987,2994,52,2026-05-05,713.42
5988,2994,17,2026-06-27,713.42
5989,2995,12,2026-01-02,1154.14
5990,2995,65,2026-03-23,1154.13
5991,2996,6,2026-06-04,850.61
5992,2996,13,2026-01-21,850.61
5993,2997,14,2026-07-01,1081.93
5994,2997,25,2026-05-27,1081.94
5995,2998,20,2026-04-24,1502.89
5996,2998,64,2026-06-09,1502.88
5997,2999,57,2026-02-23,1188.35
5998,2999,67,2026-04-01,1188.34
5999,3000,20,2026-07-19,636.08
6000,3000,68,2026-07-16,636.08
6001,3001,46,2026-05-06,774.72
6002,3001,33,2026-05-12,774.73
6003,3002,15,2026-05-14,1300.79
6004,3002,14,2026-07-10,1300.8
6005,3003,69,2026-03-07,825.11
6006,3003,21,2026-05-01,825.11
6007,3004,53,2026-04-26,598.65
6008,3004,15,2026-05-07,598.66
6009,3005,8,2026-06-18,1552.97
6010,3005,13,2026-05-20,1552.98
6011,3006,36,2026-06-05,833.15
6012,3006,57,2026-06-13,833.14
6013,3007,62,2026-05-01,1342.07
6014,3007,19,2026-07-13,1342.06
6015,3008,31,2026-05-08,422.17
6016,3008,19,2026-07-18,422.18
6017,3009,2,2026-07-20,1696.6
6018,3009,63,2026-07-24,1696.6
6019,3010,29,2026-02-10,1610.66
6020,3010,48,2026-01-28,1610.65
6021,3011,6,2026-04-21,853.5
6022,3011,50,2026-04-07,853.49
6023,3012,26,2026-04-08,858.73
6024,3012,9,2026-02-17,858.74
6025,3013,35,2026-04-21,1330.71
6026,3013,55,2026-04-25,1330.71
6027,3014,23,2026-07-03,650.44
6028,3014,2,2026-02-26,650.43
6029,3015,8,2026-05-25,1461.35
6030,3015,14,2026-02-10,1461.35
6031,3016,51,2026-03-07,993.07
6032,3016,23,2026-03-08,993.07
6033,3017,31,2026-07-16,1997.99
6034,3017,6,2026-03-12,1997.98
6035,3018,48,2026-06-25,789.09
6036,3018,50,2026-03-18,789.09
6037,3019,18,2026-06-19,878.21
6038,3019,33,2026-05-13,878.21
6039,3020,34,2026-04-12,1957.29
6040,3020,30,2026-05-12,1957.28
6041,3021,61,2026-05-09,1687.55
6042,3021,51,2026-02-22,1687.55
6043,3022,48,2026-02-11,1282.32
6044,3022,13,2026-06-12,1282.32
6045,3023,64,2026-01-06,1249.73
6046,3023,50,2026-04-04,1249.73
6047,3024,52,2026-01-26,1249.46
6048,3024,19,2026-06-07,1249.45
6049,3025,4,2026-05-28,1770.34
6050,3025,45,2026-02-21,1770.35
6051,3026,17,2026-05-12,1956.82
6052,3026,29,2026-05-06,1956.82
6053,3027,13,2026-07-15,673.71
6054,3027,6,2026-03-12,673.7
6055,3028,15,2026-02-12,725.83
6056,3028,24,2026-03-10,725.83
6057,3029,30,2026-05-13,1312.76
6058,3029,25,2026-01-25,1312.76
6059,3030,24,2026-03-06,1170.82
6060,3030,31,2026-01-14,1170.83
6061,3031,62,2026-03-05,1699.28
6062,3031,9,2026-01-28,1699.28
6063,3032,35,2026-03-27,1880.6
6064,3032,56,2026-07-27,1880.6
6065,3033,29,2026-03-01,543.55
6066,3033,9,2026-03-09,543.55
6067,3034,3,2026-02-21,1141.11
6068,3034,51,2026-03-05,1141.12
6069,3035,9,2026-04-07,1477.95
6070,3035,29,2026-02-18,1477.94
6071,3036,57,2026-05-05,1408.66
6072,3036,6,2026-04-05,1408.66
6073,3037,55,2026-04-08,1241.1
6074,3037,6,2026-01-13,1241.11
6075,3038,22,2026-06-03,540.35
6076,3038,63,2026-07-26,540.35
6077,3039,21,2026-04-15,1099.25
6078,3039,28,2026-01-24,1099.25
6079,3040,12,2026-02-22,883.62
6080,3040,48,2026-07-06,883.61
6081,3041,20,2026-01-02,1072.33
6082,3041,3,2026-02-09,1072.34
6083,3042,33,2026-02-27,1618.04
6084,3042,24,2026-01-23,1618.03
6085,3043,60,2026-07-08,567.61
6086,3043,36,2026-05-12,567.61
6087,3044,62,2026-04-02,1285.68
6088,3044,22,2026-02-17,1285.67
6089,3045,55,2026-03-10,1807.33
6090,3045,60,2026-01-15,1807.33
6091,3046,11,2026-02-23,1237.82
6092,3046,20,2026-01-24,1237.81
6093,3047,60,2026-04-19,1092.79
6094,3047,38,2026-04-09,1092.78
6095,3048,6,2026-07-14,1068.15
6096,3048,15,2026-04-20,1068.15
6097,3049,50,2026-05-25,969.78
6098,3049,29,2026-06-15,969.77
6099,3050,23,2026-01-07,1518.34
6100,3050,61,2026-04-22,1518.34
6101,3051,19,2026-03-23,1768.66
6102,3051,5,2026-02-25,1768.65
6103,3052,49,2026-02-28,1260.7
6104,3052,5,2026-01-25,1260.71
6105,3053,20,2026-03-19,602.29
6106,3053,34,2026-02-15,602.28
6107,3054,54,2026-02-15,902.37
6108,3054,26,2026-03-05,902.38
6109,3055,25,2026-04-05,791.7
6110,3055,66,2026-05-18,791.69
6111,3056,39,2026-06-26,1492.08
6112,3056,60,2026-05-13,1492.08
6113,3057,32,2026-02-06,438.93
6114,3057,7,2026-06-20,438.94
6115,3058,58,2026-06-28,1693.48
6116,3058,27,2026-03-28,1693.47
6117,3059,43,2026-04-14,1718.04
6118,3059,39,2026-02-22,1718.04
6119,3060,26,2026-03-17,1086.29
6120,3060,21,2026-05-06,1086.29
6121,3061,44,2026-01-07,1384.73
6122,3061,54,2026-03-09,1384.74
6123,3062,61,2026-05-09,1942.85
6124,3062,34,2026-06-01,1942.85
6125,3063,4,2026-04-10,1104.66
6126,3063,30,2026-05-20,1104.66
6127,3064,43,2026-01-10,720.56
6128,3064,69,2026-06-04,720.55
6129,3065,63,2026-06-08,1524.82
6130,3065,21,2026-05-21,1524.82
6131,3066,38,2026-05-25,1771.38
6132,3066,14,2026-05-02,1771.37
6133,3067,36,2026-02-01,1787.41
6134,3067,45,2026-04-19,1787.42
6135,3068,21,2026-06-09,1942.63
6136,3068,45,2026-05-16,1942.64
6137,3069,24,2026-02-18,1532.54
6138,3069,12,2026-03-17,1532.55
6139,3070,25,2026-03-01,1152.62
6140,3070,12,2026-03-05,1152.62
6141,3071,8,2026-03-15,1917.78
6142,3071,19,2026-06-20,1917.77
6143,3072,68,2026-02-18,636.09
6144,3072,12,2026-02-08,636.09
6145,3073,52,2026-02-16,1281.65
6146,3073,19,2026-05-17,1281.66
6147,3074,52,2026-05-27,1017.64
6148,3074,29,2026-03-02,1017.64
6149,3075,25,2026-03-27,1821.98
6150,3075,23,2026-03-05,1821.99
6151,3076,62,2026-07-14,1405.95
6152,3076,27,2026-03-25,1405.95
6153,3077,3,2026-02-11,1152.52
6154,3077,3,2026-07-25,1152.53
6155,3078,5,2026-03-19,1825.94
6156,3078,52,2026-03-27,1825.93
6157,3079,2,2026-07-18,1618.44
6158,3079,33,2026-05-05,1618.44
6159,3080,31,2026-06-19,1989.97
6160,3080,37,2026-06-11,1989.97
6161,3081,68,2026-05-10,1653.43
6162,3081,3,2026-05-08,1653.42
6163,3082,30,2026-07-27,1144.45
6164,3082,15,2026-01-11,1144.44
6165,3083,29,2026-05-27,1212.41
6166,3083,32,2026-03-22,1212.41
6167,3084,67,2026-03-09,650.41
6168,3084,42,2026-01-20,650.4
6169,3085,27,2026-01-23,1608.38
6170,3085,13,2026-02-18,1608.37
6171,3086,9,2026-01-16,1517.29
6172,3086,19,2026-05-12,1517.3
6173,3087,63,2026-05-01,805.41
6174,3087,16,2026-07-08,805.41
6175,3088,40,2026-01-08,1453.9
6176,3088,4,2026-06-22,1453.9
6177,3089,30,2026-04-04,1831.6
6178,3089,25,2026-02-03,1831.6
6179,3090,16,2026-03-22,823.1
6180,3090,58,2026-01-08,823.11
6181,3091,19,2026-03-03,1198.55
6182,3091,44,2026-04-18,1198.56
6183,3092,32,2026-01-03,1560.9
6184,3092,64,2026-06-06,1560.91
6185,3093,7,2026-06-11,1456.37
6186,3093,31,2026-06-13,1456.38
6187,3094,45,2026-04-04,1925.96
6188,3094,3,2026-04-13,1925.95
6189,3095,28,2026-03-27,1094.95
6190,3095,41,2026-04-14,1094.96
6191,3096,26,2026-01-24,640.91
6192,3096,68,2026-04-22,640.92
6193,3097,33,2026-04-27,1652.25
6194,3097,61,2026-01-18,1652.25
6195,3098,45,2026-02-16,1037.76
6196,3098,57,2026-04-16,1037.75
6197,3099,58,2026-04-09,1809.85
6198,3099,57,2026-05-19,1809.85
6199,3100,19,2026-07-24,1850.86
6200,3100,69,2026-06-25,1850.87
6201,3101,26,2026-02-11,1976.19
6202,3101,50,2026-01-27,1976.2
6203,3102,52,2026-06-21,1349.74
6204,3102,9,2026-05-19,1349.74
6205,3103,1,2026-01-05,1525.07
6206,3103,58,2026-02-25,1525.06
6207,3104,25,2026-01-05,1907.21
6208,3104,68,2026-04-24,1907.22
6209,3105,45,2026-03-10,1538.53
6210,3105,63,2026-06-24,1538.53
6211,3106,43,2026-02-27,1880.59
6212,3106,66,2026-05-20,1880.59
6213,3107,60,2026-02-09,1922.38
6214,3107,54,2026-01-23,1922.37
6215,3108,51,2026-07-09,1176.16
6216,3108,31,2026-03-19,1176.16
6217,3109,48,2026-05-18,1796.15
6218,3109,45,2026-05-11,1796.15
6219,3110,2,2026-04-23,1049.24
6220,3110,2,2026-06-27,1049.25
6221,3111,27,2026-07-12,886.92
6222,3111,23,2026-05-22,886.91
6223,3112,25,2026-07-09,527.58
6224,3112,38,2026-07-05,527.58
6225,3113,47,2026-01-05,870.39
6226,3113,3,2026-06-15,870.39
6227,3114,3,2026-04-04,540.96
6228,3114,69,2026-05-04,540.97
6229,3115,67,2026-07-06,705.63
6230,3115,10,2026-05-19,705.63
6231,3116,68,2026-07-11,1038.02
6232,3116,19,2026-04-02,1038.02
6233,3117,52,2026-07-02,501.4
6234,3117,35,2026-05-21,501.4
6235,3118,54,2026-05-04,617.79
6236,3118,35,2026-07-07,617.79
6237,3119,35,2026-07-26,1238.38
6238,3119,46,2026-03-14,1238.39
6239,3120,66,2026-06-14,1180.37
6240,3120,67,2026-02-01,1180.37
6241,3121,38,2026-01-08,1270.53
6242,3121,65,2026-07-04,1270.53
6243,3122,56,2026-06-07,769.8
6244,3122,5,2026-01-14,769.81
6245,3123,35,2026-07-22,409.55
6246,3123,5,2026-04-09,409.56
6247,3124,52,2026-07-24,1308.91
6248,3124,23,2026-04-05,1308.91
6249,3125,19,2026-06-23,1476.83
6250,3125,47,2026-07-11,1476.83
6251,3126,32,2026-01-11,1892.88
6252,3126,27,2026-05-28,1892.88
6253,3127,69,2026-07-05,1850.53
6254,3127,1,2026-07-27,1850.53
6255,3128,43,2026-07-04,773.61
6256,3128,23,2026-07-09,773.61
6257,3129,31,2026-05-05,1561.43
6258,3129,55,2026-01-28,1561.43
6259,3130,53,2026-05-10,1471.16
6260,3130,45,2026-03-09,1471.17
6261,3131,56,2026-07-05,838.36
6262,3131,25,2026-06-10,838.37
6263,3132,44,2026-05-07,802.52
6264,3132,22,2026-02-19,802.52
6265,3133,66,2026-04-18,559.66
6266,3133,42,2026-04-08,559.65
6267,3134,29,2026-01-17,1595.08
6268,3134,52,2026-02-09,1595.07
6269,3135,45,2026-04-22,1808.27
6270,3135,68,2026-07-16,1808.27
6271,3136,1,2026-03-17,464.45
6272,3136,43,2026-02-24,464.44
6273,3137,20,2026-04-01,1096.07
6274,3137,28,2026-05-01,1096.07
6275,3138,37,2026-07-16,1440.2
6276,3138,66,2026-07-26,1440.19
6277,3139,64,2026-06-23,1679.92
6278,3139,38,2026-01-26,1679.93
6279,3140,19,2026-01-04,453.98
6280,3140,62,2026-07-04,453.98
6281,3141,63,2026-05-02,798.84
6282,3141,39,2026-03-23,798.84
6283,3142,57,2026-07-09,1762.52
6284,3142,13,2026-03-17,1762.53
6285,3143,45,2026-07-04,1100.71
6286,3143,48,2026-05-14,1100.72
6287,3144,30,2026-06-25,716.5
6288,3144,44,2026-03-20,716.49
6289,3145,42,2026-04-06,1142.24
6290,3145,23,2026-05-15,1142.24
6291,3146,57,2026-07-26,1893.84
6292,3146,27,2026-07-03,1893.84
6293,3147,62,2026-02-03,435.77
6294,3147,24,2026-04-21,435.77
6295,3148,2,2026-05-07,993.73
6296,3148,49,2026-06-09,993.74
6297,3149,1,2026-01-14,1880.47
6298,3149,19,2026-04-04,1880.47
6299,3150,43,2026-04-01,446.31
6300,3150,66,2026-07-04,446.31
6301,3151,21,2026-01-06,965.01
6302,3151,29,2026-02-18,965
6303,3152,8,2026-01-03,512.67
6304,3152,34,2026-04-13,512.66
6305,3153,26,2026-03-13,1921.2
6306,3153,53,2026-05-28,1921.2
6307,3154,28,2026-02-25,1484.04
6308,3154,31,2026-06-21,1484.04
6309,3155,36,2026-04-10,1713.67
6310,3155,10,2026-01-17,1713.68
6311,3156,62,2026-01-26,427.43
6312,3156,65,2026-04-25,427.43
6313,3157,34,2026-01-23,490.97
6314,3157,25,2026-02-12,490.97
6315,3158,51,2026-02-07,715.85
6316,3158,68,2026-02-13,715.85
6317,3159,38,2026-07-14,496.32
6318,3159,21,2026-06-02,496.33
6319,3160,19,2026-05-09,940.29
6320,3160,50,2026-05-17,940.29
6321,3161,15,2026-06-19,704.74
6322,3161,53,2026-07-18,704.73
6323,3162,17,2026-03-12,729.89
6324,3162,34,2026-07-06,729.9
6325,3163,15,2026-01-03,658.13
6326,3163,4,2026-01-06,658.12
6327,3164,13,2026-06-17,789.47
6328,3164,62,2026-07-12,789.47
6329,3165,31,2026-06-20,1973.22
6330,3165,43,2026-01-25,1973.22
6331,3166,2,2026-06-22,1284.52
6332,3166,27,2026-01-14,1284.51
6333,3167,69,2026-06-01,1272.25
6334,3167,10,2026-04-19,1272.25
6335,3168,6,2026-07-27,534.62
6336,3168,61,2026-07-08,534.62
6337,3169,45,2026-02-05,526.07
6338,3169,20,2026-04-22,526.07
6339,3170,44,2026-07-11,755.39
6340,3170,54,2026-06-04,755.4
6341,3171,46,2026-04-26,1905.34
6342,3171,67,2026-05-15,1905.33
6343,3172,28,2026-03-10,1367.89
6344,3172,53,2026-07-25,1367.88
6345,3173,42,2026-05-14,1650.84
6346,3173,61,2026-03-21,1650.84
6347,3174,7,2026-04-08,884.91
6348,3174,30,2026-06-14,884.91
6349,3175,24,2026-04-01,1476.08
6350,3175,61,2026-03-13,1476.07
6351,3176,18,2026-02-21,1922.09
6352,3176,41,2026-05-15,1922.09
6353,3177,47,2026-07-21,523.84
6354,3177,54,2026-02-08,523.83
6355,3178,26,2026-05-04,890.51
6356,3178,20,2026-05-02,890.5
6357,3179,41,2026-06-24,1966.24
6358,3179,39,2026-03-01,1966.23
6359,3180,10,2026-02-24,980.93
6360,3180,25,2026-04-05,980.92
6361,3181,28,2026-02-07,699.69
6362,3181,36,2026-04-02,699.69
6363,3182,10,2026-01-11,1380.64
6364,3182,33,2026-04-17,1380.65
6365,3183,56,2026-03-02,1495.29
6366,3183,27,2026-01-17,1495.29
6367,3184,21,2026-01-07,677.05
6368,3184,62,2026-04-19,677.05
6369,3185,37,2026-04-03,1366.9
6370,3185,66,2026-06-09,1366.9
6371,3186,68,2026-01-28,1718.24
6372,3186,60,2026-04-28,1718.24
6373,3187,52,2026-05-03,1920.76
6374,3187,26,2026-04-27,1920.76
6375,3188,22,2026-01-20,1134.81
6376,3188,22,2026-04-22,1134.82
6377,3189,52,2026-05-24,496.24
6378,3189,43,2026-05-25,496.24
6379,3190,21,2026-03-17,1950.33
6380,3190,61,2026-05-04,1950.32
6381,3191,10,2026-03-28,1028.41
6382,3191,13,2026-04-12,1028.41
6383,3192,45,2026-05-11,1067.37
6384,3192,29,2026-07-15,1067.37
6385,3193,11,2026-01-25,616.36
6386,3193,60,2026-03-10,616.36
6387,3194,43,2026-06-14,1301.91
6388,3194,55,2026-01-16,1301.91
6389,3195,14,2026-01-14,1496.88
6390,3195,8,2026-02-19,1496.89
6391,3196,23,2026-07-09,947.78
6392,3196,5,2026-01-05,947.79
6393,3197,5,2026-02-06,546.15
6394,3197,59,2026-06-13,546.16
6395,3198,36,2026-07-14,935.68
6396,3198,50,2026-04-04,935.69
6397,3199,45,2026-01-18,775.68
6398,3199,7,2026-01-19,775.69
6399,3200,49,2026-04-16,1267
6400,3200,15,2026-05-16,1266.99
6401,3201,65,2026-05-21,652.98
6402,3201,38,2026-06-01,652.97
6403,3202,43,2026-01-18,823.24
6404,3202,39,2026-01-10,823.23
6405,3203,42,2026-04-23,1142.88
6406,3203,49,2026-04-25,1142.87
6407,3204,9,2026-03-02,860.12
6408,3204,17,2026-01-27,860.12
6409,3205,5,2026-03-18,644.43
6410,3205,37,2026-01-23,644.44
6411,3206,38,2026-02-21,589.52
6412,3206,41,2026-04-25,589.52
6413,3207,20,2026-04-03,1984.62
6414,3207,15,2026-05-04,1984.62
6415,3208,37,2026-03-10,972.6
6416,3208,27,2026-03-08,972.61
6417,3209,26,2026-06-09,409.6
6418,3209,16,2026-07-27,409.61
6419,3210,10,2026-06-03,862.65
6420,3210,21,2026-06-11,862.65
6421,3211,65,2026-06-05,1917.42
6422,3211,19,2026-03-12,1917.42
6423,3212,52,2026-05-13,1819.63
6424,3212,12,2026-04-03,1819.62
6425,3213,47,2026-06-24,1935.39
6426,3213,43,2026-03-04,1935.4
6427,3214,29,2026-03-04,929.61
6428,3214,29,2026-03-26,929.61
6429,3215,59,2026-03-20,1429.25
6430,3215,26,2026-04-09,1429.25
6431,3216,14,2026-06-11,558.67
6432,3216,12,2026-01-07,558.67
6433,3217,38,2026-03-16,820.2
6434,3217,55,2026-03-15,820.19
6435,3218,25,2026-07-05,613.19
6436,3218,22,2026-06-19,613.2
6437,3219,50,2026-04-21,735.1
6438,3219,65,2026-02-03,735.09
6439,3220,10,2026-06-15,1316.33
6440,3220,9,2026-07-06,1316.33
6441,3221,12,2026-05-15,709.98
6442,3221,30,2026-06-07,709.98
6443,3222,57,2026-07-08,1376.26
6444,3222,21,2026-06-10,1376.26
6445,3223,36,2026-02-01,1730.47
6446,3223,46,2026-04-04,1730.48
6447,3224,7,2026-03-27,663.37
6448,3224,12,2026-06-10,663.37
6449,3225,41,2026-02-26,755.56
6450,3225,46,2026-04-19,755.57
6451,3226,67,2026-05-03,1884.87
6452,3226,49,2026-02-01,1884.87
6453,3227,63,2026-06-20,1480.2
6454,3227,46,2026-01-12,1480.19
6455,3228,7,2026-03-12,903.15
6456,3228,3,2026-07-05,903.16
6457,3229,41,2026-03-12,1387.87
6458,3229,26,2026-03-04,1387.88
6459,3230,35,2026-02-25,763.54
6460,3230,69,2026-05-09,763.54
6461,3231,35,2026-01-02,1202.67
6462,3231,33,2026-01-05,1202.67
6463,3232,36,2026-02-11,1077.56
6464,3232,5,2026-04-24,1077.56
6465,3233,67,2026-04-01,1387.68
6466,3233,8,2026-01-20,1387.68
6467,3234,29,2026-03-08,1800.98
6468,3234,57,2026-02-09,1800.98
6469,3235,6,2026-01-13,543.48
6470,3235,45,2026-07-02,543.47
6471,3236,57,2026-05-26,1518.21
6472,3236,19,2026-03-22,1518.21
6473,3237,28,2026-02-15,1841.15
6474,3237,16,2026-06-01,1841.14
6475,3238,47,2026-06-06,1283.79
6476,3238,60,2026-01-15,1283.78
6477,3239,28,2026-07-04,523.64
6478,3239,57,2026-03-04,523.63
6479,3240,27,2026-05-11,730.62
6480,3240,35,2026-01-09,730.62
6481,3241,60,2026-05-01,1921.68
6482,3241,50,2026-07-21,1921.68
6483,3242,41,2026-03-05,1843.39
6484,3242,38,2026-02-19,1843.39
6485,3243,51,2026-06-17,1172.07
6486,3243,45,2026-06-01,1172.08
6487,3244,17,2026-07-12,1034.72
6488,3244,20,2026-01-07,1034.71
6489,3245,17,2026-06-02,1146.46
6490,3245,21,2026-01-05,1146.47
6491,3246,46,2026-04-11,1939.71
6492,3246,34,2026-02-20,1939.71
6493,3247,38,2026-04-18,480.43
6494,3247,6,2026-02-11,480.42
6495,3248,39,2026-01-22,1946.66
6496,3248,55,2026-04-23,1946.67
6497,3249,15,2026-05-22,1435.22
6498,3249,44,2026-05-17,1435.23
6499,3250,52,2026-07-28,1569
6500,3250,39,2026-05-14,1568.99
6501,3251,67,2026-03-22,1757.91
6502,3251,3,2026-07-28,1757.91
6503,3252,25,2026-02-12,1293.45
6504,3252,28,2026-02-22,1293.45
6505,3253,56,2026-06-25,1809.11
6506,3253,55,2026-02-21,1809.11
6507,3254,53,2026-06-11,1698.68
6508,3254,29,2026-04-14,1698.68
6509,3255,40,2026-07-15,613.15
6510,3255,24,2026-02-23,613.14
6511,3256,21,2026-05-22,981.37
6512,3256,13,2026-01-15,981.36
6513,3257,17,2026-07-12,487.34
6514,3257,57,2026-04-16,487.34
6515,3258,60,2026-05-02,1436.19
6516,3258,55,2026-06-26,1436.2
6517,3259,15,2026-05-18,910.26
6518,3259,9,2026-07-08,910.25
6519,3260,43,2026-04-24,1953.75
6520,3260,46,2026-07-14,1953.74
6521,3261,66,2026-05-09,1763.93
6522,3261,24,2026-02-02,1763.92
6523,3262,39,2026-03-03,909.87
6524,3262,29,2026-01-21,909.88
6525,3263,16,2026-02-03,1036.37
6526,3263,33,2026-07-24,1036.37
6527,3264,5,2026-03-14,1671.93
6528,3264,60,2026-07-04,1671.92
6529,3265,51,2026-03-01,1919.5
6530,3265,56,2026-05-03,1919.5
6531,3266,66,2026-02-18,1696.95
6532,3266,30,2026-04-12,1696.94
6533,3267,10,2026-03-25,495.41
6534,3267,5,2026-05-21,495.41
6535,3268,4,2026-01-27,1591.06
6536,3268,38,2026-05-09,1591.07
6537,3269,62,2026-03-18,1794.46
6538,3269,22,2026-01-19,1794.47
6539,3270,2,2026-03-22,1087.2
6540,3270,10,2026-06-01,1087.2
6541,3271,25,2026-01-01,807.09
6542,3271,32,2026-06-27,807.09
6543,3272,56,2026-04-13,608.61
6544,3272,65,2026-03-24,608.6
6545,3273,39,2026-03-20,1846.48
6546,3273,52,2026-04-06,1846.49
6547,3274,14,2026-06-02,739.68
6548,3274,57,2026-04-09,739.68
6549,3275,43,2026-05-15,1690.76
6550,3275,55,2026-06-03,1690.76
6551,3276,1,2026-06-05,1160.46
6552,3276,19,2026-02-08,1160.46
6553,3277,17,2026-03-08,1443.65
6554,3277,48,2026-04-03,1443.65
6555,3278,18,2026-06-02,728.34
6556,3278,51,2026-03-13,728.33
6557,3279,33,2026-04-08,1004.65
6558,3279,39,2026-06-12,1004.64
6559,3280,29,2026-07-10,1195.92
6560,3280,9,2026-06-28,1195.91
6561,3281,41,2026-01-24,874.16
6562,3281,60,2026-07-17,874.17
6563,3282,63,2026-07-11,1020.43
6564,3282,19,2026-05-24,1020.43
6565,3283,30,2026-02-22,808.79
6566,3283,51,2026-03-27,808.8
6567,3284,59,2026-06-23,1067.37
6568,3284,34,2026-01-21,1067.38
6569,3285,25,2026-06-28,1924.31
6570,3285,3,2026-07-10,1924.3
6571,3286,43,2026-07-03,1827.17
6572,3286,49,2026-03-22,1827.17
6573,3287,57,2026-06-04,1656.3
6574,3287,28,2026-07-02,1656.29
6575,3288,9,2026-02-03,983
6576,3288,4,2026-06-25,983
6577,3289,50,2026-05-25,1471.34
6578,3289,28,2026-01-05,1471.35
6579,3290,11,2026-07-13,1270.13
6580,3290,57,2026-01-10,1270.12
6581,3291,61,2026-05-12,515.57
6582,3291,31,2026-01-26,515.58
6583,3292,10,2026-06-01,1052.02
6584,3292,32,2026-02-11,1052.02
6585,3293,53,2026-04-03,1605.43
6586,3293,15,2026-07-06,1605.42
6587,3294,34,2026-06-07,1700.73
6588,3294,1,2026-06-06,1700.73
6589,3295,6,2026-07-20,492.51
6590,3295,49,2026-06-22,492.5
6591,3296,31,2026-01-22,899.48
6592,3296,33,2026-06-15,899.47
6593,3297,6,2026-04-13,1115.93
6594,3297,62,2026-01-05,1115.94
6595,3298,51,2026-07-06,740.29
6596,3298,56,2026-05-27,740.29
6597,3299,6,2026-07-14,1652.71
6598,3299,34,2026-06-13,1652.71
6599,3300,60,2026-07-04,833.34
6600,3300,1,2026-06-17,833.33
6601,3301,54,2026-07-09,1466.82
6602,3301,37,2026-04-19,1466.83
6603,3302,30,2026-04-15,629.56
6604,3302,33,2026-03-13,629.56
6605,3303,50,2026-05-16,457.44
6606,3303,12,2026-06-07,457.44
6607,3304,11,2026-03-26,711.02
6608,3304,65,2026-05-15,711.02
6609,3305,37,2026-03-27,483.09
6610,3305,69,2026-01-09,483.1
6611,3306,17,2026-01-16,724.89
6612,3306,34,2026-01-01,724.89
6613,3307,43,2026-03-26,1535.96
6614,3307,39,2026-07-07,1535.97
6615,3308,2,2026-03-06,1755.05
6616,3308,41,2026-07-26,1755.04
6617,3309,69,2026-03-23,1668.98
6618,3309,45,2026-03-15,1668.98
6619,3310,58,2026-03-02,524.85
6620,3310,3,2026-01-27,524.86
6621,3311,60,2026-05-19,611.12
6622,3311,5,2026-01-19,611.13
6623,3312,20,2026-03-21,680.49
6624,3312,27,2026-04-06,680.5
6625,3313,43,2026-02-28,1519.29
6626,3313,36,2026-07-12,1519.29
6627,3314,14,2026-04-01,1523.45
6628,3314,24,2026-04-17,1523.45
6629,3315,13,2026-02-19,470.85
6630,3315,60,2026-03-19,470.84
6631,3316,1,2026-02-28,1577.09
6632,3316,32,2026-03-15,1577.09
6633,3317,67,2026-03-20,716.32
6634,3317,7,2026-02-12,716.33
6635,3318,69,2026-06-07,1276.01
6636,3318,37,2026-07-05,1276.01
6637,3319,14,2026-05-05,563.82
6638,3319,47,2026-06-18,563.83
6639,3320,26,2026-02-05,859.54
6640,3320,36,2026-03-23,859.54
6641,3321,8,2026-01-28,727.62
6642,3321,40,2026-07-08,727.61
6643,3322,40,2026-02-01,1270.36
6644,3322,52,2026-04-08,1270.37
6645,3323,30,2026-04-25,577.26
6646,3323,27,2026-01-01,577.27
6647,3324,26,2026-06-02,1424.61
6648,3324,34,2026-07-27,1424.61
6649,3325,58,2026-04-19,479.02
6650,3325,12,2026-02-08,479.03
6651,3326,4,2026-05-20,1292.3
6652,3326,49,2026-04-14,1292.3
6653,3327,49,2026-01-19,1929.17
6654,3327,53,2026-07-26,1929.17
6655,3328,59,2026-01-09,1767.77
6656,3328,2,2026-04-09,1767.76
6657,3329,21,2026-03-10,1535.67
6658,3329,19,2026-05-14,1535.67
6659,3330,17,2026-05-15,1055.19
6660,3330,31,2026-01-20,1055.2
6661,3331,19,2026-04-04,862.87
6662,3331,69,2026-04-26,862.88
6663,3332,14,2026-01-27,1168.76
6664,3332,57,2026-03-22,1168.76
6665,3333,21,2026-03-17,1395.1
6666,3333,52,2026-02-19,1395.1
6667,3334,10,2026-06-28,1127.04
6668,3334,55,2026-07-04,1127.04
6669,3335,25,2026-05-28,1636.16
6670,3335,35,2026-04-07,1636.15
6671,3336,8,2026-03-25,1303.54
6672,3336,8,2026-05-01,1303.54
6673,3337,65,2026-05-04,1815.75
6674,3337,34,2026-07-23,1815.75
6675,3338,36,2026-05-06,1537.61
6676,3338,1,2026-01-05,1537.62
6677,3339,43,2026-01-05,460.57
6678,3339,4,2026-07-14,460.57
6679,3340,40,2026-06-18,1992.81
6680,3340,45,2026-04-18,1992.82
6681,3341,29,2026-04-06,1359.16
6682,3341,35,2026-07-05,1359.15
6683,3342,50,2026-01-14,885.51
6684,3342,4,2026-02-10,885.51
6685,3343,10,2026-05-16,1750.57
6686,3343,39,2026-03-26,1750.57
6687,3344,27,2026-05-08,532.01
6688,3344,32,2026-04-13,532.01
6689,3345,5,2026-01-07,714.52
6690,3345,27,2026-07-04,714.52
6691,3346,42,2026-06-08,1171.64
6692,3346,45,2026-05-17,1171.65
6693,3347,9,2026-02-25,1812.65
6694,3347,26,2026-01-10,1812.65
6695,3348,1,2026-05-13,1450.65
6696,3348,2,2026-03-05,1450.65
6697,3349,15,2026-07-09,1716.59
6698,3349,24,2026-04-10,1716.59
6699,3350,47,2026-07-05,1483.29
6700,3350,36,2026-07-25,1483.28
6701,3351,38,2026-06-18,718.32
6702,3351,47,2026-03-23,718.33
6703,3352,42,2026-07-07,1193.78
6704,3352,13,2026-02-08,1193.78
6705,3353,31,2026-01-17,848.62
6706,3353,54,2026-04-22,848.62
6707,3354,15,2026-06-28,1482.11
6708,3354,51,2026-07-28,1482.1
6709,3355,22,2026-05-08,1006.65
6710,3355,48,2026-02-04,1006.65
6711,3356,50,2026-04-21,1580.05
6712,3356,1,2026-01-25,1580.04
6713,3357,42,2026-01-12,1128.7
6714,3357,47,2026-07-11,1128.7
6715,3358,19,2026-06-28,906.22
6716,3358,38,2026-03-27,906.22
6717,3359,38,2026-04-26,981.81
6718,3359,67,2026-04-07,981.82
6719,3360,66,2026-03-24,1778.22
6720,3360,46,2026-06-24,1778.21
6721,3361,22,2026-01-09,1531.54
6722,3361,8,2026-06-25,1531.54
6723,3362,39,2026-03-04,1483.74
6724,3362,29,2026-01-23,1483.73
6725,3363,16,2026-04-10,1840.47
6726,3363,34,2026-01-20,1840.47
6727,3364,56,2026-07-23,978.58
6728,3364,4,2026-05-26,978.57
6729,3365,6,2026-04-01,639.22
6730,3365,64,2026-02-14,639.21
6731,3366,21,2026-01-16,1601.33
6732,3366,16,2026-03-26,1601.33
6733,3367,64,2026-06-07,1007.54
6734,3367,1,2026-06-04,1007.53
6735,3368,44,2026-07-10,1058.72
6736,3368,36,2026-05-22,1058.73
6737,3369,35,2026-03-20,433.26
6738,3369,34,2026-07-26,433.26
6739,3370,4,2026-04-23,1642.66
6740,3370,27,2026-07-25,1642.66
6741,3371,5,2026-06-10,1787.54
6742,3371,8,2026-03-08,1787.54
6743,3372,60,2026-03-06,456.91
6744,3372,59,2026-01-07,456.92
6745,3373,5,2026-03-21,504.76
6746,3373,36,2026-07-02,504.76
6747,3374,33,2026-04-13,663.53
6748,3374,8,2026-04-27,663.53
6749,3375,59,2026-04-23,529.3
6750,3375,37,2026-01-24,529.3
6751,3376,12,2026-01-01,952.23
6752,3376,6,2026-03-09,952.23
6753,3377,26,2026-03-04,487.54
6754,3377,40,2026-07-20,487.54
6755,3378,26,2026-04-20,1845.83
6756,3378,59,2026-07-22,1845.84
6757,3379,62,2026-04-28,575.57
6758,3379,47,2026-05-25,575.58
6759,3380,52,2026-02-18,1358.01
6760,3380,1,2026-02-11,1358.02
6761,3381,13,2026-07-02,406.18
6762,3381,52,2026-02-07,406.18
6763,3382,23,2026-07-15,1241.82
6764,3382,65,2026-06-27,1241.82
6765,3383,57,2026-05-10,1036.84
6766,3383,68,2026-05-05,1036.85
6767,3384,39,2026-01-23,1995.84
6768,3384,17,2026-05-05,1995.85
6769,3385,56,2026-06-25,993.93
6770,3385,10,2026-07-27,993.92
6771,3386,18,2026-03-13,940.63
6772,3386,40,2026-04-10,940.63
6773,3387,50,2026-01-21,445.6
6774,3387,68,2026-04-18,445.59
6775,3388,16,2026-01-19,1269.36
6776,3388,56,2026-04-03,1269.36
6777,3389,36,2026-01-02,860.08
6778,3389,52,2026-05-28,860.07
6779,3390,8,2026-04-10,1955.5
6780,3390,15,2026-06-03,1955.49
6781,3391,29,2026-05-15,1823.71
6782,3391,45,2026-05-21,1823.7
6783,3392,66,2026-03-26,1069.29
6784,3392,52,2026-02-04,1069.3
6785,3393,44,2026-01-13,1570.6
6786,3393,19,2026-01-08,1570.59
6787,3394,11,2026-03-16,1206.83
6788,3394,50,2026-05-15,1206.82
6789,3395,38,2026-04-17,1010.9
6790,3395,12,2026-05-23,1010.91
6791,3396,65,2026-04-04,1758.41
6792,3396,66,2026-02-23,1758.4
6793,3397,38,2026-06-08,782.38
6794,3397,2,2026-03-04,782.38
6795,3398,11,2026-02-11,1848.07
6796,3398,40,2026-02-27,1848.06
6797,3399,24,2026-06-14,1487.32
6798,3399,16,2026-06-20,1487.33
6799,3400,54,2026-06-10,1504.35
6800,3400,27,2026-04-03,1504.34
6801,3401,44,2026-05-11,1885.17
6802,3401,68,2026-03-14,1885.17
6803,3402,22,2026-01-22,882.59
6804,3402,22,2026-03-27,882.6
6805,3403,60,2026-06-26,565.26
6806,3403,5,2026-06-06,565.26
6807,3404,30,2026-02-05,1427.56
6808,3404,7,2026-03-17,1427.55
6809,3405,16,2026-02-18,1389.94
6810,3405,18,2026-07-09,1389.95
6811,3406,36,2026-01-16,722.6
6812,3406,54,2026-05-03,722.61
6813,3407,19,2026-05-15,435.73
6814,3407,18,2026-03-14,435.74
6815,3408,9,2026-03-01,892.51
6816,3408,41,2026-02-21,892.52
6817,3409,53,2026-05-10,812.33
6818,3409,37,2026-01-19,812.34
6819,3410,5,2026-04-24,794.56
6820,3410,14,2026-01-23,794.56
6821,3411,58,2026-07-21,871.29
6822,3411,69,2026-02-16,871.29
6823,3412,19,2026-07-15,868.66
6824,3412,2,2026-01-07,868.67
6825,3413,1,2026-05-14,1328.82
6826,3413,63,2026-03-21,1328.82
6827,3414,41,2026-05-05,1203.46
6828,3414,38,2026-02-21,1203.46
6829,3415,46,2026-03-15,1770.88
6830,3415,11,2026-06-19,1770.89
6831,3416,68,2026-03-05,543.09
6832,3416,55,2026-07-05,543.09
6833,3417,65,2026-03-18,742.93
6834,3417,49,2026-06-10,742.92
6835,3418,38,2026-05-24,1450.11
6836,3418,51,2026-01-23,1450.11
6837,3419,4,2026-06-15,431.99
6838,3419,22,2026-01-23,431.99
6839,3420,56,2026-05-09,1685.09
6840,3420,42,2026-06-04,1685.09
6841,3421,67,2026-07-09,1614.45
6842,3421,2,2026-06-13,1614.45
6843,3422,59,2026-04-02,1457.56
6844,3422,52,2026-04-16,1457.56
6845,3423,13,2026-05-19,950.93
6846,3423,64,2026-01-26,950.92
6847,3424,40,2026-05-13,1815.45
6848,3424,3,2026-03-13,1815.46
6849,3425,21,2026-05-04,851.46
6850,3425,33,2026-01-06,851.45
6851,3426,14,2026-06-10,751.17
6852,3426,25,2026-04-10,751.17
6853,3427,1,2026-02-26,815.38
6854,3427,56,2026-07-12,815.39
6855,3428,13,2026-02-27,746.88
6856,3428,31,2026-07-03,746.88
6857,3429,53,2026-04-28,582.39
6858,3429,29,2026-01-19,582.39
6859,3430,34,2026-04-07,1620.38
6860,3430,40,2026-03-02,1620.37
6861,3431,54,2026-07-18,618.31
6862,3431,53,2026-03-20,618.3
6863,3432,1,2026-02-08,1362.56
6864,3432,55,2026-04-28,1362.55
6865,3433,57,2026-07-23,776.14
6866,3433,46,2026-03-05,776.14
6867,3434,9,2026-01-01,734.96
6868,3434,29,2026-06-22,734.96
6869,3435,14,2026-07-16,507.36
6870,3435,23,2026-05-12,507.37
6871,3436,51,2026-06-22,739.28
6872,3436,22,2026-03-10,739.27
6873,3437,65,2026-03-17,629.82
6874,3437,10,2026-04-12,629.83
6875,3438,9,2026-02-23,1853.54
6876,3438,25,2026-02-27,1853.54
6877,3439,19,2026-06-20,571.81
6878,3439,39,2026-02-10,571.81
6879,3440,7,2026-03-01,1625.92
6880,3440,34,2026-02-10,1625.92
6881,3441,32,2026-04-15,1879.78
6882,3441,58,2026-06-10,1879.77
6883,3442,24,2026-04-18,1540.22
6884,3442,53,2026-07-11,1540.22
6885,3443,68,2026-05-01,769.33
6886,3443,34,2026-05-19,769.34
6887,3444,67,2026-04-21,694.54
6888,3444,23,2026-07-21,694.53
6889,3445,3,2026-01-22,1043.11
6890,3445,48,2026-02-14,1043.1
6891,3446,12,2026-06-04,1961.81
6892,3446,17,2026-04-28,1961.8
6893,3447,54,2026-05-24,734.92
6894,3447,4,2026-07-12,734.92
6895,3448,45,2026-04-05,1458.33
6896,3448,51,2026-05-17,1458.32
6897,3449,14,2026-06-05,797.3
6898,3449,49,2026-02-02,797.29
6899,3450,44,2026-05-10,1883.72
6900,3450,56,2026-03-08,1883.71
6901,3451,62,2026-05-18,1522.05
6902,3451,19,2026-01-25,1522.06
6903,3452,43,2026-07-25,1218.85
6904,3452,67,2026-04-11,1218.86
6905,3453,44,2026-06-25,495.98
6906,3453,26,2026-05-13,495.98
6907,3454,52,2026-01-27,1945.28
6908,3454,63,2026-02-13,1945.28
6909,3455,25,2026-05-22,1049.74
6910,3455,39,2026-07-23,1049.73
6911,3456,39,2026-02-19,578.27
6912,3456,26,2026-01-24,578.27
6913,3457,29,2026-04-09,1224.19
6914,3457,15,2026-01-02,1224.18
6915,3458,63,2026-03-08,1327.4
6916,3458,59,2026-07-20,1327.4
6917,3459,19,2026-06-10,536.23
6918,3459,32,2026-05-27,536.22
6919,3460,37,2026-03-08,1833.78
6920,3460,58,2026-05-24,1833.78
6921,3461,18,2026-06-03,1140.21
6922,3461,30,2026-07-14,1140.2
6923,3462,26,2026-06-07,1844.14
6924,3462,56,2026-02-14,1844.15
6925,3463,5,2026-01-21,1678.91
6926,3463,27,2026-03-16,1678.9
6927,3464,21,2026-03-11,1242.4
6928,3464,43,2026-07-05,1242.41
6929,3465,67,2026-03-13,1162.96
6930,3465,67,2026-06-25,1162.97
6931,3466,2,2026-05-07,1992.41
6932,3466,19,2026-05-07,1992.42
6933,3467,50,2026-04-08,1180.83
6934,3467,40,2026-02-15,1180.82
6935,3468,13,2026-06-22,1537.52
6936,3468,13,2026-03-27,1537.53
6937,3469,50,2026-07-22,1089.71
6938,3469,10,2026-04-06,1089.71
6939,3470,19,2026-04-17,695.74
6940,3470,54,2026-07-11,695.74
6941,3471,60,2026-01-03,1123.86
6942,3471,39,2026-02-14,1123.86
6943,3472,48,2026-03-15,1848.34
6944,3472,38,2026-04-27,1848.33
6945,3473,30,2026-01-03,745.61
6946,3473,66,2026-07-19,745.61
6947,3474,23,2026-02-14,1385.16
6948,3474,25,2026-05-22,1385.17
6949,3475,11,2026-01-04,1380.84
6950,3475,60,2026-06-08,1380.83
6951,3476,40,2026-03-24,780
6952,3476,21,2026-01-11,780.01
6953,3477,41,2026-03-24,415.93
6954,3477,53,2026-02-17,415.93
6955,3478,14,2026-03-09,1919.77
6956,3478,57,2026-04-22,1919.76
6957,3479,39,2026-04-19,1672.75
6958,3479,9,2026-05-24,1672.76
6959,3480,46,2026-06-26,1711.42
6960,3480,23,2026-05-25,1711.41
6961,3481,22,2026-07-09,1999.07
6962,3481,8,2026-01-16,1999.07
6963,3482,23,2026-03-17,1702.83
6964,3482,62,2026-06-01,1702.84
6965,3483,39,2026-04-26,1817.91
6966,3483,47,2026-01-16,1817.91
6967,3484,46,2026-01-25,696.98
6968,3484,17,2026-03-02,696.99
6969,3485,60,2026-01-09,901.55
6970,3485,48,2026-02-04,901.54
6971,3486,38,2026-06-12,1757.21
6972,3486,7,2026-07-13,1757.21
6973,3487,27,2026-07-03,1696.34
6974,3487,17,2026-06-02,1696.35
6975,3488,18,2026-01-03,913.68
6976,3488,65,2026-02-09,913.68
6977,3489,35,2026-02-06,976.92
6978,3489,30,2026-06-14,976.93
6979,3490,9,2026-04-27,564.73
6980,3490,35,2026-03-03,564.74
6981,3491,25,2026-03-13,1282.59
6982,3491,60,2026-01-11,1282.59
6983,3492,27,2026-05-04,1678.07
6984,3492,33,2026-03-11,1678.06
6985,3493,50,2026-02-12,410.38
6986,3493,26,2026-07-13,410.37
6987,3494,40,2026-04-18,1643.45
6988,3494,42,2026-01-12,1643.45
6989,3495,38,2026-03-17,924.2
6990,3495,29,2026-02-25,924.19
6991,3496,14,2026-01-04,1158.27
6992,3496,26,2026-01-18,1158.28
6993,3497,36,2026-03-16,1564.73
6994,3497,57,2026-03-22,1564.74
6995,3498,62,2026-06-28,578.81
6996,3498,62,2026-02-20,578.8
6997,3499,68,2026-05-26,1388.09
6998,3499,22,2026-01-20,1388.09
6999,3500,65,2026-03-20,1633.41
7000,3500,23,2026-07-07,1633.41
7001,3501,38,2026-06-04,893.26
7002,3501,63,2026-01-12,893.26
7003,3502,59,2026-01-14,883.93
7004,3502,5,2026-07-23,883.92
7005,3503,6,2026-01-22,1340.27
7006,3503,24,2026-06-27,1340.27
7007,3504,10,2026-07-19,1455.35
7008,3504,63,2026-03-06,1455.35
7009,3505,3,2026-01-28,489.68
7010,3505,49,2026-02-04,489.67
7011,3506,36,2026-05-01,1759.13
7012,3506,6,2026-07-24,1759.13
7013,3507,69,2026-02-07,1591.82
7014,3507,53,2026-07-25,1591.82
7015,3508,47,2026-01-18,908.09
7016,3508,42,2026-06-25,908.09
7017,3509,42,2026-04-26,1656.94
7018,3509,52,2026-02-10,1656.93
7019,3510,9,2026-03-06,537.02
7020,3510,67,2026-05-04,537.02
7021,3511,33,2026-02-19,419.28
7022,3511,18,2026-01-26,419.28
7023,3512,67,2026-01-14,1650.87
7024,3512,65,2026-05-10,1650.88
7025,3513,59,2026-07-27,932.92
7026,3513,69,2026-03-28,932.91
7027,3514,62,2026-05-15,1287.77
7028,3514,64,2026-06-09,1287.77
7029,3515,29,2026-03-01,870.62
7030,3515,14,2026-04-24,870.62
7031,3516,65,2026-07-25,868.58
7032,3516,26,2026-01-19,868.59
7033,3517,25,2026-06-19,861.71
7034,3517,57,2026-02-09,861.7
7035,3518,48,2026-04-24,541.26
7036,3518,63,2026-06-25,541.27
7037,3519,37,2026-01-03,1802.9
7038,3519,4,2026-07-18,1802.89
7039,3520,42,2026-02-08,780.4
7040,3520,57,2026-07-23,780.4
7041,3521,62,2026-04-17,1785.28
7042,3521,35,2026-06-07,1785.28
7043,3522,18,2026-05-26,1728.78
7044,3522,11,2026-01-22,1728.79
7045,3523,54,2026-07-23,436.71
7046,3523,54,2026-01-25,436.71
7047,3524,12,2026-07-27,1876.42
7048,3524,47,2026-03-12,1876.42
7049,3525,67,2026-05-17,1183.18
7050,3525,40,2026-01-01,1183.18
7051,3526,43,2026-05-25,1815.07
7052,3526,38,2026-03-12,1815.08
7053,3527,56,2026-01-15,1820.37
7054,3527,51,2026-05-02,1820.38
7055,3528,58,2026-07-17,1704.53
7056,3528,63,2026-01-23,1704.54
7057,3529,19,2026-05-20,968.04
7058,3529,26,2026-04-02,968.05
7059,3530,40,2026-07-25,986.97
7060,3530,5,2026-04-20,986.96
7061,3531,63,2026-01-18,1533.87
7062,3531,44,2026-01-09,1533.86
7063,3532,57,2026-07-15,1203.36
7064,3532,4,2026-02-23,1203.35
7065,3533,35,2026-05-14,1435.58
7066,3533,13,2026-04-09,1435.58
7067,3534,65,2026-05-06,1520.12
7068,3534,66,2026-01-02,1520.13
7069,3535,45,2026-01-15,877.26
7070,3535,60,2026-04-01,877.26
7071,3536,7,2026-01-22,799.38
7072,3536,29,2026-04-14,799.38
7073,3537,5,2026-06-18,940.16
7074,3537,54,2026-05-24,940.17
7075,3538,46,2026-01-16,745.62
7076,3538,11,2026-07-19,745.63
7077,3539,57,2026-04-02,1402.23
7078,3539,18,2026-02-15,1402.22
7079,3540,34,2026-07-11,805.9
7080,3540,10,2026-03-09,805.9
7081,3541,54,2026-05-05,641.54
7082,3541,15,2026-06-12,641.55
7083,3542,63,2026-01-07,731.12
7084,3542,38,2026-07-09,731.13
7085,3543,23,2026-06-25,1046.95
7086,3543,13,2026-05-09,1046.96
7087,3544,19,2026-04-12,1120.78
7088,3544,4,2026-07-06,1120.78
7089,3545,64,2026-02-08,1173.2
7090,3545,6,2026-01-06,1173.19
7091,3546,49,2026-02-25,706.13
7092,3546,11,2026-01-08,706.14
7093,3547,69,2026-07-25,775
7094,3547,11,2026-05-22,775
7095,3548,45,2026-02-14,1742.39
7096,3548,40,2026-02-02,1742.38
7097,3549,33,2026-04-12,1846.91
7098,3549,49,2026-06-11,1846.9
7099,3550,11,2026-06-06,1217.75
7100,3550,17,2026-06-21,1217.74
7101,3551,16,2026-05-19,615.67
7102,3551,26,2026-07-04,615.66
7103,3552,30,2026-06-09,628.2
7104,3552,30,2026-02-11,628.2
7105,3553,1,2026-06-08,1993.96
7106,3553,11,2026-06-17,1993.97
7107,3554,22,2026-06-14,846.87
7108,3554,51,2026-02-03,846.86
7109,3555,32,2026-01-09,1586.74
7110,3555,5,2026-07-13,1586.73
7111,3556,61,2026-03-09,1323.27
7112,3556,18,2026-03-06,1323.27
7113,3557,69,2026-01-19,842.09
7114,3557,64,2026-07-27,842.09
7115,3558,52,2026-04-23,645.25
7116,3558,23,2026-03-11,645.26
7117,3559,19,2026-03-21,1506.71
7118,3559,48,2026-06-15,1506.72
7119,3560,8,2026-04-11,1125.27
7120,3560,3,2026-04-20,1125.26
7121,3561,46,2026-01-08,1950.2
7122,3561,50,2026-01-04,1950.19
7123,3562,6,2026-03-18,473.77
7124,3562,51,2026-07-12,473.78
7125,3563,47,2026-02-11,829.96
7126,3563,46,2026-01-17,829.96
7127,3564,51,2026-06-19,1450.06
7128,3564,7,2026-04-15,1450.07
7129,3565,25,2026-05-15,1090.15
7130,3565,19,2026-05-21,1090.15
7131,3566,63,2026-01-13,642.81
7132,3566,24,2026-01-07,642.8
7133,3567,25,2026-01-22,1637.02
7134,3567,38,2026-05-05,1637.02
7135,3568,4,2026-06-22,1800.98
7136,3568,53,2026-02-23,1800.98
7137,3569,48,2026-01-03,1759.29
7138,3569,29,2026-06-03,1759.3
7139,3570,68,2026-05-19,428.35
7140,3570,29,2026-05-19,428.34
7141,3571,25,2026-01-23,1435.49
7142,3571,33,2026-07-17,1435.5
7143,3572,34,2026-03-08,816.92
7144,3572,29,2026-03-26,816.92
7145,3573,31,2026-06-17,1834.34
7146,3573,8,2026-03-21,1834.35
7147,3574,61,2026-06-20,1513.28
7148,3574,32,2026-02-27,1513.29
7149,3575,51,2026-07-24,873.05
7150,3575,1,2026-02-26,873.05
7151,3576,61,2026-02-06,1718.13
7152,3576,22,2026-05-02,1718.13
7153,3577,31,2026-03-02,435.24
7154,3577,58,2026-03-21,435.24
7155,3578,48,2026-02-26,1068.45
7156,3578,49,2026-06-16,1068.45
7157,3579,1,2026-03-19,842.78
7158,3579,22,2026-07-01,842.79
7159,3580,69,2026-05-28,944.7
7160,3580,48,2026-03-16,944.7
7161,3581,16,2026-06-08,1336.1
7162,3581,12,2026-04-13,1336.09
7163,3582,32,2026-06-08,830.68
7164,3582,52,2026-04-08,830.67
7165,3583,4,2026-05-17,1572.38
7166,3583,11,2026-04-09,1572.37
7167,3584,27,2026-06-25,645.44
7168,3584,53,2026-04-09,645.44
7169,3585,37,2026-06-13,1513.88
7170,3585,3,2026-02-15,1513.87
7171,3586,7,2026-07-15,1754.85
7172,3586,67,2026-02-03,1754.85
7173,3587,69,2026-06-23,1738.42
7174,3587,60,2026-07-20,1738.43
7175,3588,11,2026-04-21,1138.64
7176,3588,29,2026-02-20,1138.63
7177,3589,54,2026-03-21,1951.07
7178,3589,65,2026-02-24,1951.06
7179,3590,14,2026-01-21,613.14
7180,3590,55,2026-06-18,613.15
7181,3591,58,2026-07-20,1054.93
7182,3591,25,2026-05-26,1054.94
7183,3592,50,2026-02-24,1191.14
7184,3592,55,2026-07-17,1191.15
7185,3593,4,2026-06-03,1976.62
7186,3593,27,2026-06-28,1976.62
7187,3594,30,2026-06-12,1267.17
7188,3594,62,2026-02-26,1267.17
7189,3595,46,2026-06-07,1727.85
7190,3595,32,2026-04-18,1727.84
7191,3596,66,2026-02-13,725.11
7192,3596,54,2026-07-24,725.1
7193,3597,7,2026-03-05,1921.37
7194,3597,5,2026-07-01,1921.36
7195,3598,48,2026-03-10,1429.92
7196,3598,12,2026-06-02,1429.92
7197,3599,42,2026-01-17,682.34
7198,3599,33,2026-05-28,682.35
7199,3600,38,2026-04-06,974.66
7200,3600,30,2026-06-08,974.66
7201,3601,15,2026-01-13,1294.56
7202,3601,7,2026-07-16,1294.56
7203,3602,48,2026-02-13,693.53
7204,3602,12,2026-01-22,693.53
7205,3603,24,2026-02-05,901.03
7206,3603,34,2026-05-15,901.03
7207,3604,59,2026-01-10,987.56
7208,3604,51,2026-07-06,987.57
7209,3605,19,2026-02-09,604.38
7210,3605,40,2026-03-08,604.37
7211,3606,37,2026-01-07,530.42
7212,3606,45,2026-06-13,530.41
7213,3607,33,2026-05-07,995.31
7214,3607,40,2026-03-13,995.32
7215,3608,17,2026-07-04,562.72
7216,3608,45,2026-03-20,562.72
7217,3609,55,2026-07-28,1421.57
7218,3609,23,2026-06-28,1421.57
7219,3610,24,2026-04-13,1551.79
7220,3610,38,2026-04-15,1551.78
7221,3611,37,2026-07-10,1588.18
7222,3611,15,2026-01-27,1588.17
7223,3612,43,2026-02-26,1765.33
7224,3612,4,2026-07-24,1765.33
7225,3613,20,2026-03-09,1963.92
7226,3613,36,2026-01-15,1963.92
7227,3614,22,2026-01-11,784.48
7228,3614,16,2026-03-21,784.48
7229,3615,33,2026-05-05,1409.41
7230,3615,12,2026-01-18,1409.41
7231,3616,24,2026-07-26,1355.82
7232,3616,48,2026-03-10,1355.81
7233,3617,44,2026-07-03,1666.77
7234,3617,32,2026-06-19,1666.76
7235,3618,61,2026-07-23,1880.94
7236,3618,31,2026-01-12,1880.95
7237,3619,46,2026-02-08,819.78
7238,3619,42,2026-07-07,819.77
7239,3620,34,2026-01-28,1600.45
7240,3620,50,2026-04-06,1600.46
7241,3621,23,2026-04-08,1418.57
7242,3621,58,2026-02-04,1418.57
7243,3622,13,2026-03-26,1289.24
7244,3622,21,2026-01-12,1289.25
7245,3623,15,2026-07-23,1292.77
7246,3623,24,2026-07-09,1292.76
7247,3624,46,2026-05-25,1997.72
7248,3624,29,2026-06-24,1997.72
7249,3625,34,2026-03-09,1890.42
7250,3625,52,2026-02-01,1890.42
7251,3626,26,2026-01-06,1139.03
7252,3626,15,2026-04-27,1139.04
7253,3627,13,2026-07-23,662.65
7254,3627,61,2026-02-03,662.66
7255,3628,65,2026-07-22,1931.7
7256,3628,55,2026-02-27,1931.69
7257,3629,50,2026-04-10,1570.75
7258,3629,25,2026-02-25,1570.74
7259,3630,30,2026-01-04,1334.97
7260,3630,66,2026-03-22,1334.98
7261,3631,48,2026-01-20,733.59
7262,3631,2,2026-05-24,733.58
7263,3632,20,2026-01-18,1243.33
7264,3632,54,2026-05-10,1243.34
7265,3633,60,2026-01-10,550.44
7266,3633,44,2026-05-07,550.44
7267,3634,34,2026-04-10,565.24
7268,3634,22,2026-06-15,565.25
7269,3635,62,2026-02-28,1167.26
7270,3635,48,2026-05-01,1167.25
7271,3636,62,2026-07-02,948.21
7272,3636,38,2026-05-27,948.21
7273,3637,56,2026-01-24,1744.49
7274,3637,21,2026-06-13,1744.49
7275,3638,1,2026-01-20,543.2
7276,3638,58,2026-01-15,543.2
7277,3639,55,2026-03-05,1436.09
7278,3639,49,2026-05-01,1436.08
7279,3640,35,2026-01-24,1223.97
7280,3640,68,2026-05-02,1223.98
7281,3641,40,2026-02-02,1833.84
7282,3641,20,2026-01-01,1833.84
7283,3642,14,2026-04-02,1752.6
7284,3642,28,2026-04-19,1752.61
7285,3643,24,2026-07-12,1862.48
7286,3643,39,2026-01-03,1862.49
7287,3644,69,2026-06-26,904.2
7288,3644,60,2026-03-09,904.2
7289,3645,60,2026-01-11,934.9
7290,3645,58,2026-07-07,934.9
7291,3646,14,2026-01-05,1326.29
7292,3646,47,2026-07-22,1326.28
7293,3647,45,2026-03-15,492.13
7294,3647,35,2026-06-04,492.12
7295,3648,22,2026-07-02,747.06
7296,3648,60,2026-07-24,747.06
7297,3649,37,2026-01-28,901.69
7298,3649,59,2026-04-16,901.7
7299,3650,49,2026-06-25,1499.41
7300,3650,67,2026-04-14,1499.42
7301,3651,68,2026-07-21,693.14
7302,3651,43,2026-03-18,693.14
7303,3652,30,2026-03-01,1767.52
7304,3652,48,2026-05-28,1767.53
7305,3653,47,2026-07-06,1485.08
7306,3653,32,2026-02-04,1485.07
7307,3654,22,2026-05-14,1358.92
7308,3654,46,2026-03-20,1358.92
7309,3655,31,2026-02-27,1247.05
7310,3655,15,2026-05-08,1247.06
7311,3656,21,2026-01-20,1916.3
7312,3656,53,2026-01-27,1916.31
7313,3657,25,2026-03-16,1927.66
7314,3657,61,2026-01-01,1927.67
7315,3658,27,2026-03-28,1672.32
7316,3658,7,2026-01-05,1672.32
7317,3659,49,2026-06-17,1500.57
7318,3659,54,2026-04-24,1500.57
7319,3660,1,2026-04-27,1320.98
7320,3660,14,2026-01-16,1320.99
7321,3661,18,2026-06-12,478.95
7322,3661,21,2026-05-04,478.96
7323,3662,48,2026-07-10,865.71
7324,3662,4,2026-06-03,865.71
7325,3663,41,2026-07-03,914.32
7326,3663,38,2026-06-20,914.31
7327,3664,58,2026-01-22,863.69
7328,3664,56,2026-04-26,863.69
7329,3665,33,2026-06-15,1766.35
7330,3665,24,2026-03-05,1766.35
7331,3666,69,2026-07-13,450.86
7332,3666,35,2026-04-21,450.85
7333,3667,68,2026-03-19,1779.16
7334,3667,12,2026-02-18,1779.16
7335,3668,58,2026-04-06,419.74
7336,3668,58,2026-05-13,419.74
7337,3669,38,2026-03-13,486.02
7338,3669,67,2026-03-18,486.02
7339,3670,9,2026-05-13,1669.92
7340,3670,7,2026-04-19,1669.91
7341,3671,30,2026-06-12,1744
7342,3671,5,2026-02-24,1743.99
7343,3672,32,2026-04-28,1750.55
7344,3672,11,2026-03-12,1750.54
7345,3673,17,2026-02-11,1921.49
7346,3673,39,2026-03-23,1921.49
7347,3674,38,2026-03-16,1638.76
7348,3674,50,2026-04-13,1638.75
7349,3675,27,2026-07-04,1075.89
7350,3675,64,2026-01-27,1075.89
7351,3676,64,2026-01-17,583.65
7352,3676,4,2026-05-27,583.64
7353,3677,8,2026-03-12,1893.22
7354,3677,37,2026-06-02,1893.22
7355,3678,8,2026-07-07,1021.12
7356,3678,12,2026-03-22,1021.12
7357,3679,38,2026-01-04,1564.69
7358,3679,15,2026-07-17,1564.69
7359,3680,20,2026-03-02,1070.68
7360,3680,24,2026-05-05,1070.67
7361,3681,56,2026-03-23,556.96
7362,3681,40,2026-06-15,556.97
7363,3682,65,2026-07-19,1154.87
7364,3682,4,2026-05-15,1154.87
7365,3683,50,2026-05-23,580.91
7366,3683,46,2026-06-26,580.91
7367,3684,2,2026-07-03,1385.74
7368,3684,35,2026-01-12,1385.75
7369,3685,23,2026-04-12,418.9
7370,3685,10,2026-03-18,418.89
7371,3686,27,2026-04-16,1263.32
7372,3686,33,2026-07-28,1263.33
7373,3687,35,2026-04-27,1942.45
7374,3687,40,2026-04-23,1942.45
7375,3688,47,2026-06-23,836.49
7376,3688,33,2026-01-26,836.5
7377,3689,36,2026-04-19,515.02
7378,3689,11,2026-03-19,515.03
7379,3690,5,2026-05-26,1259.47
7380,3690,33,2026-07-15,1259.48
7381,3691,14,2026-02-24,1018.48
7382,3691,36,2026-04-16,1018.48
7383,3692,23,2026-03-08,467.6
7384,3692,32,2026-05-07,467.61
7385,3693,10,2026-01-17,901.86
7386,3693,51,2026-02-26,901.87
7387,3694,8,2026-03-20,1013.38
7388,3694,23,2026-05-03,1013.38
7389,3695,23,2026-01-27,596.88
7390,3695,13,2026-02-17,596.89
7391,3696,60,2026-02-03,1332.39
7392,3696,20,2026-02-09,1332.39
7393,3697,15,2026-07-12,720.28
7394,3697,5,2026-01-07,720.28
7395,3698,38,2026-04-03,707.66
7396,3698,22,2026-04-03,707.66
7397,3699,59,2026-05-13,1642.74
7398,3699,41,2026-03-25,1642.73
7399,3700,20,2026-05-09,848.28
7400,3700,56,2026-01-17,848.27
7401,3701,11,2026-05-27,678.3
7402,3701,12,2026-02-12,678.31
7403,3702,53,2026-02-06,1209.27
7404,3702,18,2026-04-28,1209.26
7405,3703,13,2026-06-14,1187.79
7406,3703,41,2026-06-07,1187.78
7407,3704,4,2026-02-06,1240.74
7408,3704,59,2026-07-08,1240.73
7409,3705,53,2026-04-18,507.54
7410,3705,4,2026-03-16,507.53
7411,3706,28,2026-06-10,1433.56
7412,3706,5,2026-02-24,1433.57
7413,3707,23,2026-01-07,531.06
7414,3707,69,2026-06-13,531.07
7415,3708,19,2026-04-15,417.43
7416,3708,58,2026-06-12,417.43
7417,3709,32,2026-05-28,1502.41
7418,3709,55,2026-02-28,1502.42
7419,3710,9,2026-07-25,1105.49
7420,3710,46,2026-03-23,1105.49
7421,3711,62,2026-04-26,460.59
7422,3711,9,2026-01-05,460.59
7423,3712,31,2026-03-24,1791.13
7424,3712,11,2026-02-11,1791.13
7425,3713,26,2026-05-15,1268.63
7426,3713,55,2026-05-05,1268.62
7427,3714,32,2026-04-04,1058.96
7428,3714,65,2026-07-20,1058.96
7429,3715,46,2026-03-16,1187.11
7430,3715,46,2026-07-20,1187.1
7431,3716,61,2026-01-20,1696.99
7432,3716,12,2026-01-05,1696.99
7433,3717,17,2026-04-22,1700.6
7434,3717,2,2026-04-03,1700.59
7435,3718,10,2026-04-27,1867.72
7436,3718,1,2026-06-18,1867.73
7437,3719,18,2026-02-07,634.18
7438,3719,44,2026-05-13,634.17
7439,3720,56,2026-06-25,422.17
7440,3720,39,2026-06-15,422.16
7441,3721,38,2026-06-25,521.95
7442,3721,29,2026-04-28,521.96
7443,3722,54,2026-01-19,829.91
7444,3722,20,2026-01-06,829.9
7445,3723,4,2026-01-17,1985.36
7446,3723,36,2026-01-13,1985.36
7447,3724,54,2026-07-19,504.5
7448,3724,60,2026-04-20,504.5
7449,3725,20,2026-06-13,1774.37
7450,3725,42,2026-04-11,1774.37
7451,3726,52,2026-05-25,1748.97
7452,3726,7,2026-03-16,1748.98
7453,3727,61,2026-02-15,443.84
7454,3727,13,2026-01-07,443.83
7455,3728,22,2026-06-28,1378.08
7456,3728,68,2026-04-12,1378.08
7457,3729,27,2026-03-11,1249.6
7458,3729,39,2026-06-10,1249.6
7459,3730,64,2026-07-06,1244.93
7460,3730,4,2026-02-09,1244.93
7461,3731,30,2026-06-04,1886.44
7462,3731,69,2026-01-14,1886.45
7463,3732,15,2026-06-20,830.47
7464,3732,47,2026-05-13,830.47
7465,3733,53,2026-06-22,1465.86
7466,3733,58,2026-06-19,1465.85
7467,3734,28,2026-05-06,1753.17
7468,3734,47,2026-07-25,1753.18
7469,3735,11,2026-05-05,932.54
7470,3735,36,2026-02-03,932.55
7471,3736,68,2026-04-19,1429.34
7472,3736,13,2026-07-21,1429.34
7473,3737,15,2026-02-01,678.12
7474,3737,35,2026-02-25,678.12
7475,3738,69,2026-06-11,477.77
7476,3738,66,2026-05-15,477.78
7477,3739,65,2026-06-21,1484.29
7478,3739,54,2026-01-22,1484.29
7479,3740,33,2026-02-06,1353.92
7480,3740,16,2026-02-01,1353.92
7481,3741,26,2026-03-09,1247.22
7482,3741,23,2026-03-19,1247.23
7483,3742,45,2026-07-16,575.52
7484,3742,51,2026-03-08,575.52
7485,3743,64,2026-04-28,1230.37
7486,3743,6,2026-06-17,1230.37
7487,3744,44,2026-03-10,499.29
7488,3744,54,2026-06-20,499.29
7489,3745,10,2026-03-06,1099.79
7490,3745,5,2026-05-19,1099.78
7491,3746,65,2026-05-20,1737.77
7492,3746,37,2026-05-19,1737.77
7493,3747,62,2026-05-15,497.55
7494,3747,9,2026-03-17,497.56
7495,3748,47,2026-05-20,1199.27
7496,3748,3,2026-01-14,1199.27
7497,3749,52,2026-07-24,996.47
7498,3749,53,2026-02-09,996.46
7499,3750,12,2026-01-10,617.03
7500,3750,23,2026-04-12,617.02
7501,3751,60,2026-01-20,1428.82
7502,3751,15,2026-01-15,1428.82
7503,3752,10,2026-06-02,1895.52
7504,3752,44,2026-01-07,1895.51
7505,3753,31,2026-01-02,1089.73
7506,3753,49,2026-05-23,1089.73
7507,3754,48,2026-04-02,686.07
7508,3754,64,2026-06-28,686.08
7509,3755,36,2026-06-27,1743.88
7510,3755,33,2026-01-01,1743.88
7511,3756,67,2026-03-07,1743.61
7512,3756,40,2026-01-19,1743.62
7513,3757,15,2026-03-19,1124.72
7514,3757,69,2026-06-09,1124.73
7515,3758,7,2026-06-04,1156.03
7516,3758,69,2026-01-28,1156.03
7517,3759,66,2026-03-03,1588.88
7518,3759,17,2026-06-28,1588.89
7519,3760,62,2026-01-19,1617.59
7520,3760,50,2026-01-24,1617.59
7521,3761,63,2026-07-25,1831.84
7522,3761,39,2026-04-28,1831.85
7523,3762,61,2026-01-22,1184.73
7524,3762,54,2026-06-15,1184.74
7525,3763,56,2026-07-10,1821.42
7526,3763,16,2026-05-09,1821.41
7527,3764,25,2026-07-06,1055.53
7528,3764,28,2026-04-08,1055.53
7529,3765,36,2026-06-18,842.13
7530,3765,6,2026-04-06,842.13
7531,3766,24,2026-07-17,744.65
7532,3766,30,2026-03-16,744.66
7533,3767,23,2026-06-01,1557.78
7534,3767,52,2026-06-28,1557.79
7535,3768,57,2026-01-02,1802.15
7536,3768,33,2026-07-09,1802.15
7537,3769,12,2026-04-13,1448.83
7538,3769,1,2026-06-20,1448.83
7539,3770,6,2026-03-19,860.66
7540,3770,34,2026-04-09,860.65
7541,3771,2,2026-07-23,688.08
7542,3771,19,2026-01-21,688.08
7543,3772,63,2026-03-28,1934.88
7544,3772,41,2026-07-24,1934.88
7545,3773,42,2026-05-05,1318.68
7546,3773,52,2026-04-10,1318.68
7547,3774,52,2026-03-08,944.1
7548,3774,42,2026-03-23,944.09
7549,3775,40,2026-02-19,1811.07
7550,3775,39,2026-06-20,1811.07
7551,3776,67,2026-01-08,1065.75
7552,3776,56,2026-07-01,1065.76
7553,3777,66,2026-06-11,802.24
7554,3777,18,2026-05-28,802.25
7555,3778,69,2026-07-06,898.45
7556,3778,1,2026-07-27,898.45
7557,3779,4,2026-04-25,1332.64
7558,3779,52,2026-05-12,1332.63
7559,3780,38,2026-05-24,456.03
7560,3780,35,2026-02-15,456.03
7561,3781,32,2026-02-18,1380.64
7562,3781,15,2026-07-13,1380.64
7563,3782,10,2026-03-16,1314.08
7564,3782,16,2026-05-25,1314.08
7565,3783,11,2026-05-18,1288.93
7566,3783,55,2026-01-24,1288.92
7567,3784,63,2026-05-14,1530.17
7568,3784,41,2026-07-10,1530.17
7569,3785,43,2026-02-07,1841.9
7570,3785,3,2026-03-18,1841.91
7571,3786,69,2026-01-28,699.72
7572,3786,63,2026-01-18,699.72
7573,3787,1,2026-04-25,1335.95
7574,3787,55,2026-02-13,1335.96
7575,3788,37,2026-07-13,1402.97
7576,3788,60,2026-03-13,1402.97
7577,3789,24,2026-07-02,1781.91
7578,3789,38,2026-03-24,1781.91
7579,3790,42,2026-07-18,852.51
7580,3790,28,2026-01-16,852.51
7581,3791,64,2026-04-19,1479.68
7582,3791,65,2026-07-03,1479.68
7583,3792,26,2026-04-20,1933.36
7584,3792,54,2026-06-18,1933.36
7585,3793,61,2026-07-23,1024.27
7586,3793,15,2026-06-09,1024.28
7587,3794,1,2026-04-07,1544.6
7588,3794,61,2026-06-11,1544.6
7589,3795,66,2026-06-20,1006.19
7590,3795,47,2026-04-20,1006.19
7591,3796,2,2026-01-22,726.91
7592,3796,7,2026-06-18,726.92
7593,3797,54,2026-07-02,1285.28
7594,3797,46,2026-03-16,1285.27
7595,3798,47,2026-06-17,874.77
7596,3798,48,2026-06-01,874.76
7597,3799,54,2026-04-13,1621.94
7598,3799,10,2026-01-01,1621.93
7599,3800,40,2026-04-04,723.53
7600,3800,43,2026-05-24,723.54
7601,3801,24,2026-05-26,450.02
7602,3801,53,2026-03-02,450.02
7603,3802,69,2026-06-10,1205.95
7604,3802,43,2026-01-01,1205.95
7605,3803,33,2026-03-14,1299.96
7606,3803,50,2026-06-19,1299.96
7607,3804,69,2026-01-27,1548.72
7608,3804,10,2026-01-03,1548.72
7609,3805,15,2026-01-12,1386.59
7610,3805,44,2026-04-25,1386.59
7611,3806,1,2026-02-02,1493.29
7612,3806,54,2026-06-12,1493.29
7613,3807,46,2026-02-25,614.28
7614,3807,49,2026-06-10,614.28
7615,3808,10,2026-05-20,611.24
7616,3808,49,2026-05-11,611.24
7617,3809,23,2026-05-02,597.5
7618,3809,6,2026-02-24,597.5
7619,3810,31,2026-02-27,1087.35
7620,3810,61,2026-02-17,1087.34
7621,3811,42,2026-07-21,874.76
7622,3811,7,2026-04-01,874.76
7623,3812,51,2026-07-05,854.62
7624,3812,56,2026-06-08,854.61
7625,3813,33,2026-05-16,583.6
7626,3813,11,2026-02-18,583.6
7627,3814,24,2026-06-14,660.75
7628,3814,4,2026-04-25,660.76
7629,3815,51,2026-07-26,975.23
7630,3815,42,2026-01-26,975.22
7631,3816,68,2026-06-08,1539.63
7632,3816,48,2026-04-25,1539.62
7633,3817,14,2026-04-14,515.87
7634,3817,52,2026-05-10,515.88
7635,3818,4,2026-04-05,1814.29
7636,3818,46,2026-07-06,1814.28
7637,3819,57,2026-01-23,1271.92
7638,3819,54,2026-07-14,1271.91
7639,3820,38,2026-05-06,1288.42
7640,3820,26,2026-02-22,1288.42
7641,3821,47,2026-07-25,873.54
7642,3821,51,2026-04-08,873.54
7643,3822,44,2026-06-09,1683.36
7644,3822,33,2026-01-24,1683.36
7645,3823,64,2026-04-25,1443.59
7646,3823,40,2026-06-16,1443.58
7647,3824,57,2026-02-25,953.4
7648,3824,4,2026-03-06,953.39
7649,3825,8,2026-03-19,902.06
7650,3825,30,2026-02-16,902.05
7651,3826,65,2026-06-09,1819.56
7652,3826,61,2026-07-01,1819.56
7653,3827,27,2026-02-07,1685.07
7654,3827,50,2026-01-02,1685.07
7655,3828,57,2026-01-01,1607.92
7656,3828,37,2026-02-21,1607.93
7657,3829,63,2026-03-28,985.5
7658,3829,48,2026-07-16,985.49
7659,3830,25,2026-04-23,1257.79
7660,3830,2,2026-02-07,1257.8
7661,3831,13,2026-02-07,1732.79
7662,3831,47,2026-01-20,1732.79
7663,3832,28,2026-04-10,602.7
7664,3832,55,2026-04-28,602.7
7665,3833,14,2026-06-06,1695.43
7666,3833,35,2026-07-07,1695.42
7667,3834,45,2026-04-09,1418.15
7668,3834,27,2026-04-08,1418.16
7669,3835,52,2026-02-06,1857.34
7670,3835,50,2026-07-23,1857.34
7671,3836,52,2026-05-11,1825.31
7672,3836,69,2026-07-08,1825.3
7673,3837,62,2026-07-09,1380.63
7674,3837,46,2026-03-14,1380.64
7675,3838,23,2026-03-23,1923.61
7676,3838,18,2026-06-01,1923.62
7677,3839,20,2026-04-24,751.86
7678,3839,30,2026-02-24,751.86
7679,3840,64,2026-07-17,1168.93
7680,3840,13,2026-01-03,1168.93
7681,3841,16,2026-02-12,1968.7
7682,3841,65,2026-04-04,1968.7
7683,3842,47,2026-07-20,1904.79
7684,3842,39,2026-04-05,1904.78
7685,3843,11,2026-07-08,1201.36
7686,3843,53,2026-06-02,1201.36
7687,3844,1,2026-02-10,1200.7
7688,3844,1,2026-02-28,1200.71
7689,3845,43,2026-04-16,452.06
7690,3845,44,2026-03-03,452.07
7691,3846,20,2026-07-12,484.07
7692,3846,13,2026-01-21,484.07
7693,3847,33,2026-07-13,885.48
7694,3847,33,2026-05-07,885.49
7695,3848,67,2026-05-01,1166.23
7696,3848,24,2026-03-07,1166.22
7697,3849,14,2026-03-26,1723.76
7698,3849,63,2026-04-21,1723.76
7699,3850,56,2026-03-24,1417.36
7700,3850,41,2026-02-04,1417.35
7701,3851,5,2026-04-01,725.09
7702,3851,29,2026-03-12,725.09
7703,3852,18,2026-02-22,1633.21
7704,3852,28,2026-04-16,1633.2
7705,3853,43,2026-01-21,1093.41
7706,3853,47,2026-01-16,1093.41
7707,3854,59,2026-01-25,427.16
7708,3854,3,2026-03-06,427.17
7709,3855,17,2026-02-08,1082.81
7710,3855,61,2026-07-26,1082.8
7711,3856,19,2026-06-17,999.96
7712,3856,40,2026-07-05,999.96
7713,3857,57,2026-01-09,1605.62
7714,3857,38,2026-07-26,1605.62
7715,3858,48,2026-01-05,1506.62
7716,3858,19,2026-01-12,1506.62
7717,3859,34,2026-06-06,1964.09
7718,3859,16,2026-07-15,1964.08
7719,3860,26,2026-03-28,1674.9
7720,3860,17,2026-04-18,1674.9
7721,3861,45,2026-07-14,1436.64
7722,3861,53,2026-05-18,1436.64
7723,3862,16,2026-06-03,1155.6
7724,3862,20,2026-07-06,1155.61
7725,3863,54,2026-02-26,1275.54
7726,3863,13,2026-02-19,1275.54
7727,3864,18,2026-06-27,695
7728,3864,47,2026-06-18,695
7729,3865,56,2026-06-12,1155.89
7730,3865,52,2026-03-08,1155.88
7731,3866,15,2026-06-12,1988.74
7732,3866,18,2026-07-20,1988.74
7733,3867,24,2026-05-09,781.49
7734,3867,15,2026-04-11,781.49
7735,3868,61,2026-07-12,583.01
7736,3868,14,2026-06-24,583.01
7737,3869,36,2026-05-16,1453.34
7738,3869,22,2026-07-17,1453.34
7739,3870,18,2026-03-15,1126.13
7740,3870,38,2026-05-08,1126.13
7741,3871,39,2026-03-09,1201.57
7742,3871,45,2026-03-28,1201.57
7743,3872,60,2026-03-21,1128
7744,3872,59,2026-02-14,1128.01
7745,3873,64,2026-01-06,1997.24
7746,3873,46,2026-03-14,1997.23
7747,3874,69,2026-01-06,723.23
7748,3874,28,2026-05-04,723.22
7749,3875,12,2026-05-24,1732.28
7750,3875,16,2026-03-23,1732.28
7751,3876,25,2026-05-28,1637.38
7752,3876,20,2026-05-09,1637.38
7753,3877,38,2026-02-16,1028.88
7754,3877,40,2026-05-23,1028.87
7755,3878,7,2026-04-09,1485.44
7756,3878,25,2026-06-07,1485.44
7757,3879,47,2026-03-02,765.62
7758,3879,35,2026-06-17,765.62
7759,3880,8,2026-04-02,1280.93
7760,3880,54,2026-04-21,1280.92
7761,3881,17,2026-02-02,967.61
7762,3881,7,2026-07-25,967.62
7763,3882,9,2026-01-12,1735.94
7764,3882,30,2026-02-12,1735.93
7765,3883,36,2026-03-21,1661.2
7766,3883,30,2026-06-25,1661.21
7767,3884,63,2026-01-12,788.68
7768,3884,8,2026-04-14,788.68
7769,3885,15,2026-05-05,870.02
7770,3885,28,2026-06-07,870.03
7771,3886,25,2026-03-14,1302.04
7772,3886,19,2026-02-28,1302.03
7773,3887,66,2026-01-22,1945.43
7774,3887,34,2026-02-14,1945.43
7775,3888,1,2026-04-15,1987.55
7776,3888,10,2026-02-19,1987.56
7777,3889,27,2026-04-11,586.76
7778,3889,1,2026-07-17,586.77
7779,3890,45,2026-01-19,1483.25
7780,3890,68,2026-05-19,1483.25
7781,3891,21,2026-02-19,734.84
7782,3891,43,2026-03-28,734.84
7783,3892,27,2026-02-22,680.72
7784,3892,26,2026-03-22,680.71
7785,3893,7,2026-01-04,1647.57
7786,3893,34,2026-01-28,1647.57
7787,3894,38,2026-01-07,1610.88
7788,3894,8,2026-04-02,1610.88
7789,3895,24,2026-05-24,1811.18
7790,3895,57,2026-07-18,1811.18
7791,3896,4,2026-06-02,1448.23
7792,3896,10,2026-04-06,1448.23
7793,3897,16,2026-01-07,994.37
7794,3897,58,2026-01-17,994.37
7795,3898,39,2026-07-05,1977.43
7796,3898,12,2026-05-21,1977.43
7797,3899,65,2026-06-03,1440.69
7798,3899,5,2026-03-01,1440.69
7799,3900,11,2026-03-09,1717.36
7800,3900,60,2026-03-08,1717.36
7801,3901,67,2026-06-18,428.66
7802,3901,69,2026-02-13,428.67
7803,3902,34,2026-02-15,986.99
7804,3902,23,2026-03-25,986.98
7805,3903,51,2026-03-14,1536.04
7806,3903,10,2026-03-18,1536.04
7807,3904,13,2026-05-13,785.14
7808,3904,60,2026-06-02,785.14
7809,3905,3,2026-02-27,1287.7
7810,3905,21,2026-06-07,1287.7
7811,3906,65,2026-04-05,1003.18
7812,3906,33,2026-02-26,1003.19
7813,3907,7,2026-02-16,555.29
7814,3907,35,2026-03-10,555.29
7815,3908,60,2026-02-06,762.02
7816,3908,23,2026-07-03,762.02
7817,3909,19,2026-07-27,1246.72
7818,3909,31,2026-02-09,1246.72
7819,3910,30,2026-06-20,790.15
7820,3910,9,2026-02-26,790.14
7821,3911,2,2026-02-03,1282.34
7822,3911,62,2026-01-28,1282.34
7823,3912,15,2026-03-08,1335.41
7824,3912,33,2026-06-19,1335.41
7825,3913,20,2026-03-13,1539.1
7826,3913,59,2026-04-20,1539.09
7827,3914,67,2026-02-22,1109.24
7828,3914,23,2026-06-03,1109.24
7829,3915,3,2026-03-07,899.01
7830,3915,15,2026-04-10,899
7831,3916,58,2026-01-03,1475.57
7832,3916,19,2026-04-20,1475.58
7833,3917,49,2026-05-26,672.37
7834,3917,56,2026-03-22,672.37
7835,3918,21,2026-05-21,965.57
7836,3918,39,2026-05-08,965.57
7837,3919,11,2026-03-26,1858.7
7838,3919,16,2026-07-03,1858.7
7839,3920,5,2026-04-14,682.16
7840,3920,18,2026-02-10,682.16
7841,3921,31,2026-05-25,1099.48
7842,3921,66,2026-07-28,1099.49
7843,3922,8,2026-04-17,1509.92
7844,3922,53,2026-02-07,1509.91
7845,3923,36,2026-05-23,1226.34
7846,3923,11,2026-01-19,1226.34
7847,3924,32,2026-06-26,1147.45
7848,3924,39,2026-05-04,1147.45
7849,3925,20,2026-01-10,714.44
7850,3925,28,2026-06-19,714.43
7851,3926,61,2026-06-12,439.08
7852,3926,2,2026-05-14,439.08
7853,3927,43,2026-02-21,1601.07
7854,3927,46,2026-01-07,1601.08
7855,3928,52,2026-04-05,1240.24
7856,3928,13,2026-07-04,1240.24
7857,3929,69,2026-01-16,677.19
7858,3929,14,2026-06-14,677.19
7859,3930,36,2026-02-03,956.98
7860,3930,39,2026-04-14,956.97
7861,3931,46,2026-07-22,625.24
7862,3931,27,2026-04-18,625.24
7863,3932,26,2026-04-26,1531.13
7864,3932,50,2026-04-15,1531.13
7865,3933,9,2026-03-09,1691.04
7866,3933,3,2026-02-18,1691.03
7867,3934,33,2026-03-19,1555.36
7868,3934,58,2026-04-16,1555.37
7869,3935,68,2026-04-25,498.73
7870,3935,8,2026-04-28,498.73
7871,3936,27,2026-07-09,787.67
7872,3936,65,2026-03-27,787.67
7873,3937,51,2026-01-04,920.66
7874,3937,46,2026-06-13,920.67
7875,3938,61,2026-06-22,1817.95
7876,3938,69,2026-04-01,1817.94
7877,3939,41,2026-03-13,1021.56
7878,3939,30,2026-04-12,1021.55
7879,3940,22,2026-06-14,1748.35
7880,3940,52,2026-03-27,1748.36
7881,3941,28,2026-04-09,523.74
7882,3941,3,2026-07-13,523.74
7883,3942,10,2026-02-27,923.09
7884,3942,8,2026-03-15,923.09
7885,3943,58,2026-01-08,1253.32
7886,3943,45,2026-02-01,1253.33
7887,3944,46,2026-01-14,1780.13
7888,3944,30,2026-05-04,1780.13
7889,3945,49,2026-05-01,570.31
7890,3945,43,2026-06-27,570.31
7891,3946,10,2026-06-06,1133.15
7892,3946,53,2026-03-19,1133.16
7893,3947,36,2026-03-12,1740.78
7894,3947,69,2026-03-22,1740.79
7895,3948,32,2026-01-07,1851.44
7896,3948,11,2026-07-09,1851.43
7897,3949,34,2026-05-05,1973.28
7898,3949,3,2026-03-16,1973.28
7899,3950,11,2026-03-18,1220.99
7900,3950,20,2026-03-12,1220.98
7901,3951,56,2026-07-22,1777.1
7902,3951,51,2026-01-15,1777.1
7903,3952,52,2026-05-17,585.37
7904,3952,40,2026-07-17,585.38
7905,3953,36,2026-05-05,1515.49
7906,3953,50,2026-03-14,1515.49
7907,3954,23,2026-04-15,971.89
7908,3954,43,2026-03-11,971.89
7909,3955,20,2026-02-26,1212.42
7910,3955,41,2026-03-16,1212.42
7911,3956,63,2026-01-25,1505.02
7912,3956,20,2026-07-26,1505.02
7913,3957,64,2026-01-17,540.71
7914,3957,50,2026-04-14,540.7
7915,3958,68,2026-03-11,728.05
7916,3958,57,2026-06-28,728.05
7917,3959,23,2026-05-11,825.49
7918,3959,51,2026-01-08,825.49
7919,3960,20,2026-01-18,1268.22
7920,3960,51,2026-01-23,1268.21
7921,3961,43,2026-01-01,686.65
7922,3961,6,2026-03-12,686.65
7923,3962,4,2026-06-15,1866.21
7924,3962,57,2026-03-28,1866.2
7925,3963,8,2026-04-07,1109.82
7926,3963,43,2026-06-14,1109.81
7927,3964,1,2026-03-13,1698.96
7928,3964,65,2026-06-23,1698.96
7929,3965,26,2026-03-01,1258.38
7930,3965,19,2026-07-16,1258.38
7931,3966,56,2026-03-05,865.31
7932,3966,26,2026-01-08,865.31
7933,3967,11,2026-05-28,425.92
7934,3967,58,2026-06-25,425.92
7935,3968,52,2026-04-15,683.58
7936,3968,69,2026-01-26,683.57
7937,3969,3,2026-07-19,1128.36
7938,3969,27,2026-05-10,1128.35
7939,3970,62,2026-07-23,754.23
7940,3970,12,2026-03-11,754.23
7941,3971,9,2026-03-22,539.24
7942,3971,6,2026-01-23,539.24
7943,3972,55,2026-04-18,1364.21
7944,3972,35,2026-03-10,1364.22
7945,3973,9,2026-07-10,1352.45
7946,3973,35,2026-03-18,1352.44
7947,3974,68,2026-06-04,1426.74
7948,3974,58,2026-04-17,1426.74
7949,3975,38,2026-03-06,706.88
7950,3975,4,2026-03-01,706.87
7951,3976,9,2026-03-09,1552.42
7952,3976,50,2026-05-15,1552.42
7953,3977,5,2026-05-08,1960.65
7954,3977,10,2026-07-03,1960.66
7955,3978,4,2026-04-02,1514.81
7956,3978,23,2026-01-09,1514.82
7957,3979,3,2026-06-05,629
7958,3979,12,2026-01-10,629
7959,3980,28,2026-03-08,546.62
7960,3980,31,2026-03-21,546.62
7961,3981,30,2026-04-11,1127.43
7962,3981,33,2026-07-18,1127.42
7963,3982,26,2026-03-23,1432.49
7964,3982,63,2026-01-01,1432.49
7965,3983,8,2026-02-22,1339.15
7966,3983,49,2026-06-08,1339.15
7967,3984,39,2026-05-20,1054.13
7968,3984,63,2026-02-07,1054.13
7969,3985,33,2026-07-06,1292.58
7970,3985,29,2026-06-07,1292.58
7971,3986,50,2026-04-28,922.71
7972,3986,21,2026-01-12,922.71
7973,3987,57,2026-06-20,904.61
7974,3987,17,2026-01-05,904.6
7975,3988,59,2026-05-18,614.04
7976,3988,37,2026-03-16,614.04
7977,3989,24,2026-04-12,1034.22
7978,3989,17,2026-05-10,1034.22
7979,3990,4,2026-03-23,1573.6
7980,3990,26,2026-02-13,1573.6
7981,3991,69,2026-01-02,1460.24
7982,3991,1,2026-06-05,1460.24
7983,3992,30,2026-04-16,1830.28
7984,3992,56,2026-01-01,1830.28
7985,3993,57,2026-07-27,1458.64
7986,3993,34,2026-07-09,1458.64
7987,3994,40,2026-07-26,1262.52
7988,3994,26,2026-05-09,1262.52
7989,3995,1,2026-01-12,1281.46
7990,3995,58,2026-07-20,1281.47
7991,3996,21,2026-06-28,910.26
7992,3996,51,2026-01-03,910.26
7993,3997,33,2026-04-25,1132.67
7994,3997,58,2026-02-08,1132.67
7995,3998,35,2026-04-19,1807.68
7996,3998,14,2026-04-13,1807.69
7997,3999,25,2026-02-20,445
7998,3999,42,2026-06-15,445
7999,4000,20,2026-02-01,711.94
8000,4000,20,2026-01-28,711.95
8001,4001,8,2026-07-16,446.24
8002,4001,44,2026-01-24,446.24
8003,4002,9,2026-05-10,1503.66
8004,4002,53,2026-02-17,1503.67
8005,4003,29,2026-02-26,691.67
8006,4003,21,2026-02-09,691.67
8007,4004,45,2026-07-01,1815.15
8008,4004,63,2026-04-05,1815.15
8009,4005,58,2026-07-18,1262.76
8010,4005,37,2026-04-03,1262.77
8011,4006,13,2026-04-10,1950.05
8012,4006,9,2026-01-05,1950.05
8013,4007,26,2026-05-26,739.07
8014,4007,68,2026-04-21,739.07
8015,4008,30,2026-05-13,520.98
8016,4008,35,2026-03-21,520.98
8017,4009,61,2026-07-01,977.9
8018,4009,35,2026-06-21,977.9
8019,4010,66,2026-06-22,1333.6
8020,4010,63,2026-06-11,1333.59
8021,4011,59,2026-05-26,1350.94
8022,4011,30,2026-06-07,1350.95
8023,4012,42,2026-02-10,801.73
8024,4012,38,2026-01-10,801.74
8025,4013,1,2026-02-25,1970.31
8026,4013,54,2026-05-22,1970.31
8027,4014,56,2026-05-23,1817.1
8028,4014,40,2026-05-02,1817.09
8029,4015,23,2026-03-10,1100.27
8030,4015,41,2026-01-15,1100.27
8031,4016,62,2026-01-17,819.78
8032,4016,66,2026-05-03,819.79
8033,4017,50,2026-05-14,1580.75
8034,4017,4,2026-06-04,1580.76
8035,4018,22,2026-07-21,1906.09
8036,4018,38,2026-03-27,1906.08
8037,4019,7,2026-05-28,1798.26
8038,4019,60,2026-04-25,1798.26
8039,4020,35,2026-01-14,1669.76
8040,4020,12,2026-01-10,1669.77
8041,4021,58,2026-06-06,1892.29
8042,4021,20,2026-07-20,1892.3
8043,4022,5,2026-05-08,761.14
8044,4022,24,2026-06-11,761.13
8045,4023,1,2026-07-07,772.55
8046,4023,60,2026-05-10,772.55
8047,4024,65,2026-03-22,1972.21
8048,4024,40,2026-06-05,1972.2
8049,4025,17,2026-03-03,542.51
8050,4025,37,2026-03-28,542.5
8051,4026,59,2026-05-15,1830.59
8052,4026,62,2026-02-24,1830.59
8053,4027,36,2026-03-05,753.41
8054,4027,5,2026-05-11,753.4
8055,4028,43,2026-04-18,1923.51
8056,4028,22,2026-05-17,1923.51
8057,4029,67,2026-03-07,1907.02
8058,4029,50,2026-04-05,1907.02
8059,4030,64,2026-02-22,1751.14
8060,4030,22,2026-02-25,1751.14
8061,4031,26,2026-02-05,600.69
8062,4031,39,2026-06-25,600.69
8063,4032,5,2026-03-27,1744.43
8064,4032,56,2026-03-01,1744.43
8065,4033,57,2026-01-10,1617.24
8066,4033,5,2026-06-22,1617.23
8067,4034,25,2026-02-07,1685.24
8068,4034,66,2026-06-20,1685.23
8069,4035,58,2026-06-02,565.44
8070,4035,60,2026-01-09,565.44
8071,4036,64,2026-05-27,1031.53
8072,4036,38,2026-07-22,1031.52
8073,4037,34,2026-07-14,1139.72
8074,4037,40,2026-01-08,1139.72
8075,4038,28,2026-04-27,1452.68
8076,4038,58,2026-03-21,1452.67
8077,4039,69,2026-03-20,418.77
8078,4039,34,2026-02-16,418.78
8079,4040,47,2026-03-03,999.3
8080,4040,54,2026-03-22,999.3
8081,4041,35,2026-06-05,1477.52
8082,4041,68,2026-05-27,1477.51
8083,4042,32,2026-07-23,1803.72
8084,4042,48,2026-04-19,1803.72
8085,4043,42,2026-06-15,1685.09
8086,4043,31,2026-06-14,1685.1
8087,4044,10,2026-01-28,1744.59
8088,4044,24,2026-06-28,1744.58
8089,4045,18,2026-07-23,1049.61
8090,4045,43,2026-05-27,1049.61
8091,4046,4,2026-02-03,1005.68
8092,4046,6,2026-06-15,1005.69
8093,4047,3,2026-07-09,625.27
8094,4047,40,2026-04-16,625.28
8095,4048,39,2026-02-07,681.53
8096,4048,43,2026-02-19,681.53
8097,4049,69,2026-03-22,431.54
8098,4049,66,2026-02-07,431.54
8099,4050,3,2026-05-04,1085.89
8100,4050,45,2026-06-24,1085.89
8101,4051,43,2026-07-20,1456.63
8102,4051,55,2026-06-03,1456.63
8103,4052,62,2026-05-18,1029.69
8104,4052,65,2026-01-08,1029.68
8105,4053,19,2026-01-01,1225.06
8106,4053,47,2026-01-11,1225.06
8107,4054,44,2026-05-13,943.06
8108,4054,53,2026-02-14,943.05
8109,4055,46,2026-03-26,930.45
8110,4055,67,2026-03-17,930.46
8111,4056,25,2026-03-07,1441.34
8112,4056,12,2026-01-01,1441.34
8113,4057,17,2026-05-16,1653.29
8114,4057,17,2026-06-04,1653.28
8115,4058,1,2026-03-19,1803.66
8116,4058,32,2026-06-04,1803.66
8117,4059,18,2026-07-07,913.29
8118,4059,19,2026-04-02,913.29
8119,4060,65,2026-01-02,754.39
8120,4060,35,2026-04-11,754.4
8121,4061,20,2026-01-07,1870.89
8122,4061,44,2026-04-15,1870.88
8123,4062,57,2026-04-06,1232.41
8124,4062,17,2026-03-01,1232.4
8125,4063,38,2026-06-09,1904.73
8126,4063,2,2026-07-11,1904.73
8127,4064,57,2026-03-27,989.9
8128,4064,51,2026-07-07,989.9
8129,4065,5,2026-07-05,805.1
8130,4065,57,2026-01-24,805.1
8131,4066,49,2026-05-07,645.93
8132,4066,29,2026-02-16,645.93
8133,4067,37,2026-07-20,469.55
8134,4067,21,2026-01-28,469.55
8135,4068,59,2026-07-18,530.56
8136,4068,22,2026-03-05,530.55
8137,4069,6,2026-07-17,1751.2
8138,4069,16,2026-01-19,1751.2
8139,4070,30,2026-01-06,1699.75
8140,4070,9,2026-02-19,1699.76
8141,4071,21,2026-07-01,1514.32
8142,4071,44,2026-02-25,1514.31
8143,4072,46,2026-01-28,1994.13
8144,4072,23,2026-01-09,1994.12
8145,4073,9,2026-03-20,1868.82
8146,4073,61,2026-07-04,1868.82
8147,4074,52,2026-03-22,512.11
8148,4074,61,2026-04-11,512.12
8149,4075,66,2026-04-10,777.54
8150,4075,65,2026-02-16,777.54
8151,4076,11,2026-01-27,1350.97
8152,4076,48,2026-04-05,1350.96
8153,4077,55,2026-02-12,1973.31
8154,4077,26,2026-01-11,1973.3
8155,4078,51,2026-07-18,573.56
8156,4078,40,2026-01-04,573.56
8157,4079,65,2026-06-07,489.08
8158,4079,49,2026-07-23,489.08
8159,4080,24,2026-06-16,1240.93
8160,4080,3,2026-03-14,1240.92
8161,4081,61,2026-06-03,1172.28
8162,4081,30,2026-03-26,1172.27
8163,4082,3,2026-07-07,1006.82
8164,4082,29,2026-04-20,1006.82
8165,4083,69,2026-01-15,1639.26
8166,4083,13,2026-05-23,1639.26
8167,4084,15,2026-03-26,1736.9
8168,4084,9,2026-03-20,1736.89
8169,4085,52,2026-07-17,1572.09
8170,4085,17,2026-07-01,1572.09
8171,4086,40,2026-07-07,1930.63
8172,4086,20,2026-05-06,1930.63
8173,4087,18,2026-04-04,1728.68
8174,4087,26,2026-02-25,1728.67
8175,4088,56,2026-07-25,618.29
8176,4088,42,2026-02-20,618.3
8177,4089,17,2026-01-24,1614.89
8178,4089,48,2026-07-27,1614.89
8179,4090,52,2026-07-05,625.75
8180,4090,42,2026-07-05,625.75
8181,4091,15,2026-06-08,1234.28
8182,4091,37,2026-06-17,1234.27
8183,4092,48,2026-05-15,1717.58
8184,4092,2,2026-04-19,1717.58
8185,4093,29,2026-02-26,800.67
8186,4093,60,2026-01-09,800.68
8187,4094,37,2026-07-12,1214.94
8188,4094,56,2026-06-17,1214.95
8189,4095,9,2026-06-25,1292.51
8190,4095,13,2026-03-15,1292.51
8191,4096,16,2026-07-21,1387.77
8192,4096,67,2026-01-01,1387.77
8193,4097,13,2026-04-09,1090.8
8194,4097,60,2026-02-03,1090.8
8195,4098,23,2026-03-14,1234.08
8196,4098,29,2026-07-17,1234.08
8197,4099,35,2026-05-13,725.92
8198,4099,47,2026-05-13,725.93
8199,4100,55,2026-04-05,922.5
8200,4100,47,2026-06-07,922.49
8201,4101,54,2026-05-22,667.16
8202,4101,38,2026-02-17,667.16
8203,4102,9,2026-04-09,1143.21
8204,4102,9,2026-06-24,1143.21
8205,4103,68,2026-01-09,479.87
8206,4103,24,2026-04-05,479.86
8207,4104,52,2026-03-19,1818.69
8208,4104,65,2026-04-07,1818.7
8209,4105,38,2026-06-03,1315
8210,4105,68,2026-06-16,1314.99
8211,4106,53,2026-04-27,565.28
8212,4106,7,2026-04-10,565.28
8213,4107,57,2026-01-27,1709.68
8214,4107,33,2026-04-07,1709.67
8215,4108,64,2026-07-14,1545.86
8216,4108,18,2026-02-26,1545.86
8217,4109,23,2026-07-18,1089.09
8218,4109,37,2026-01-03,1089.08
8219,4110,8,2026-02-10,400.91
8220,4110,51,2026-06-28,400.91
8221,4111,30,2026-01-25,711.78
8222,4111,38,2026-01-11,711.78
8223,4112,23,2026-02-21,1627.6
8224,4112,24,2026-06-03,1627.6
8225,4113,24,2026-01-14,1868.37
8226,4113,50,2026-03-10,1868.37
8227,4114,48,2026-07-01,408.96
8228,4114,57,2026-05-06,408.95
8229,4115,13,2026-06-15,797.51
8230,4115,25,2026-06-27,797.5
8231,4116,10,2026-07-14,691.74
8232,4116,46,2026-07-09,691.75
8233,4117,36,2026-02-13,1662
8234,4117,50,2026-05-27,1661.99
8235,4118,12,2026-01-17,623.39
8236,4118,22,2026-02-14,623.4
8237,4119,11,2026-03-14,1674.92
8238,4119,58,2026-03-20,1674.92
8239,4120,35,2026-06-10,1807.05
8240,4120,38,2026-03-09,1807.04
8241,4121,22,2026-04-22,1947.99
8242,4121,28,2026-03-04,1948
8243,4122,41,2026-06-14,918.98
8244,4122,13,2026-03-07,918.99
8245,4123,18,2026-03-05,1398.47
8246,4123,68,2026-03-16,1398.48
8247,4124,17,2026-05-03,584.61
8248,4124,59,2026-05-12,584.61
8249,4125,61,2026-04-06,943.01
8250,4125,6,2026-07-14,943.02
8251,4126,28,2026-03-24,408.71
8252,4126,31,2026-03-03,408.71
8253,4127,64,2026-05-13,1260.21
8254,4127,34,2026-03-28,1260.2
8255,4128,51,2026-06-22,1833.73
8256,4128,9,2026-01-24,1833.74
8257,4129,6,2026-02-15,1974.95
8258,4129,3,2026-05-10,1974.95
8259,4130,8,2026-04-11,1669.75
8260,4130,65,2026-02-20,1669.76
8261,4131,20,2026-02-19,1184.3
8262,4131,2,2026-04-01,1184.3
8263,4132,23,2026-02-06,434.2
8264,4132,60,2026-02-13,434.19
8265,4133,37,2026-07-20,581.55
8266,4133,6,2026-04-16,581.55
8267,4134,19,2026-02-08,1678.28
8268,4134,37,2026-06-14,1678.27
8269,4135,8,2026-06-09,1560.88
8270,4135,18,2026-04-12,1560.89
8271,4136,51,2026-05-01,1198.23
8272,4136,4,2026-04-06,1198.23
8273,4137,61,2026-03-07,1491.96
8274,4137,43,2026-05-08,1491.96
8275,4138,16,2026-03-18,1139.33
8276,4138,12,2026-06-04,1139.34
8277,4139,52,2026-01-23,810
8278,4139,20,2026-01-12,809.99
8279,4140,4,2026-04-12,686.67
8280,4140,7,2026-04-14,686.66
8281,4141,8,2026-02-04,752.79
8282,4141,38,2026-06-10,752.78
8283,4142,53,2026-02-21,439.64
8284,4142,42,2026-04-07,439.63
8285,4143,44,2026-06-08,842.82
8286,4143,24,2026-03-07,842.83
8287,4144,39,2026-05-11,1294.05
8288,4144,26,2026-01-19,1294.04
8289,4145,8,2026-02-01,623.75
8290,4145,18,2026-07-17,623.76
8291,4146,65,2026-07-21,583.19
8292,4146,19,2026-05-18,583.2
8293,4147,1,2026-04-13,796.4
8294,4147,2,2026-04-24,796.4
8295,4148,22,2026-06-21,1261.83
8296,4148,24,2026-06-19,1261.82
8297,4149,36,2026-07-07,1047.31
8298,4149,7,2026-03-02,1047.31
8299,4150,8,2026-02-26,1177.7
8300,4150,66,2026-04-12,1177.69
8301,4151,33,2026-02-20,1295.18
8302,4151,40,2026-03-04,1295.18
8303,4152,43,2026-04-16,749.08
8304,4152,64,2026-02-03,749.08
8305,4153,68,2026-03-20,425.28
8306,4153,20,2026-07-23,425.27
8307,4154,21,2026-07-14,1431.93
8308,4154,55,2026-07-22,1431.92
8309,4155,39,2026-06-13,1550.6
8310,4155,34,2026-05-28,1550.61
8311,4156,61,2026-03-18,1457.12
8312,4156,7,2026-07-05,1457.12
8313,4157,64,2026-01-21,1188.36
8314,4157,3,2026-05-15,1188.37
8315,4158,66,2026-01-03,1340.17
8316,4158,69,2026-05-19,1340.17
8317,4159,47,2026-06-06,431.57
8318,4159,11,2026-05-01,431.57
8319,4160,38,2026-05-06,550.05
8320,4160,3,2026-02-07,550.04
8321,4161,54,2026-07-20,1438.05
8322,4161,69,2026-01-11,1438.05
8323,4162,67,2026-04-19,639.32
8324,4162,4,2026-07-15,639.31
8325,4163,63,2026-04-02,997.53
8326,4163,17,2026-07-13,997.54
8327,4164,36,2026-07-13,1086.27
8328,4164,23,2026-06-17,1086.27
8329,4165,17,2026-03-11,1211.72
8330,4165,43,2026-04-10,1211.72
8331,4166,35,2026-07-10,1246.07
8332,4166,58,2026-03-16,1246.07
8333,4167,47,2026-01-15,1797.14
8334,4167,52,2026-06-13,1797.14
8335,4168,32,2026-03-28,1354.83
8336,4168,46,2026-04-13,1354.82
8337,4169,13,2026-03-11,423.06
8338,4169,43,2026-01-05,423.07
8339,4170,55,2026-03-03,1635.75
8340,4170,38,2026-01-24,1635.75
8341,4171,43,2026-03-12,1363.3
8342,4171,27,2026-07-19,1363.31
8343,4172,63,2026-01-09,1215.83
8344,4172,35,2026-03-17,1215.83
8345,4173,66,2026-02-17,1505.5
8346,4173,24,2026-06-22,1505.5
8347,4174,42,2026-01-10,1547.43
8348,4174,45,2026-01-20,1547.44
8349,4175,31,2026-03-03,604.84
8350,4175,56,2026-02-26,604.84
8351,4176,2,2026-06-10,1125.81
8352,4176,4,2026-06-02,1125.81
8353,4177,13,2026-06-24,787.74
8354,4177,9,2026-03-27,787.73
8355,4178,60,2026-05-04,1490.35
8356,4178,3,2026-05-02,1490.34
8357,4179,65,2026-01-04,1626.47
8358,4179,69,2026-03-03,1626.47
8359,4180,24,2026-04-22,1412.77
8360,4180,28,2026-05-09,1412.78
8361,4181,64,2026-07-03,1192.11
8362,4181,67,2026-03-01,1192.11
8363,4182,51,2026-05-11,1830.01
8364,4182,1,2026-04-08,1830.01
8365,4183,22,2026-02-05,839.93
8366,4183,11,2026-07-05,839.92
8367,4184,3,2026-03-27,1918.89
8368,4184,30,2026-04-14,1918.89
8369,4185,62,2026-07-24,1941.63
8370,4185,9,2026-01-20,1941.62
8371,4186,25,2026-05-09,747.38
8372,4186,26,2026-07-23,747.39
8373,4187,69,2026-04-13,1354.88
8374,4187,55,2026-06-13,1354.89
8375,4188,64,2026-05-10,989.14
8376,4188,44,2026-02-08,989.15
8377,4189,30,2026-01-21,1703.16
8378,4189,17,2026-01-23,1703.17
8379,4190,8,2026-03-26,1871.04
8380,4190,29,2026-07-09,1871.05
8381,4191,47,2026-05-10,614.93
8382,4191,44,2026-01-17,614.93
8383,4192,2,2026-03-01,1289.28
8384,4192,36,2026-02-03,1289.28
8385,4193,21,2026-06-08,1522.95
8386,4193,25,2026-03-01,1522.94
8387,4194,18,2026-06-21,702.59
8388,4194,36,2026-05-14,702.6
8389,4195,31,2026-05-18,882.38
8390,4195,55,2026-02-07,882.37
8391,4196,53,2026-06-06,1681.22
8392,4196,37,2026-05-03,1681.23
8393,4197,36,2026-02-06,565.2
8394,4197,67,2026-06-15,565.21
8395,4198,3,2026-04-26,411.52
8396,4198,67,2026-03-14,411.52
8397,4199,55,2026-05-01,1568.28
8398,4199,65,2026-07-16,1568.28
8399,4200,20,2026-06-17,1336.12
8400,4200,66,2026-06-27,1336.12
8401,4201,54,2026-01-20,521.97
8402,4201,61,2026-03-03,521.97
8403,4202,39,2026-07-20,1629.1
8404,4202,49,2026-02-18,1629.1
8405,4203,33,2026-04-06,1940.36
8406,4203,67,2026-07-14,1940.35
8407,4204,2,2026-03-16,680.36
8408,4204,57,2026-04-10,680.35
8409,4205,29,2026-01-02,1143.34
8410,4205,9,2026-02-25,1143.35
8411,4206,52,2026-03-24,1995.23
8412,4206,35,2026-04-24,1995.22
8413,4207,15,2026-02-08,1014.72
8414,4207,2,2026-05-16,1014.73
8415,4208,50,2026-04-28,1206.57
8416,4208,66,2026-04-01,1206.56
8417,4209,31,2026-03-07,1271.71
8418,4209,63,2026-04-04,1271.7
8419,4210,28,2026-05-02,410.24
8420,4210,19,2026-01-01,410.23
8421,4211,21,2026-03-10,894.42
8422,4211,44,2026-01-18,894.41
8423,4212,22,2026-06-06,650.13
8424,4212,3,2026-01-22,650.14
8425,4213,12,2026-02-12,1061.95
8426,4213,15,2026-02-17,1061.94
8427,4214,10,2026-07-17,961.28
8428,4214,64,2026-04-11,961.28
8429,4215,7,2026-06-22,776.33
8430,4215,42,2026-07-05,776.34
8431,4216,66,2026-07-16,1164.23
8432,4216,19,2026-01-01,1164.23
8433,4217,3,2026-05-09,720.76
8434,4217,43,2026-07-26,720.77
8435,4218,61,2026-01-04,1690.76
8436,4218,50,2026-05-16,1690.77
8437,4219,63,2026-02-25,1594.77
8438,4219,37,2026-03-23,1594.76
8439,4220,25,2026-02-02,1243.23
8440,4220,37,2026-07-20,1243.23
8441,4221,30,2026-03-12,476.69
8442,4221,49,2026-02-14,476.7
8443,4222,68,2026-06-17,1452.86
8444,4222,41,2026-04-27,1452.86
8445,4223,11,2026-06-16,712.75
8446,4223,47,2026-05-07,712.76
8447,4224,59,2026-02-08,705.91
8448,4224,10,2026-05-12,705.92
8449,4225,2,2026-07-16,1123.98
8450,4225,61,2026-05-26,1123.98
8451,4226,34,2026-04-02,571.57
8452,4226,49,2026-03-08,571.56
8453,4227,20,2026-07-14,1085.48
8454,4227,14,2026-02-04,1085.48
8455,4228,26,2026-06-22,501.93
8456,4228,19,2026-01-18,501.92
8457,4229,65,2026-02-16,1739.86
8458,4229,69,2026-01-24,1739.86
8459,4230,60,2026-06-21,1429.84
8460,4230,68,2026-01-08,1429.84
8461,4231,66,2026-02-28,1748.31
8462,4231,15,2026-03-26,1748.31
8463,4232,28,2026-03-08,1375.34
8464,4232,48,2026-05-11,1375.34
8465,4233,48,2026-03-23,1078.3
8466,4233,23,2026-06-03,1078.3
8467,4234,48,2026-02-14,1646.76
8468,4234,29,2026-03-05,1646.75
8469,4235,50,2026-05-14,1795.54
8470,4235,43,2026-01-14,1795.53
8471,4236,66,2026-06-14,990.44
8472,4236,13,2026-02-11,990.44
8473,4237,24,2026-07-16,1907.6
8474,4237,14,2026-02-01,1907.6
8475,4238,56,2026-01-24,773.03
8476,4238,41,2026-06-02,773.04
8477,4239,30,2026-05-08,1319.77
8478,4239,13,2026-06-17,1319.77
8479,4240,45,2026-04-17,1017.38
8480,4240,45,2026-04-03,1017.39
8481,4241,3,2026-05-22,1607.74
8482,4241,14,2026-07-06,1607.74
8483,4242,16,2026-03-09,937.41
8484,4242,63,2026-03-28,937.41
8485,4243,29,2026-03-19,1966.53
8486,4243,39,2026-06-09,1966.54
8487,4244,66,2026-01-08,1989.7
8488,4244,29,2026-05-15,1989.7
8489,4245,44,2026-04-21,1044.39
8490,4245,55,2026-07-23,1044.39
8491,4246,68,2026-07-07,1800.04
8492,4246,1,2026-03-28,1800.03
8493,4247,9,2026-03-21,580.95
8494,4247,69,2026-03-05,580.96
8495,4248,38,2026-05-06,1804.83
8496,4248,35,2026-07-14,1804.83
8497,4249,3,2026-01-18,1447.39
8498,4249,13,2026-07-12,1447.39
8499,4250,31,2026-03-06,1620.36
8500,4250,21,2026-03-24,1620.35
8501,4251,54,2026-01-23,1847.9
8502,4251,19,2026-05-13,1847.9
8503,4252,26,2026-05-11,1179.29
8504,4252,8,2026-07-20,1179.3
8505,4253,59,2026-04-10,1970.65
8506,4253,7,2026-02-04,1970.65
8507,4254,59,2026-06-13,573.65
8508,4254,49,2026-07-06,573.66
8509,4255,41,2026-07-17,1877.79
8510,4255,56,2026-04-18,1877.79
8511,4256,12,2026-07-02,416.01
8512,4256,18,2026-02-28,416.01
8513,4257,59,2026-04-27,539.09
8514,4257,6,2026-05-04,539.09
8515,4258,47,2026-07-15,490.48
8516,4258,30,2026-02-01,490.49
8517,4259,54,2026-04-23,1350.6
8518,4259,7,2026-07-04,1350.6
8519,4260,25,2026-04-14,1799.22
8520,4260,60,2026-05-12,1799.23
8521,4261,65,2026-06-11,1964.48
8522,4261,20,2026-04-27,1964.48
8523,4262,48,2026-03-09,451.34
8524,4262,8,2026-05-23,451.35
8525,4263,33,2026-02-22,1265.08
8526,4263,37,2026-03-13,1265.09
8527,4264,49,2026-03-01,1357.79
8528,4264,67,2026-04-09,1357.79
8529,4265,22,2026-01-08,529.89
8530,4265,64,2026-02-17,529.9
8531,4266,10,2026-04-13,1394.28
8532,4266,31,2026-07-05,1394.27
8533,4267,41,2026-01-24,1921.14
8534,4267,28,2026-07-10,1921.14
8535,4268,15,2026-07-17,1065.03
8536,4268,22,2026-04-06,1065.03
8537,4269,38,2026-04-23,756.01
8538,4269,5,2026-07-09,756.01
8539,4270,30,2026-02-11,1249.38
8540,4270,6,2026-07-04,1249.38
8541,4271,24,2026-02-10,626.91
8542,4271,44,2026-04-11,626.9
8543,4272,28,2026-03-07,1751.73
8544,4272,14,2026-02-06,1751.73
8545,4273,14,2026-02-14,1490.23
8546,4273,58,2026-01-20,1490.22
8547,4274,3,2026-07-24,412
8548,4274,63,2026-06-24,411.99
8549,4275,61,2026-04-05,795.48
8550,4275,61,2026-02-21,795.48
8551,4276,14,2026-07-06,1612.49
8552,4276,57,2026-06-16,1612.5
8553,4277,58,2026-02-12,625.95
8554,4277,67,2026-01-18,625.94
8555,4278,55,2026-02-11,1582.01
8556,4278,46,2026-05-12,1582.01
8557,4279,29,2026-04-21,481.58
8558,4279,56,2026-01-23,481.58
8559,4280,41,2026-05-06,1636.06
8560,4280,56,2026-04-20,1636.05
8561,4281,2,2026-02-27,1869.82
8562,4281,49,2026-04-06,1869.83
8563,4282,38,2026-02-18,1494.84
8564,4282,20,2026-04-07,1494.83
8565,4283,26,2026-06-27,466.03
8566,4283,10,2026-01-07,466.03
8567,4284,52,2026-02-16,1191.7
8568,4284,58,2026-01-24,1191.7
8569,4285,40,2026-03-24,1256.7
8570,4285,19,2026-05-18,1256.7
8571,4286,29,2026-06-15,1737.46
8572,4286,42,2026-06-26,1737.46
8573,4287,30,2026-05-28,1630.34
8574,4287,19,2026-04-23,1630.34
8575,4288,50,2026-05-10,1575.18
8576,4288,59,2026-05-04,1575.18
8577,4289,50,2026-01-11,1502.18
8578,4289,2,2026-03-20,1502.18
8579,4290,18,2026-04-20,458.54
8580,4290,61,2026-06-21,458.54
8581,4291,68,2026-03-27,1558.2
8582,4291,69,2026-02-28,1558.19
8583,4292,55,2026-03-24,1215.74
8584,4292,23,2026-04-03,1215.75
8585,4293,43,2026-02-14,1198.07
8586,4293,15,2026-05-06,1198.07
8587,4294,2,2026-06-04,1866.1
8588,4294,43,2026-03-02,1866.1
8589,4295,64,2026-05-13,1928.62
8590,4295,65,2026-06-28,1928.63
8591,4296,51,2026-01-22,1904.26
8592,4296,13,2026-04-09,1904.25
8593,4297,40,2026-02-26,1636.97
8594,4297,1,2026-01-25,1636.98
8595,4298,37,2026-03-10,1352.51
8596,4298,29,2026-01-24,1352.5
8597,4299,69,2026-06-13,522.72
8598,4299,8,2026-01-06,522.71
8599,4300,58,2026-02-27,910.48
8600,4300,63,2026-01-04,910.48
8601,4301,33,2026-07-26,474.01
8602,4301,6,2026-02-11,474.01
8603,4302,8,2026-04-21,987.36
8604,4302,39,2026-04-24,987.36
8605,4303,2,2026-03-19,1232.2
8606,4303,45,2026-07-15,1232.2
8607,4304,41,2026-05-03,1109.65
8608,4304,69,2026-07-17,1109.66
8609,4305,32,2026-06-03,1177.96
8610,4305,26,2026-03-27,1177.96
8611,4306,30,2026-01-17,1428.95
8612,4306,7,2026-02-15,1428.96
8613,4307,45,2026-02-22,950.7
8614,4307,46,2026-04-06,950.7
8615,4308,43,2026-05-24,1955.69
8616,4308,17,2026-04-12,1955.7
8617,4309,41,2026-02-08,1304.01
8618,4309,18,2026-05-03,1304.01
8619,4310,54,2026-04-03,1863.47
8620,4310,14,2026-01-06,1863.46
8621,4311,11,2026-01-11,1695.75
8622,4311,26,2026-02-06,1695.76
8623,4312,59,2026-06-11,1954.34
8624,4312,41,2026-01-09,1954.33
8625,4313,34,2026-07-10,1256.69
8626,4313,52,2026-02-21,1256.69
8627,4314,13,2026-06-04,1634.81
8628,4314,37,2026-01-21,1634.81
8629,4315,46,2026-06-11,1987.26
8630,4315,62,2026-03-21,1987.26
8631,4316,67,2026-05-27,1604.7
8632,4316,69,2026-06-24,1604.7
8633,4317,53,2026-04-28,596.45
8634,4317,23,2026-01-11,596.46
8635,4318,51,2026-04-12,1477.2
8636,4318,41,2026-07-19,1477.2
8637,4319,51,2026-05-17,1382.27
8638,4319,28,2026-03-28,1382.26
8639,4320,44,2026-05-02,1028.66
8640,4320,49,2026-07-16,1028.65
8641,4321,6,2026-04-06,1529.75
8642,4321,61,2026-01-05,1529.74
8643,4322,23,2026-02-14,528.95
8644,4322,40,2026-03-11,528.95
8645,4323,31,2026-05-25,892.9
8646,4323,9,2026-01-26,892.9
8647,4324,19,2026-03-10,1397.35
8648,4324,6,2026-06-26,1397.36
8649,4325,2,2026-04-09,627.36
8650,4325,32,2026-02-22,627.35
8651,4326,68,2026-04-24,1384.86
8652,4326,48,2026-01-28,1384.85
8653,4327,20,2026-02-13,1307.3
8654,4327,6,2026-02-05,1307.31
8655,4328,69,2026-04-04,472.31
8656,4328,43,2026-04-21,472.31
8657,4329,17,2026-01-16,864.93
8658,4329,26,2026-04-18,864.93
8659,4330,34,2026-03-28,606.12
8660,4330,2,2026-03-12,606.11
8661,4331,41,2026-07-08,1000.54
8662,4331,52,2026-04-09,1000.54
8663,4332,59,2026-03-10,1415.45
8664,4332,58,2026-05-08,1415.46
8665,4333,14,2026-06-24,1879.75
8666,4333,52,2026-01-24,1879.75
8667,4334,26,2026-01-16,740.71
8668,4334,17,2026-04-07,740.7
8669,4335,2,2026-06-27,562.69
8670,4335,11,2026-01-23,562.69
8671,4336,51,2026-02-03,1560.46
8672,4336,10,2026-07-06,1560.46
8673,4337,36,2026-07-09,1209.5
8674,4337,60,2026-03-06,1209.51
8675,4338,27,2026-01-25,892.51
8676,4338,37,2026-02-14,892.51
8677,4339,6,2026-01-03,1780.43
8678,4339,43,2026-02-07,1780.43
8679,4340,9,2026-07-14,1266.8
8680,4340,69,2026-04-24,1266.8
8681,4341,25,2026-04-13,837.08
8682,4341,38,2026-07-15,837.09
8683,4342,1,2026-05-23,1686.57
8684,4342,24,2026-03-01,1686.56
8685,4343,34,2026-05-06,1518.79
8686,4343,36,2026-03-13,1518.79
8687,4344,5,2026-02-19,1742.17
8688,4344,45,2026-03-04,1742.16
8689,4345,27,2026-07-25,1396.72
8690,4345,1,2026-02-02,1396.73
8691,4346,39,2026-03-12,1785.64
8692,4346,69,2026-03-14,1785.63
8693,4347,13,2026-06-18,1625.44
8694,4347,24,2026-05-12,1625.44
8695,4348,40,2026-02-19,1257.6
8696,4348,51,2026-05-15,1257.6
8697,4349,20,2026-02-28,676.75
8698,4349,20,2026-02-17,676.75
8699,4350,30,2026-02-07,716.05
8700,4350,41,2026-03-04,716.05
8701,4351,1,2026-07-16,1206.5
8702,4351,50,2026-07-01,1206.49
8703,4352,29,2026-04-23,1423.73
8704,4352,63,2026-02-16,1423.74
8705,4353,32,2026-06-03,492.55
8706,4353,64,2026-05-15,492.55
8707,4354,4,2026-07-27,986.73
8708,4354,22,2026-02-21,986.72
8709,4355,5,2026-04-07,1898.14
8710,4355,28,2026-04-05,1898.13
8711,4356,2,2026-02-07,802.18
8712,4356,50,2026-02-14,802.18
8713,4357,31,2026-02-05,479.82
8714,4357,23,2026-01-01,479.82
8715,4358,50,2026-07-11,1886.86
8716,4358,39,2026-01-10,1886.86
8717,4359,38,2026-02-04,1831.53
8718,4359,21,2026-02-19,1831.53
8719,4360,37,2026-02-15,1631.04
8720,4360,41,2026-05-23,1631.04
8721,4361,4,2026-03-27,1617.34
8722,4361,55,2026-05-18,1617.34
8723,4362,33,2026-05-03,1501.12
8724,4362,65,2026-01-02,1501.11
8725,4363,21,2026-03-23,1171.54
8726,4363,54,2026-02-28,1171.53
8727,4364,1,2026-07-09,1554.56
8728,4364,35,2026-01-09,1554.56
8729,4365,39,2026-05-10,1501.32
8730,4365,25,2026-05-02,1501.32
8731,4366,1,2026-03-08,1233.2
8732,4366,26,2026-06-16,1233.19
8733,4367,57,2026-03-12,714.13
8734,4367,5,2026-02-17,714.13
8735,4368,34,2026-06-15,1159.58
8736,4368,7,2026-04-15,1159.58
8737,4369,33,2026-02-17,1669.47
8738,4369,37,2026-01-28,1669.46
8739,4370,8,2026-04-23,704.62
8740,4370,69,2026-05-17,704.62
8741,4371,1,2026-03-15,717.3
8742,4371,51,2026-02-16,717.3
8743,4372,53,2026-05-26,723.62
8744,4372,12,2026-05-06,723.61
8745,4373,21,2026-01-22,1395.95
8746,4373,51,2026-05-03,1395.94
8747,4374,62,2026-04-19,1527.26
8748,4374,26,2026-04-05,1527.26
8749,4375,13,2026-06-14,1965.88
8750,4375,60,2026-01-28,1965.88
8751,4376,1,2026-01-23,1243.12
8752,4376,35,2026-07-08,1243.12
8753,4377,51,2026-01-04,759.3
8754,4377,67,2026-06-19,759.31
8755,4378,23,2026-02-15,1486.87
8756,4378,55,2026-04-23,1486.86
8757,4379,29,2026-06-13,1811.11
8758,4379,57,2026-07-05,1811.11
8759,4380,12,2026-03-19,1166.74
8760,4380,65,2026-06-27,1166.74
8761,4381,20,2026-06-21,1058.01
8762,4381,51,2026-07-27,1058.02
8763,4382,18,2026-04-10,1054.24
8764,4382,17,2026-02-21,1054.25
8765,4383,57,2026-01-17,1720.28
8766,4383,30,2026-03-05,1720.28
8767,4384,17,2026-02-07,786.44
8768,4384,60,2026-04-08,786.43
8769,4385,11,2026-04-07,1977.01
8770,4385,14,2026-02-25,1977.02
8771,4386,26,2026-05-01,1680.43
8772,4386,1,2026-02-24,1680.43
8773,4387,2,2026-06-25,994.4
8774,4387,64,2026-01-15,994.41
8775,4388,17,2026-02-10,1055.12
8776,4388,60,2026-01-14,1055.12
8777,4389,7,2026-07-06,1150.51
8778,4389,19,2026-04-01,1150.51
8779,4390,46,2026-07-09,1048.56
8780,4390,11,2026-04-16,1048.56
8781,4391,15,2026-04-17,1295.29
8782,4391,8,2026-02-26,1295.28
8783,4392,10,2026-07-03,1834.79
8784,4392,49,2026-01-09,1834.79
8785,4393,51,2026-05-23,1506.65
8786,4393,26,2026-04-12,1506.65
8787,4394,16,2026-02-24,825.75
8788,4394,36,2026-03-08,825.74
8789,4395,38,2026-01-22,981.69
8790,4395,27,2026-02-12,981.68
8791,4396,54,2026-05-16,504
8792,4396,18,2026-01-10,504
8793,4397,37,2026-04-13,1426.95
8794,4397,29,2026-04-06,1426.95
8795,4398,57,2026-06-17,577.8
8796,4398,37,2026-04-05,577.8
8797,4399,61,2026-07-21,1242.16
8798,4399,25,2026-03-21,1242.16
8799,4400,42,2026-01-20,699.19
8800,4400,18,2026-02-24,699.19
8801,4401,23,2026-02-14,748.86
8802,4401,8,2026-02-18,748.87
8803,4402,68,2026-07-09,452.42
8804,4402,15,2026-03-09,452.42
8805,4403,15,2026-03-19,1471.25
8806,4403,12,2026-03-12,1471.25
8807,4404,16,2026-06-01,1307.52
8808,4404,11,2026-04-20,1307.53
8809,4405,31,2026-05-11,1304.87
8810,4405,38,2026-02-26,1304.87
8811,4406,2,2026-02-07,1075.94
8812,4406,54,2026-06-05,1075.94
8813,4407,54,2026-01-03,1182.67
8814,4407,56,2026-06-25,1182.67
8815,4408,6,2026-07-21,762.13
8816,4408,35,2026-07-18,762.13
8817,4409,31,2026-02-18,1435.53
8818,4409,27,2026-02-17,1435.53
8819,4410,28,2026-04-22,504.94
8820,4410,58,2026-05-13,504.95
8821,4411,64,2026-03-06,1944.08
8822,4411,69,2026-05-18,1944.07
8823,4412,9,2026-04-06,1513.99
8824,4412,4,2026-04-15,1513.99
8825,4413,61,2026-03-12,719.3
8826,4413,34,2026-01-17,719.31
8827,4414,60,2026-01-20,1351.56
8828,4414,13,2026-04-27,1351.56
8829,4415,48,2026-03-01,1095.2
8830,4415,65,2026-01-28,1095.21
8831,4416,43,2026-05-13,787.99
8832,4416,10,2026-06-21,787.99
8833,4417,25,2026-04-03,963.64
8834,4417,23,2026-07-23,963.63
8835,4418,29,2026-03-14,657.62
8836,4418,13,2026-07-27,657.61
8837,4419,8,2026-07-17,650.16
8838,4419,20,2026-03-08,650.15
8839,4420,5,2026-04-05,967.63
8840,4420,22,2026-06-21,967.62
8841,4421,50,2026-04-22,1405.14
8842,4421,45,2026-06-13,1405.14
8843,4422,34,2026-06-03,895.73
8844,4422,28,2026-03-18,895.74
8845,4423,10,2026-07-18,574.2
8846,4423,10,2026-03-18,574.2
8847,4424,14,2026-04-05,966.17
8848,4424,38,2026-05-04,966.18
8849,4425,49,2026-02-28,611.65
8850,4425,54,2026-03-04,611.64
8851,4426,62,2026-04-07,1600.48
8852,4426,27,2026-05-13,1600.47
8853,4427,68,2026-06-15,1887.99
8854,4427,41,2026-05-21,1887.99
8855,4428,34,2026-02-03,1086.48
8856,4428,46,2026-01-20,1086.48
8857,4429,30,2026-05-11,1462.67
8858,4429,28,2026-05-04,1462.68
8859,4430,48,2026-04-14,1990.81
8860,4430,34,2026-05-17,1990.82
8861,4431,58,2026-01-06,1324.93
8862,4431,69,2026-04-26,1324.93
8863,4432,9,2026-04-05,1390.11
8864,4432,3,2026-02-04,1390.12
8865,4433,66,2026-06-25,1669.29
8866,4433,4,2026-05-08,1669.3
8867,4434,62,2026-07-01,1966.4
8868,4434,58,2026-02-05,1966.4
8869,4435,43,2026-06-01,1613.14
8870,4435,26,2026-03-03,1613.14
8871,4436,21,2026-05-11,1597.8
8872,4436,5,2026-03-14,1597.8
8873,4437,35,2026-01-06,1559.11
8874,4437,20,2026-03-16,1559.11
8875,4438,32,2026-02-10,578.48
8876,4438,23,2026-03-10,578.48
8877,4439,54,2026-04-28,1021.31
8878,4439,46,2026-02-13,1021.31
8879,4440,52,2026-02-14,1208.66
8880,4440,29,2026-04-03,1208.65
8881,4441,35,2026-05-06,1777.77
8882,4441,26,2026-05-09,1777.76
8883,4442,65,2026-05-26,1374.33
8884,4442,19,2026-06-17,1374.34
8885,4443,33,2026-06-23,792.18
8886,4443,1,2026-05-21,792.18
8887,4444,34,2026-07-19,1842.99
8888,4444,1,2026-04-05,1842.99
8889,4445,47,2026-01-19,575.27
8890,4445,32,2026-07-24,575.28
8891,4446,67,2026-03-23,1641.98
8892,4446,47,2026-03-13,1641.97
8893,4447,23,2026-04-28,1075.07
8894,4447,53,2026-07-27,1075.08
8895,4448,20,2026-05-11,574.63
8896,4448,47,2026-03-13,574.64
8897,4449,8,2026-04-07,1745.89
8898,4449,47,2026-01-16,1745.9
8899,4450,22,2026-05-27,558
8900,4450,33,2026-06-15,558
8901,4451,13,2026-06-09,994.18
8902,4451,42,2026-02-19,994.18
8903,4452,36,2026-03-24,1423.07
8904,4452,17,2026-02-26,1423.06
8905,4453,63,2026-06-21,1237.46
8906,4453,40,2026-02-28,1237.46
8907,4454,26,2026-01-15,1443.06
8908,4454,9,2026-04-22,1443.06
8909,4455,57,2026-03-01,963.37
8910,4455,36,2026-06-12,963.37
8911,4456,9,2026-07-28,1197.6
8912,4456,50,2026-05-19,1197.59
8913,4457,62,2026-05-15,1479.14
8914,4457,64,2026-07-16,1479.14
8915,4458,66,2026-06-18,1569.49
8916,4458,9,2026-06-03,1569.49
8917,4459,52,2026-07-09,1771.3
8918,4459,47,2026-02-26,1771.3
8919,4460,46,2026-03-14,531.94
8920,4460,49,2026-07-23,531.94
8921,4461,66,2026-02-19,1631.62
8922,4461,59,2026-06-06,1631.62
8923,4462,40,2026-05-25,658.39
8924,4462,5,2026-07-15,658.4
8925,4463,45,2026-04-28,1230.84
8926,4463,4,2026-07-16,1230.84
8927,4464,26,2026-03-06,1752.85
8928,4464,55,2026-06-28,1752.86
8929,4465,20,2026-06-07,816.16
8930,4465,3,2026-05-23,816.15
8931,4466,19,2026-05-19,1185.78
8932,4466,51,2026-03-04,1185.78
8933,4467,12,2026-03-04,896.97
8934,4467,17,2026-05-02,896.98
8935,4468,49,2026-07-21,1143.04
8936,4468,20,2026-02-07,1143.04
8937,4469,13,2026-05-19,526.28
8938,4469,11,2026-01-04,526.28
8939,4470,43,2026-01-28,972.51
8940,4470,3,2026-01-25,972.51
8941,4471,27,2026-02-12,1201.78
8942,4471,21,2026-06-07,1201.78
8943,4472,5,2026-02-12,1968.18
8944,4472,34,2026-07-13,1968.17
8945,4473,37,2026-07-03,808.28
8946,4473,35,2026-06-27,808.28
8947,4474,2,2026-07-03,1921.2
8948,4474,32,2026-05-25,1921.2
8949,4475,63,2026-04-09,1133.72
8950,4475,25,2026-04-13,1133.72
8951,4476,14,2026-02-24,737.03
8952,4476,31,2026-04-26,737.04
8953,4477,17,2026-04-27,883.44
8954,4477,38,2026-05-28,883.43
8955,4478,49,2026-04-13,1313.08
8956,4478,16,2026-07-17,1313.09
8957,4479,69,2026-03-06,779.49
8958,4479,39,2026-06-03,779.49
8959,4480,51,2026-03-14,990.21
8960,4480,13,2026-02-02,990.2
8961,4481,17,2026-04-20,947.61
8962,4481,9,2026-03-16,947.61
8963,4482,58,2026-01-10,1681.92
8964,4482,19,2026-02-07,1681.91
8965,4483,30,2026-06-09,1523.13
8966,4483,8,2026-04-13,1523.12
8967,4484,65,2026-02-24,1659.63
8968,4484,5,2026-04-01,1659.63
8969,4485,18,2026-02-10,933.51
8970,4485,52,2026-04-11,933.52
8971,4486,20,2026-06-25,1357.25
8972,4486,36,2026-02-03,1357.26
8973,4487,68,2026-01-18,1272.79
8974,4487,33,2026-06-08,1272.79
8975,4488,41,2026-06-02,980.55
8976,4488,50,2026-03-09,980.55
8977,4489,32,2026-03-28,1088.38
8978,4489,68,2026-04-17,1088.39
8979,4490,21,2026-07-11,933.07
8980,4490,67,2026-03-16,933.06
8981,4491,67,2026-04-11,1925.49
8982,4491,52,2026-05-07,1925.49
8983,4492,34,2026-04-06,1655.04
8984,4492,38,2026-07-05,1655.04
8985,4493,28,2026-06-28,857.22
8986,4493,25,2026-07-09,857.23
8987,4494,68,2026-06-01,1285.48
8988,4494,57,2026-02-05,1285.48
8989,4495,55,2026-01-22,1404.21
8990,4495,35,2026-03-21,1404.2
8991,4496,31,2026-03-10,1102.38
8992,4496,39,2026-04-11,1102.37
8993,4497,52,2026-02-03,923.32
8994,4497,2,2026-05-28,923.33
8995,4498,29,2026-07-16,1952.36
8996,4498,38,2026-07-02,1952.35
8997,4499,4,2026-05-07,1837.2
8998,4499,18,2026-03-13,1837.2
8999,4500,27,2026-03-05,1412.63
9000,4500,8,2026-05-18,1412.64
9001,4501,22,2026-02-05,1598.06
9002,4501,40,2026-02-26,1598.07
9003,4502,23,2026-03-25,978.68
9004,4502,37,2026-01-18,978.67
9005,4503,23,2026-02-27,1943.77
9006,4503,37,2026-01-11,1943.78
9007,4504,27,2026-05-28,1799.81
9008,4504,54,2026-03-13,1799.81
9009,4505,8,2026-01-28,1382.32
9010,4505,35,2026-01-12,1382.32
9011,4506,18,2026-04-12,885.47
9012,4506,69,2026-02-21,885.48
9013,4507,35,2026-07-02,1712.99
9014,4507,9,2026-06-10,1712.98
9015,4508,30,2026-06-15,923.85
9016,4508,33,2026-03-19,923.85
9017,4509,43,2026-07-13,1657.76
9018,4509,40,2026-05-05,1657.77
9019,4510,8,2026-03-07,484.51
9020,4510,58,2026-06-13,484.52
9021,4511,29,2026-01-07,531.01
9022,4511,37,2026-06-03,531.02
9023,4512,45,2026-07-13,1456.01
9024,4512,47,2026-07-05,1456.01
9025,4513,36,2026-03-15,1525.38
9026,4513,68,2026-06-10,1525.38
9027,4514,55,2026-06-23,1839.94
9028,4514,10,2026-01-11,1839.94
9029,4515,28,2026-01-24,1647.83
9030,4515,21,2026-02-01,1647.82
9031,4516,63,2026-04-23,1715.24
9032,4516,67,2026-03-08,1715.23
9033,4517,63,2026-04-11,1307.89
9034,4517,69,2026-05-21,1307.89
9035,4518,38,2026-02-02,842.57
9036,4518,37,2026-01-26,842.57
9037,4519,64,2026-01-27,722.46
9038,4519,17,2026-03-03,722.46
9039,4520,4,2026-03-06,1950.95
9040,4520,2,2026-07-17,1950.95
9041,4521,24,2026-05-17,1401.19
9042,4521,54,2026-01-12,1401.2
9043,4522,41,2026-05-19,1992.6
9044,4522,57,2026-04-10,1992.61
9045,4523,10,2026-04-22,1165.34
9046,4523,61,2026-01-15,1165.33
9047,4524,29,2026-05-15,849.92
9048,4524,22,2026-06-17,849.92
9049,4525,46,2026-02-09,1910.44
9050,4525,5,2026-06-15,1910.44
9051,4526,52,2026-01-24,1222.71
9052,4526,43,2026-07-27,1222.71
9053,4527,13,2026-04-21,1228.71
9054,4527,29,2026-03-20,1228.71
9055,4528,21,2026-01-27,901.71
9056,4528,48,2026-05-01,901.72
9057,4529,38,2026-04-23,720.43
9058,4529,37,2026-04-25,720.43
9059,4530,5,2026-06-25,1245.99
9060,4530,6,2026-05-14,1245.99
9061,4531,69,2026-04-11,987.04
9062,4531,31,2026-04-12,987.04
9063,4532,41,2026-02-22,1441.7
9064,4532,6,2026-05-25,1441.71
9065,4533,46,2026-02-16,1462.55
9066,4533,65,2026-07-15,1462.55
9067,4534,5,2026-03-07,1414.73
9068,4534,32,2026-01-16,1414.73
9069,4535,67,2026-04-24,788.38
9070,4535,35,2026-04-13,788.39
9071,4536,7,2026-07-01,1412.2
9072,4536,36,2026-07-26,1412.2
9073,4537,28,2026-05-17,877.63
9074,4537,19,2026-04-19,877.64
9075,4538,51,2026-01-25,1391.08
9076,4538,60,2026-02-13,1391.08
9077,4539,63,2026-01-05,1097.54
9078,4539,21,2026-04-19,1097.55
9079,4540,39,2026-05-07,689.74
9080,4540,6,2026-07-04,689.75
9081,4541,41,2026-06-27,1232.59
9082,4541,69,2026-03-10,1232.58
9083,4542,11,2026-03-08,1692.55
9084,4542,22,2026-03-07,1692.55
9085,4543,1,2026-04-02,1546.62
9086,4543,15,2026-07-05,1546.62
9087,4544,48,2026-05-20,958.7
9088,4544,58,2026-07-23,958.71
9089,4545,6,2026-04-18,1598.62
9090,4545,54,2026-04-06,1598.62
9091,4546,67,2026-01-21,1310.04
9092,4546,18,2026-02-06,1310.03
9093,4547,66,2026-02-04,1007.26
9094,4547,45,2026-05-17,1007.26
9095,4548,46,2026-03-07,1218.74
9096,4548,33,2026-03-09,1218.74
9097,4549,47,2026-06-01,1422.59
9098,4549,21,2026-05-07,1422.58
9099,4550,24,2026-05-17,1903.15
9100,4550,23,2026-03-09,1903.15
9101,4551,67,2026-05-25,1185.43
9102,4551,18,2026-07-18,1185.44
9103,4552,63,2026-03-21,760.2
9104,4552,27,2026-07-27,760.21
9105,4553,8,2026-07-13,739.51
9106,4553,7,2026-04-18,739.52
9107,4554,27,2026-04-02,1403.57
9108,4554,3,2026-03-16,1403.56
9109,4555,30,2026-06-25,1748.92
9110,4555,17,2026-01-12,1748.92
9111,4556,2,2026-07-06,1578.77
9112,4556,59,2026-05-19,1578.77
9113,4557,45,2026-07-22,770.31
9114,4557,50,2026-03-15,770.31
9115,4558,36,2026-06-10,1606.79
9116,4558,40,2026-02-11,1606.8
9117,4559,61,2026-06-14,1944.32
9118,4559,60,2026-06-27,1944.33
9119,4560,35,2026-06-03,1406.39
9120,4560,13,2026-02-06,1406.38
9121,4561,61,2026-04-09,742.44
9122,4561,15,2026-03-04,742.44
9123,4562,1,2026-04-07,1732.62
9124,4562,25,2026-06-01,1732.61
9125,4563,29,2026-04-22,1975.45
9126,4563,52,2026-01-14,1975.44
9127,4564,30,2026-03-09,1603.79
9128,4564,43,2026-02-21,1603.78
9129,4565,31,2026-02-02,1651.46
9130,4565,9,2026-02-22,1651.47
9131,4566,38,2026-07-13,1232.71
9132,4566,31,2026-05-10,1232.72
9133,4567,39,2026-05-20,994.58
9134,4567,62,2026-06-13,994.58
9135,4568,2,2026-05-25,1536.67
9136,4568,15,2026-03-22,1536.67
9137,4569,48,2026-06-09,1587.81
9138,4569,29,2026-01-12,1587.82
9139,4570,68,2026-06-08,1106.72
9140,4570,21,2026-04-03,1106.72
9141,4571,15,2026-02-13,409.59
9142,4571,30,2026-06-11,409.58
9143,4572,24,2026-03-07,1975.96
9144,4572,25,2026-01-15,1975.96
9145,4573,13,2026-02-22,1733.81
9146,4573,63,2026-07-12,1733.81
9147,4574,1,2026-06-26,1222.11
9148,4574,57,2026-05-20,1222.1
9149,4575,26,2026-02-15,1397.15
9150,4575,9,2026-01-12,1397.16
9151,4576,22,2026-01-24,1829.16
9152,4576,46,2026-02-23,1829.15
9153,4577,17,2026-01-08,1779.52
9154,4577,40,2026-02-25,1779.51
9155,4578,32,2026-05-09,1626.4
9156,4578,34,2026-04-16,1626.4
9157,4579,55,2026-04-09,616.55
9158,4579,32,2026-06-17,616.56
9159,4580,25,2026-02-24,1845.75
9160,4580,60,2026-06-08,1845.74
9161,4581,56,2026-02-27,713.25
9162,4581,66,2026-02-05,713.26
9163,4582,26,2026-07-04,426.23
9164,4582,54,2026-04-06,426.22
9165,4583,62,2026-05-21,1964.55
9166,4583,21,2026-04-17,1964.55
9167,4584,4,2026-07-15,480.64
9168,4584,33,2026-07-14,480.65
9169,4585,39,2026-03-23,1919.2
9170,4585,57,2026-06-09,1919.2
9171,4586,2,2026-07-07,1917.99
9172,4586,28,2026-04-22,1918
9173,4587,2,2026-01-02,1242.4
9174,4587,5,2026-03-22,1242.4
9175,4588,64,2026-01-10,1149.36
9176,4588,1,2026-01-13,1149.36
9177,4589,20,2026-01-15,947.04
9178,4589,29,2026-04-10,947.04
9179,4590,59,2026-04-11,904.44
9180,4590,31,2026-03-01,904.43
9181,4591,29,2026-02-14,974.56
9182,4591,25,2026-04-12,974.57
9183,4592,30,2026-03-17,998.61
9184,4592,4,2026-01-08,998.61
9185,4593,1,2026-07-24,1659.19
9186,4593,13,2026-02-16,1659.19
9187,4594,59,2026-01-11,569.78
9188,4594,35,2026-07-21,569.77
9189,4595,11,2026-04-12,809.81
9190,4595,29,2026-06-22,809.81
9191,4596,8,2026-06-05,1462.04
9192,4596,19,2026-07-03,1462.04
9193,4597,40,2026-03-26,1674.51
9194,4597,46,2026-02-04,1674.51
9195,4598,30,2026-02-20,604.09
9196,4598,50,2026-06-17,604.08
9197,4599,19,2026-07-24,1961.76
9198,4599,15,2026-03-24,1961.75
9199,4600,11,2026-01-21,1674.25
9200,4600,23,2026-06-16,1674.26
9201,4601,49,2026-06-07,1494.24
9202,4601,66,2026-05-13,1494.24
9203,4602,14,2026-03-26,1495.33
9204,4602,30,2026-02-08,1495.34
9205,4603,26,2026-06-05,1414.96
9206,4603,14,2026-07-15,1414.97
9207,4604,57,2026-01-16,1193.53
9208,4604,28,2026-02-14,1193.54
9209,4605,64,2026-07-15,1564.88
9210,4605,20,2026-06-22,1564.87
9211,4606,56,2026-05-13,801.67
9212,4606,46,2026-05-12,801.67
9213,4607,51,2026-02-05,749.57
9214,4607,44,2026-05-22,749.58
9215,4608,39,2026-03-05,1329.64
9216,4608,62,2026-05-21,1329.65
9217,4609,23,2026-03-25,1150.47
9218,4609,10,2026-04-27,1150.48
9219,4610,13,2026-07-05,1758.45
9220,4610,15,2026-04-18,1758.45
9221,4611,19,2026-05-16,1954.65
9222,4611,46,2026-01-05,1954.66
9223,4612,30,2026-02-19,1710.08
9224,4612,23,2026-04-13,1710.09
9225,4613,56,2026-07-01,1063.37
9226,4613,44,2026-03-28,1063.37
9227,4614,65,2026-06-13,1131.67
9228,4614,8,2026-04-01,1131.68
9229,4615,67,2026-05-20,1112.86
9230,4615,49,2026-07-23,1112.86
9231,4616,52,2026-05-10,1312.01
9232,4616,25,2026-02-23,1312.01
9233,4617,61,2026-01-22,628.41
9234,4617,27,2026-03-26,628.4
9235,4618,62,2026-02-26,1638.52
9236,4618,6,2026-03-09,1638.53
9237,4619,69,2026-02-07,1910.15
9238,4619,37,2026-06-17,1910.14
9239,4620,67,2026-01-27,1735.89
9240,4620,41,2026-02-06,1735.89
9241,4621,17,2026-01-10,1568.73
9242,4621,47,2026-04-26,1568.73
9243,4622,63,2026-04-09,1921.16
9244,4622,39,2026-06-27,1921.16
9245,4623,4,2026-07-25,1906.12
9246,4623,17,2026-03-12,1906.12
9247,4624,13,2026-04-11,1508.31
9248,4624,53,2026-06-09,1508.31
9249,4625,38,2026-01-20,1539.91
9250,4625,58,2026-04-19,1539.9
9251,4626,16,2026-06-07,1448.44
9252,4626,14,2026-05-20,1448.45
9253,4627,18,2026-03-05,1351.19
9254,4627,68,2026-07-05,1351.19
9255,4628,50,2026-04-09,1829.91
9256,4628,42,2026-07-18,1829.9
9257,4629,46,2026-01-05,936.12
9258,4629,59,2026-05-14,936.12
9259,4630,28,2026-03-08,1609.29
9260,4630,21,2026-01-26,1609.29
9261,4631,12,2026-07-18,1082.94
9262,4631,1,2026-07-15,1082.94
9263,4632,60,2026-05-19,438.22
9264,4632,3,2026-07-20,438.22
9265,4633,14,2026-03-20,1101.72
9266,4633,25,2026-06-14,1101.72
9267,4634,25,2026-01-26,1998.03
9268,4634,48,2026-07-05,1998.03
9269,4635,65,2026-03-26,989.51
9270,4635,41,2026-03-20,989.51
9271,4636,63,2026-04-07,1273.79
9272,4636,6,2026-02-05,1273.78
9273,4637,16,2026-04-14,1643.08
9274,4637,19,2026-04-08,1643.08
9275,4638,22,2026-07-04,1130.88
9276,4638,10,2026-03-18,1130.88
9277,4639,61,2026-01-02,1378.62
9278,4639,58,2026-03-24,1378.63
9279,4640,51,2026-04-02,1061.13
9280,4640,17,2026-01-02,1061.12
9281,4641,37,2026-06-13,1011.8
9282,4641,46,2026-01-28,1011.81
9283,4642,11,2026-02-26,1006.9
9284,4642,28,2026-06-12,1006.91
9285,4643,59,2026-01-28,1766.55
9286,4643,61,2026-04-05,1766.55
9287,4644,22,2026-07-18,944.5
9288,4644,22,2026-03-15,944.51
9289,4645,31,2026-01-05,1424.75
9290,4645,47,2026-05-13,1424.74
9291,4646,28,2026-07-17,1998.17
9292,4646,27,2026-03-11,1998.18
9293,4647,8,2026-05-06,639.5
9294,4647,8,2026-06-02,639.5
9295,4648,64,2026-01-06,802.91
9296,4648,9,2026-07-16,802.92
9297,4649,21,2026-07-28,1292.72
9298,4649,61,2026-06-15,1292.72
9299,4650,37,2026-01-11,1426.96
9300,4650,39,2026-01-13,1426.96
9301,4651,32,2026-06-25,531.82
9302,4651,41,2026-03-14,531.81
9303,4652,61,2026-03-08,1188.38
9304,4652,60,2026-05-22,1188.38
9305,4653,6,2026-04-14,516.88
9306,4653,16,2026-01-20,516.88
9307,4654,16,2026-04-01,1705.83
9308,4654,51,2026-04-17,1705.83
9309,4655,1,2026-07-04,948.53
9310,4655,27,2026-04-25,948.53
9311,4656,1,2026-05-01,772.51
9312,4656,30,2026-05-25,772.5
9313,4657,26,2026-01-08,1626.52
9314,4657,20,2026-03-12,1626.52
9315,4658,13,2026-01-15,1450.61
9316,4658,66,2026-01-09,1450.62
9317,4659,66,2026-01-24,589.3
9318,4659,57,2026-07-08,589.31
9319,4660,69,2026-05-02,1214.37
9320,4660,59,2026-06-13,1214.38
9321,4661,69,2026-06-05,1410.87
9322,4661,11,2026-03-21,1410.86
9323,4662,7,2026-07-14,1634.64
9324,4662,39,2026-04-09,1634.64
9325,4663,44,2026-01-13,1519.62
9326,4663,9,2026-04-12,1519.62
9327,4664,10,2026-05-28,956.76
9328,4664,11,2026-04-08,956.76
9329,4665,36,2026-04-25,1208.99
9330,4665,9,2026-05-28,1208.99
9331,4666,37,2026-03-15,503.05
9332,4666,28,2026-06-09,503.05
9333,4667,40,2026-06-26,1254.54
9334,4667,33,2026-07-12,1254.54
9335,4668,6,2026-04-19,1606.44
9336,4668,11,2026-01-27,1606.43
9337,4669,5,2026-05-21,964.13
9338,4669,68,2026-02-08,964.14
9339,4670,24,2026-02-15,1130.76
9340,4670,10,2026-02-18,1130.77
9341,4671,48,2026-04-18,568.74
9342,4671,19,2026-05-16,568.74
9343,4672,61,2026-06-04,1911.18
9344,4672,10,2026-04-22,1911.19
9345,4673,48,2026-01-02,1513.85
9346,4673,8,2026-07-19,1513.85
9347,4674,2,2026-05-17,471.84
9348,4674,64,2026-03-07,471.85
9349,4675,21,2026-04-10,1684.9
9350,4675,38,2026-06-26,1684.9
9351,4676,3,2026-02-13,696.81
9352,4676,45,2026-03-26,696.82
9353,4677,32,2026-01-24,1431.52
9354,4677,40,2026-03-21,1431.53
9355,4678,46,2026-04-05,1643.53
9356,4678,31,2026-07-17,1643.53
9357,4679,61,2026-04-03,1305.87
9358,4679,1,2026-06-09,1305.86
9359,4680,66,2026-03-10,776.17
9360,4680,61,2026-03-24,776.17
9361,4681,7,2026-03-03,1797.43
9362,4681,10,2026-04-02,1797.44
9363,4682,26,2026-07-08,546.7
9364,4682,55,2026-05-25,546.7
9365,4683,58,2026-02-20,411.21
9366,4683,31,2026-05-02,411.22
9367,4684,39,2026-01-17,987.76
9368,4684,59,2026-06-18,987.76
9369,4685,58,2026-04-19,675.62
9370,4685,48,2026-06-02,675.62
9371,4686,39,2026-07-09,1185.84
9372,4686,21,2026-02-06,1185.83
9373,4687,26,2026-03-17,478.83
9374,4687,2,2026-04-01,478.82
9375,4688,47,2026-01-04,1957.25
9376,4688,40,2026-05-15,1957.24
9377,4689,35,2026-01-25,676.92
9378,4689,45,2026-06-09,676.93
9379,4690,42,2026-03-10,1951.67
9380,4690,39,2026-01-21,1951.67
9381,4691,56,2026-04-21,466.19
9382,4691,29,2026-04-27,466.19
9383,4692,22,2026-02-11,869.75
9384,4692,34,2026-07-19,869.76
9385,4693,19,2026-02-06,1726.69
9386,4693,69,2026-03-22,1726.68
9387,4694,62,2026-07-25,1279.57
9388,4694,65,2026-04-07,1279.57
9389,4695,8,2026-04-06,1338.87
9390,4695,49,2026-02-28,1338.88
9391,4696,38,2026-07-05,606.91
9392,4696,44,2026-05-03,606.91
9393,4697,33,2026-04-09,1603.89
9394,4697,69,2026-02-22,1603.89
9395,4698,52,2026-04-10,1299.09
9396,4698,57,2026-03-10,1299.08
9397,4699,13,2026-03-16,1810.48
9398,4699,7,2026-03-25,1810.47
9399,4700,8,2026-04-27,1361.57
9400,4700,33,2026-07-26,1361.57
9401,4701,25,2026-04-20,1047.81
9402,4701,29,2026-01-05,1047.81
9403,4702,46,2026-02-08,1041.63
9404,4702,67,2026-01-04,1041.63
9405,4703,45,2026-03-16,1720.48
9406,4703,20,2026-01-28,1720.47
9407,4704,7,2026-03-28,1049.38
9408,4704,52,2026-05-18,1049.39
9409,4705,49,2026-06-11,1597.21
9410,4705,15,2026-04-12,1597.2
9411,4706,24,2026-03-02,705.34
9412,4706,52,2026-01-14,705.34
9413,4707,7,2026-02-26,423.49
9414,4707,29,2026-03-17,423.5
9415,4708,51,2026-05-06,1507.52
9416,4708,48,2026-06-24,1507.52
9417,4709,10,2026-07-23,975.43
9418,4709,48,2026-03-06,975.42
9419,4710,9,2026-03-07,653.98
9420,4710,15,2026-06-26,653.98
9421,4711,59,2026-02-09,698.49
9422,4711,65,2026-02-28,698.5
9423,4712,67,2026-06-22,1798.47
9424,4712,44,2026-03-04,1798.46
9425,4713,53,2026-06-25,1711.08
9426,4713,66,2026-06-01,1711.08
9427,4714,69,2026-02-27,1068.4
9428,4714,41,2026-05-25,1068.4
9429,4715,53,2026-06-17,1418.75
9430,4715,10,2026-07-15,1418.75
9431,4716,20,2026-06-19,1371.09
9432,4716,66,2026-02-28,1371.08
9433,4717,27,2026-02-07,736.32
9434,4717,67,2026-01-26,736.33
9435,4718,40,2026-02-07,1447.06
9436,4718,56,2026-03-25,1447.06
9437,4719,58,2026-01-04,473.12
9438,4719,29,2026-02-17,473.12
9439,4720,38,2026-06-13,632.53
9440,4720,65,2026-01-05,632.52
9441,4721,27,2026-07-05,1619.88
9442,4721,53,2026-03-14,1619.88
9443,4722,35,2026-06-20,830.32
9444,4722,63,2026-02-12,830.32
9445,4723,22,2026-06-17,503.41
9446,4723,53,2026-05-21,503.41
9447,4724,58,2026-02-03,444.18
9448,4724,64,2026-07-15,444.19
9449,4725,15,2026-05-04,1454.81
9450,4725,46,2026-03-26,1454.8
9451,4726,46,2026-07-08,972.78
9452,4726,18,2026-07-22,972.77
9453,4727,34,2026-06-23,1407.74
9454,4727,25,2026-04-15,1407.73
9455,4728,55,2026-03-27,415.11
9456,4728,46,2026-01-28,415.11
9457,4729,46,2026-07-15,1017.67
9458,4729,41,2026-07-08,1017.67
9459,4730,6,2026-05-01,1615.65
9460,4730,60,2026-05-10,1615.65
9461,4731,3,2026-06-18,968.06
9462,4731,27,2026-07-14,968.05
9463,4732,66,2026-03-21,1290.94
9464,4732,48,2026-05-27,1290.94
9465,4733,56,2026-04-14,1581.37
9466,4733,8,2026-02-26,1581.36
9467,4734,39,2026-01-18,1749.52
9468,4734,5,2026-01-21,1749.52
9469,4735,1,2026-06-18,1837.5
9470,4735,42,2026-04-09,1837.49
9471,4736,58,2026-05-28,1804.86
9472,4736,1,2026-07-25,1804.86
9473,4737,42,2026-07-15,1290.2
9474,4737,33,2026-06-11,1290.19
9475,4738,18,2026-03-01,1270.38
9476,4738,49,2026-06-18,1270.37
9477,4739,23,2026-06-09,649.86
9478,4739,41,2026-03-11,649.86
9479,4740,57,2026-07-09,677.61
9480,4740,36,2026-01-28,677.62
9481,4741,15,2026-05-07,1934.45
9482,4741,11,2026-04-10,1934.45
9483,4742,48,2026-03-19,1529.05
9484,4742,28,2026-06-27,1529.05
9485,4743,45,2026-03-27,713.83
9486,4743,41,2026-07-11,713.83
9487,4744,3,2026-07-27,1625.91
9488,4744,18,2026-04-28,1625.91
9489,4745,2,2026-04-11,636.37
9490,4745,56,2026-05-02,636.37
9491,4746,49,2026-05-26,1331.14
9492,4746,14,2026-05-20,1331.15
9493,4747,16,2026-04-10,1822.39
9494,4747,33,2026-03-18,1822.39
9495,4748,67,2026-06-13,704.03
9496,4748,62,2026-01-05,704.03
9497,4749,5,2026-05-23,1219.59
9498,4749,68,2026-06-16,1219.58
9499,4750,47,2026-03-17,682.23
9500,4750,18,2026-04-08,682.23
9501,4751,36,2026-02-22,1097.6
9502,4751,68,2026-07-12,1097.6
9503,4752,9,2026-03-02,810.21
9504,4752,4,2026-04-27,810.21
9505,4753,39,2026-05-07,1480.17
9506,4753,7,2026-01-23,1480.18
9507,4754,1,2026-07-09,1353.75
9508,4754,21,2026-07-11,1353.74
9509,4755,49,2026-02-14,438.23
9510,4755,28,2026-07-12,438.23
9511,4756,15,2026-05-07,670.34
9512,4756,40,2026-02-22,670.34
9513,4757,47,2026-06-02,1445.74
9514,4757,23,2026-07-28,1445.74
9515,4758,12,2026-03-19,1526.09
9516,4758,27,2026-02-24,1526.08
9517,4759,17,2026-02-21,1730.5
9518,4759,66,2026-01-21,1730.5
9519,4760,62,2026-01-19,1719.05
9520,4760,5,2026-04-24,1719.05
9521,4761,40,2026-07-07,635.46
9522,4761,68,2026-06-28,635.46
9523,4762,13,2026-01-19,1549.31
9524,4762,6,2026-06-05,1549.31
9525,4763,14,2026-03-23,530.79
9526,4763,62,2026-04-09,530.78
9527,4764,62,2026-04-08,1821.93
9528,4764,23,2026-06-24,1821.93
9529,4765,43,2026-02-01,502.01
9530,4765,51,2026-07-26,502.01
9531,4766,60,2026-01-08,626.39
9532,4766,48,2026-03-20,626.39
9533,4767,59,2026-04-10,1565.18
9534,4767,39,2026-06-09,1565.19
9535,4768,35,2026-07-28,588.63
9536,4768,24,2026-03-09,588.63
9537,4769,6,2026-07-02,770.36
9538,4769,21,2026-01-23,770.36
9539,4770,7,2026-04-25,1826.02
9540,4770,54,2026-07-22,1826.01
9541,4771,5,2026-06-06,1455.46
9542,4771,45,2026-05-10,1455.46
9543,4772,21,2026-06-02,843.16
9544,4772,24,2026-05-19,843.16
9545,4773,64,2026-05-19,1308.2
9546,4773,37,2026-03-08,1308.19
9547,4774,38,2026-06-10,702.64
9548,4774,20,2026-04-03,702.65
9549,4775,65,2026-07-22,1234.91
9550,4775,27,2026-06-15,1234.9
9551,4776,55,2026-05-06,1571.75
9552,4776,59,2026-05-18,1571.75
9553,4777,33,2026-04-18,1855.82
9554,4777,6,2026-03-03,1855.82
9555,4778,29,2026-01-20,473.21
9556,4778,37,2026-06-05,473.22
9557,4779,57,2026-03-26,639.95
9558,4779,37,2026-04-22,639.96
9559,4780,61,2026-04-19,830.64
9560,4780,45,2026-01-14,830.64
9561,4781,37,2026-02-22,1210.46
9562,4781,25,2026-07-26,1210.47
9563,4782,61,2026-03-14,1781.88
9564,4782,5,2026-07-01,1781.87
9565,4783,21,2026-04-08,1442.23
9566,4783,1,2026-07-20,1442.23
9567,4784,10,2026-06-06,401.82
9568,4784,28,2026-07-16,401.81
9569,4785,27,2026-06-15,1024.33
9570,4785,61,2026-06-07,1024.34
9571,4786,28,2026-04-07,1109.46
9572,4786,42,2026-01-19,1109.47
9573,4787,28,2026-02-01,1846.4
9574,4787,60,2026-02-22,1846.39
9575,4788,27,2026-06-13,482.52
9576,4788,54,2026-07-16,482.52
9577,4789,9,2026-07-01,403.14
9578,4789,24,2026-07-06,403.15
9579,4790,29,2026-06-27,1543.54
9580,4790,26,2026-01-17,1543.53
9581,4791,20,2026-03-23,571.21
9582,4791,2,2026-01-16,571.21
9583,4792,63,2026-03-17,693.17
9584,4792,16,2026-03-10,693.17
9585,4793,29,2026-05-10,1308.18
9586,4793,33,2026-01-12,1308.18
9587,4794,58,2026-03-19,737.22
9588,4794,23,2026-05-04,737.22
9589,4795,42,2026-05-15,1712.59
9590,4795,26,2026-06-06,1712.58
9591,4796,65,2026-06-06,1242.73
9592,4796,40,2026-06-08,1242.73
9593,4797,68,2026-01-07,426.1
9594,4797,67,2026-02-06,426.1
9595,4798,53,2026-06-15,1294.92
9596,4798,37,2026-04-28,1294.92
9597,4799,38,2026-03-28,1712.53
9598,4799,36,2026-06-07,1712.53
9599,4800,31,2026-07-12,1626.45
9600,4800,22,2026-06-01,1626.44
9601,4801,65,2026-03-10,1347.3
9602,4801,64,2026-02-01,1347.3
9603,4802,59,2026-02-26,1510.36
9604,4802,44,2026-05-11,1510.36
9605,4803,26,2026-07-14,1605.96
9606,4803,37,2026-02-09,1605.96
9607,4804,43,2026-01-25,1130.69
9608,4804,18,2026-05-07,1130.7
9609,4805,69,2026-03-17,726.24
9610,4805,46,2026-02-08,726.24
9611,4806,2,2026-05-16,1269.55
9612,4806,4,2026-06-12,1269.54
9613,4807,36,2026-03-01,1019.59
9614,4807,60,2026-06-27,1019.59
9615,4808,51,2026-06-18,1089.82
9616,4808,26,2026-05-08,1089.81
9617,4809,31,2026-01-12,646.29
9618,4809,56,2026-06-19,646.29
9619,4810,63,2026-01-25,940.36
9620,4810,5,2026-03-20,940.36
9621,4811,25,2026-01-07,1271.89
9622,4811,43,2026-02-15,1271.88
9623,4812,48,2026-06-06,1799.23
9624,4812,21,2026-07-21,1799.22
9625,4813,60,2026-01-04,576.89
9626,4813,6,2026-03-13,576.89
9627,4814,55,2026-03-24,1849.12
9628,4814,53,2026-05-03,1849.11
9629,4815,41,2026-02-21,1637.14
9630,4815,28,2026-05-02,1637.13
9631,4816,33,2026-04-13,897.77
9632,4816,30,2026-04-13,897.77
9633,4817,7,2026-03-11,1597.1
9634,4817,51,2026-04-21,1597.09
9635,4818,53,2026-04-06,956.85
9636,4818,48,2026-07-12,956.85
9637,4819,58,2026-07-13,1766.98
9638,4819,51,2026-05-23,1766.98
9639,4820,59,2026-07-04,552.43
9640,4820,43,2026-03-01,552.43
9641,4821,13,2026-07-11,448.9
9642,4821,68,2026-03-19,448.9
9643,4822,24,2026-01-08,1730.55
9644,4822,39,2026-01-19,1730.56
9645,4823,11,2026-04-28,1854.1
9646,4823,32,2026-02-20,1854.09
9647,4824,9,2026-04-07,972.59
9648,4824,64,2026-07-13,972.59
9649,4825,63,2026-04-12,650.91
9650,4825,56,2026-01-04,650.91
9651,4826,54,2026-05-24,941.05
9652,4826,69,2026-06-12,941.06
9653,4827,6,2026-06-13,1553.43
9654,4827,18,2026-02-25,1553.44
9655,4828,55,2026-07-19,1404.62
9656,4828,60,2026-02-05,1404.61
9657,4829,69,2026-03-26,1230.12
9658,4829,48,2026-05-08,1230.12
9659,4830,24,2026-06-25,1914.8
9660,4830,41,2026-02-28,1914.8
9661,4831,50,2026-06-13,688.72
9662,4831,1,2026-04-12,688.71
9663,4832,23,2026-03-07,1100.56
9664,4832,56,2026-07-09,1100.56
9665,4833,57,2026-03-09,1280.85
9666,4833,47,2026-06-08,1280.85
9667,4834,25,2026-03-08,1497.84
9668,4834,42,2026-05-19,1497.84
9669,4835,46,2026-02-02,800.71
9670,4835,1,2026-03-10,800.72
9671,4836,35,2026-01-17,758.18
9672,4836,24,2026-04-21,758.18
9673,4837,43,2026-03-26,548.64
9674,4837,56,2026-03-03,548.65
9675,4838,56,2026-07-27,1388.48
9676,4838,28,2026-01-18,1388.48
9677,4839,61,2026-06-06,696.71
9678,4839,23,2026-02-09,696.7
9679,4840,2,2026-03-10,1427.1
9680,4840,30,2026-07-25,1427.09
9681,4841,41,2026-03-20,1669.93
9682,4841,38,2026-03-17,1669.94
9683,4842,45,2026-07-17,801.67
9684,4842,15,2026-04-15,801.67
9685,4843,67,2026-04-20,1911.82
9686,4843,26,2026-07-19,1911.81
9687,4844,52,2026-03-12,1517.5
9688,4844,33,2026-04-14,1517.5
9689,4845,11,2026-07-18,971.76
9690,4845,53,2026-02-24,971.75
9691,4846,38,2026-05-27,1132.64
9692,4846,32,2026-01-24,1132.65
9693,4847,13,2026-07-25,1040.21
9694,4847,48,2026-06-03,1040.21
9695,4848,63,2026-05-16,1793.43
9696,4848,2,2026-07-03,1793.44
9697,4849,16,2026-02-26,721.29
9698,4849,26,2026-04-01,721.3
9699,4850,4,2026-03-04,1834.66
9700,4850,21,2026-04-19,1834.66
9701,4851,46,2026-06-24,762.82
9702,4851,43,2026-02-17,762.82
9703,4852,28,2026-07-03,1642.96
9704,4852,15,2026-02-26,1642.95
9705,4853,17,2026-06-04,913.99
9706,4853,67,2026-02-10,913.99
9707,4854,34,2026-03-12,1913.49
9708,4854,59,2026-02-27,1913.49
9709,4855,54,2026-04-10,1816.66
9710,4855,34,2026-02-28,1816.67
9711,4856,46,2026-02-20,1357.5
9712,4856,37,2026-02-28,1357.51
9713,4857,59,2026-05-15,838.5
9714,4857,67,2026-03-28,838.5
9715,4858,64,2026-03-25,1281.39
9716,4858,56,2026-07-03,1281.39
9717,4859,4,2026-04-16,485.35
9718,4859,58,2026-04-05,485.35
9719,4860,64,2026-04-09,1105.46
9720,4860,50,2026-06-17,1105.47
9721,4861,37,2026-05-17,476.1
9722,4861,16,2026-06-19,476.1
9723,4862,43,2026-04-13,1525.92
9724,4862,35,2026-07-24,1525.93
9725,4863,1,2026-04-22,1287.32
9726,4863,62,2026-03-13,1287.31
9727,4864,46,2026-05-20,938.26
9728,4864,46,2026-07-21,938.26
9729,4865,41,2026-02-08,1674.49
9730,4865,50,2026-03-16,1674.49
9731,4866,16,2026-02-01,422.65
9732,4866,61,2026-06-07,422.65
9733,4867,19,2026-03-19,450.94
9734,4867,27,2026-05-10,450.94
9735,4868,40,2026-06-11,1368.9
9736,4868,64,2026-07-07,1368.9
9737,4869,66,2026-05-25,1722.8
9738,4869,1,2026-02-09,1722.79
9739,4870,18,2026-01-13,1925.79
9740,4870,10,2026-07-04,1925.79
9741,4871,10,2026-07-13,604.94
9742,4871,17,2026-06-08,604.93
9743,4872,53,2026-01-15,666.02
9744,4872,34,2026-04-04,666.02
9745,4873,12,2026-07-25,1939.14
9746,4873,44,2026-03-15,1939.13
9747,4874,62,2026-05-06,1764.7
9748,4874,59,2026-01-16,1764.7
9749,4875,18,2026-01-14,1733.24
9750,4875,23,2026-01-13,1733.23
9751,4876,56,2026-07-02,1807.87
9752,4876,48,2026-03-13,1807.88
9753,4877,64,2026-02-05,881.27
9754,4877,66,2026-05-18,881.28
9755,4878,21,2026-01-26,747.66
9756,4878,30,2026-05-24,747.66
9757,4879,69,2026-07-25,439.84
9758,4879,63,2026-05-12,439.84
9759,4880,62,2026-04-25,1389.08
9760,4880,68,2026-02-19,1389.08
9761,4881,27,2026-06-25,1395.67
9762,4881,65,2026-06-11,1395.66
9763,4882,7,2026-03-07,1097.28
9764,4882,11,2026-07-01,1097.27
9765,4883,15,2026-01-11,959.4
9766,4883,54,2026-01-03,959.41
9767,4884,29,2026-02-23,1198
9768,4884,24,2026-02-10,1198
9769,4885,62,2026-05-06,1304.83
9770,4885,55,2026-05-27,1304.82
9771,4886,6,2026-06-06,521.1
9772,4886,12,2026-07-05,521.09
9773,4887,15,2026-06-26,1188.2
9774,4887,3,2026-02-03,1188.19
9775,4888,56,2026-07-21,1747.95
9776,4888,23,2026-01-05,1747.96
9777,4889,32,2026-06-13,1384.83
9778,4889,51,2026-04-22,1384.82
9779,4890,27,2026-05-14,1714.81
9780,4890,17,2026-07-28,1714.8
9781,4891,1,2026-07-27,1082.46
9782,4891,26,2026-03-24,1082.47
9783,4892,32,2026-01-20,1053.67
9784,4892,30,2026-03-27,1053.67
9785,4893,8,2026-05-05,1318.9
9786,4893,53,2026-06-27,1318.89
9787,4894,31,2026-03-27,533.04
9788,4894,20,2026-07-10,533.04
9789,4895,54,2026-07-20,1133.79
9790,4895,55,2026-06-02,1133.78
9791,4896,55,2026-07-12,800.58
9792,4896,47,2026-07-19,800.58
9793,4897,43,2026-05-21,1172.29
9794,4897,24,2026-03-28,1172.28
9795,4898,69,2026-06-27,1140.58
9796,4898,52,2026-05-18,1140.58
9797,4899,14,2026-03-14,1689.01
9798,4899,11,2026-05-12,1689.01
9799,4900,16,2026-04-13,1908.7
9800,4900,44,2026-01-04,1908.69
9801,4901,3,2026-06-11,703.23
9802,4901,52,2026-03-13,703.23
9803,4902,59,2026-02-17,1489.6
9804,4902,18,2026-06-17,1489.6
9805,4903,48,2026-01-15,837.09
9806,4903,3,2026-04-02,837.09
9807,4904,60,2026-05-02,1647.52
9808,4904,53,2026-02-14,1647.52
9809,4905,31,2026-03-12,1942.87
9810,4905,5,2026-04-03,1942.86
9811,4906,30,2026-07-03,1662.11
9812,4906,17,2026-07-28,1662.1
9813,4907,44,2026-04-13,1118.15
9814,4907,15,2026-03-20,1118.15
9815,4908,64,2026-07-18,762.32
9816,4908,34,2026-05-22,762.32
9817,4909,3,2026-03-08,1528.06
9818,4909,17,2026-04-03,1528.05
9819,4910,65,2026-06-16,1787.26
9820,4910,34,2026-02-04,1787.25
9821,4911,20,2026-06-26,830.87
9822,4911,19,2026-02-20,830.87
9823,4912,67,2026-04-06,1213.89
9824,4912,49,2026-02-14,1213.9
9825,4913,5,2026-03-05,1634.94
9826,4913,56,2026-06-23,1634.95
9827,4914,35,2026-07-09,612.83
9828,4914,45,2026-04-20,612.82
9829,4915,16,2026-04-09,527.46
9830,4915,22,2026-06-22,527.46
9831,4916,6,2026-03-15,1637.09
9832,4916,4,2026-01-14,1637.08
9833,4917,42,2026-02-18,1636.7
9834,4917,9,2026-05-05,1636.7
9835,4918,20,2026-02-12,1827.39
9836,4918,28,2026-04-09,1827.38
9837,4919,9,2026-03-04,1925.09
9838,4919,27,2026-06-18,1925.08
9839,4920,46,2026-03-12,1912.15
9840,4920,30,2026-07-19,1912.15
9841,4921,63,2026-06-21,473.12
9842,4921,27,2026-03-11,473.11
9843,4922,10,2026-07-22,1946.68
9844,4922,62,2026-02-26,1946.69
9845,4923,48,2026-02-27,662.23
9846,4923,24,2026-06-16,662.22
9847,4924,23,2026-03-18,449.81
9848,4924,2,2026-03-02,449.82
9849,4925,2,2026-06-06,770.44
9850,4925,29,2026-01-28,770.43
9851,4926,5,2026-03-23,1554
9852,4926,43,2026-06-17,1554
9853,4927,62,2026-06-24,1358.48
9854,4927,44,2026-03-22,1358.47
9855,4928,20,2026-01-12,1845.17
9856,4928,17,2026-04-17,1845.16
9857,4929,11,2026-02-13,1022.58
9858,4929,62,2026-05-05,1022.58
9859,4930,17,2026-01-05,854.53
9860,4930,37,2026-06-14,854.53
9861,4931,66,2026-07-20,1257.46
9862,4931,61,2026-06-07,1257.46
9863,4932,44,2026-06-09,953.97
9864,4932,20,2026-05-19,953.96
9865,4933,3,2026-02-02,831.04
9866,4933,58,2026-04-04,831.04
9867,4934,62,2026-06-15,931.54
9868,4934,60,2026-01-27,931.54
9869,4935,31,2026-07-02,1127.36
9870,4935,66,2026-06-18,1127.37
9871,4936,17,2026-01-07,1330.14
9872,4936,48,2026-05-13,1330.15
9873,4937,67,2026-02-12,482.4
9874,4937,64,2026-02-25,482.4
9875,4938,45,2026-02-28,520.3
9876,4938,45,2026-03-15,520.3
9877,4939,12,2026-05-05,1314.74
9878,4939,57,2026-06-03,1314.74
9879,4940,50,2026-07-01,1275.78
9880,4940,58,2026-05-24,1275.78
9881,4941,15,2026-07-16,1473.19
9882,4941,64,2026-04-09,1473.18
9883,4942,14,2026-03-09,1742.21
9884,4942,38,2026-01-04,1742.21
9885,4943,21,2026-02-19,555.06
9886,4943,62,2026-04-28,555.06
9887,4944,18,2026-06-15,1320.52
9888,4944,10,2026-07-04,1320.52
9889,4945,44,2026-02-08,710.84
9890,4945,38,2026-07-03,710.84
9891,4946,61,2026-02-09,1874.44
9892,4946,64,2026-04-11,1874.45
9893,4947,17,2026-02-26,1401.5
9894,4947,25,2026-02-13,1401.5
9895,4948,48,2026-02-02,1452.79
9896,4948,44,2026-04-01,1452.78
9897,4949,22,2026-05-04,817.83
9898,4949,17,2026-02-21,817.84
9899,4950,11,2026-04-19,1166.16
9900,4950,15,2026-02-18,1166.16
9901,4951,52,2026-07-05,670.63
9902,4951,16,2026-06-14,670.63
9903,4952,67,2026-06-22,618.77
9904,4952,67,2026-02-17,618.76
9905,4953,2,2026-07-28,1029.46
9906,4953,4,2026-05-25,1029.47
9907,4954,27,2026-03-02,749.87
9908,4954,55,2026-04-22,749.86
9909,4955,21,2026-07-25,407.25
9910,4955,32,2026-07-04,407.26
9911,4956,15,2026-01-24,1159.39
9912,4956,31,2026-03-08,1159.4
9913,4957,68,2026-07-07,1540.15
9914,4957,38,2026-07-08,1540.15
9915,4958,5,2026-06-05,1173.97
9916,4958,12,2026-01-04,1173.98
9917,4959,49,2026-02-09,1701.57
9918,4959,57,2026-01-23,1701.56
9919,4960,63,2026-04-13,1562.73
9920,4960,27,2026-01-07,1562.73
9921,4961,60,2026-02-11,1587.64
9922,4961,45,2026-01-03,1587.64
9923,4962,69,2026-07-06,702.09
9924,4962,61,2026-06-11,702.1
9925,4963,21,2026-04-06,942.03
9926,4963,42,2026-01-08,942.03
9927,4964,32,2026-03-16,1272.76
9928,4964,60,2026-05-01,1272.75
9929,4965,6,2026-03-04,754.79
9930,4965,3,2026-02-10,754.79
9931,4966,26,2026-02-23,508.28
9932,4966,44,2026-06-11,508.28
9933,4967,33,2026-06-22,1214.9
9934,4967,36,2026-04-21,1214.89
9935,4968,42,2026-01-02,1541.71
9936,4968,46,2026-03-17,1541.71
9937,4969,48,2026-04-28,687.11
9938,4969,56,2026-01-25,687.1
9939,4970,35,2026-02-11,868.12
9940,4970,52,2026-01-19,868.12
9941,4971,41,2026-07-24,1216.09
9942,4971,17,2026-02-14,1216.09
9943,4972,23,2026-07-01,1439.73
9944,4972,45,2026-04-12,1439.73
9945,4973,66,2026-04-07,447.39
9946,4973,20,2026-04-14,447.38
9947,4974,14,2026-06-26,1173.38
9948,4974,61,2026-07-08,1173.38
9949,4975,18,2026-07-01,1258.05
9950,4975,20,2026-06-12,1258.06
9951,4976,42,2026-05-07,1987.36
9952,4976,15,2026-01-22,1987.37
9953,4977,25,2026-01-28,766.95
9954,4977,19,2026-05-19,766.96
9955,4978,31,2026-02-27,1666.04
9956,4978,21,2026-06-04,1666.03
9957,4979,57,2026-06-04,1164.75
9958,4979,17,2026-03-04,1164.76
9959,4980,59,2026-05-16,1447.31
9960,4980,63,2026-03-16,1447.31
9961,4981,7,2026-02-19,1728.37
9962,4981,34,2026-04-19,1728.38
9963,4982,28,2026-05-12,516.56
9964,4982,17,2026-05-17,516.57
9965,4983,12,2026-02-17,1137.81
9966,4983,33,2026-06-28,1137.81
9967,4984,48,2026-03-04,1177.01
9968,4984,28,2026-05-25,1177.01
9969,4985,53,2026-07-14,877.36
9970,4985,45,2026-07-07,877.36
9971,4986,17,2026-01-07,1804.02
9972,4986,46,2026-03-25,1804.03
9973,4987,35,2026-07-15,453.07
9974,4987,34,2026-03-14,453.07
9975,4988,50,2026-02-25,1164.21
9976,4988,61,2026-03-13,1164.2
9977,4989,65,2026-02-22,1465.81
9978,4989,69,2026-02-10,1465.81
9979,4990,11,2026-06-28,574.57
9980,4990,14,2026-02-20,574.57
9981,4991,67,2026-03-14,1050.66
9982,4991,58,2026-05-24,1050.66
9983,4992,11,2026-01-26,629.56
9984,4992,59,2026-02-14,629.55
9985,4993,36,2026-02-12,1514.78
9986,4993,6,2026-07-14,1514.77
9987,4994,17,2026-03-10,663.63
9988,4994,20,2026-05-05,663.63
9989,4995,18,2026-03-23,1741.53
9990,4995,48,2026-05-08,1741.53
9991,4996,35,2026-02-04,791.16
9992,4996,45,2026-07-10,791.17
9993,4997,6,2026-06-10,895.96
9994,4997,17,2026-04-03,895.97
9995,4998,58,2026-02-24,1007.65
9996,4998,65,2026-05-25,1007.66
9997,4999,30,2026-04-20,1179.81
9998,4999,47,2026-01-21,1179.81
9999,5000,24,2026-06-19,1415.16
10000,5000,9,2026-05-27,1415.15
10001,5001,28,2026-05-20,839.29
10002,5001,47,2026-03-24,839.28
10003,5002,67,2026-02-05,1285.13
10004,5002,9,2026-03-17,1285.14
10005,5003,23,2026-07-13,1026.92
10006,5003,25,2026-02-06,1026.92
10007,5004,34,2026-01-20,1113.94
10008,5004,39,2026-01-21,1113.94
10009,5005,8,2026-02-05,1993.61
10010,5005,28,2026-02-28,1993.62
10011,5006,17,2026-03-12,532.57
10012,5006,17,2026-03-13,532.58
10013,5007,23,2026-01-13,1745.8
10014,5007,50,2026-03-20,1745.8
10015,5008,19,2026-06-20,435.65
10016,5008,62,2026-05-18,435.66
10017,5009,65,2026-04-04,1297.19
10018,5009,23,2026-01-19,1297.2
10019,5010,9,2026-04-25,913.94
10020,5010,24,2026-01-18,913.95
10021,5011,59,2026-01-15,1917.1
10022,5011,30,2026-07-15,1917.09
10023,5012,47,2026-07-09,1058.2
10024,5012,41,2026-05-04,1058.2
10025,5013,27,2026-07-20,889.23
10026,5013,63,2026-06-12,889.24
10027,5014,55,2026-01-25,1011.23
10028,5014,21,2026-03-14,1011.24
10029,5015,46,2026-03-27,554.99
10030,5015,62,2026-02-05,554.98
10031,5016,52,2026-02-13,1259.32
10032,5016,51,2026-03-20,1259.33
10033,5017,9,2026-06-17,1046.43
10034,5017,54,2026-01-23,1046.43
10035,5018,25,2026-04-25,500.35
10036,5018,41,2026-01-17,500.34
10037,5019,25,2026-05-02,1333.73
10038,5019,4,2026-03-10,1333.74
10039,5020,61,2026-07-01,1198.54
10040,5020,31,2026-07-26,1198.54
10041,5021,19,2026-04-03,697.12
10042,5021,55,2026-02-13,697.13
10043,5022,13,2026-03-26,1093.31
10044,5022,28,2026-07-04,1093.31
10045,5023,3,2026-03-26,1125.25
10046,5023,23,2026-02-15,1125.25
10047,5024,45,2026-05-25,661.43
10048,5024,15,2026-03-02,661.44
10049,5025,54,2026-03-01,1827.15
10050,5025,44,2026-05-25,1827.14
10051,5026,42,2026-06-04,650.78
10052,5026,59,2026-01-12,650.77
10053,5027,18,2026-06-19,881.04
10054,5027,24,2026-01-24,881.04
10055,5028,31,2026-06-22,1466.9
10056,5028,42,2026-02-02,1466.9
10057,5029,69,2026-01-25,1459.53
10058,5029,5,2026-06-16,1459.53
10059,5030,7,2026-03-08,1510.67
10060,5030,38,2026-07-01,1510.67
10061,5031,26,2026-03-14,796.3
10062,5031,48,2026-02-25,796.3
10063,5032,62,2026-01-06,574.69
10064,5032,1,2026-03-10,574.68
10065,5033,7,2026-01-19,1284.07
10066,5033,2,2026-06-23,1284.07
10067,5034,42,2026-04-21,1697.03
10068,5034,31,2026-02-23,1697.03
10069,5035,11,2026-07-18,520.7
10070,5035,54,2026-01-20,520.7
10071,5036,11,2026-06-11,1730.88
10072,5036,22,2026-04-24,1730.87
10073,5037,7,2026-04-21,1155.66
10074,5037,55,2026-07-27,1155.67
10075,5038,13,2026-07-24,671
10076,5038,12,2026-05-19,671.01
10077,5039,39,2026-03-10,1965.21
10078,5039,17,2026-01-18,1965.21
10079,5040,48,2026-03-20,1838.25
10080,5040,64,2026-04-16,1838.26
10081,5041,40,2026-07-26,1166.09
10082,5041,26,2026-06-15,1166.09
10083,5042,58,2026-05-21,1958.71
10084,5042,45,2026-03-19,1958.7
10085,5043,55,2026-03-24,1066.86
10086,5043,11,2026-06-15,1066.86
10087,5044,64,2026-02-05,1920.53
10088,5044,32,2026-06-25,1920.52
10089,5045,9,2026-05-22,726.99
10090,5045,41,2026-05-25,726.99
10091,5046,50,2026-03-24,1302.53
10092,5046,55,2026-03-12,1302.54
10093,5047,59,2026-01-28,1750.44
10094,5047,25,2026-01-04,1750.44
10095,5048,24,2026-06-24,1292.87
10096,5048,8,2026-04-17,1292.86
10097,5049,58,2026-04-15,1037.93
10098,5049,10,2026-03-08,1037.94
10099,5050,6,2026-02-11,1479.21
10100,5050,40,2026-02-25,1479.2
10101,5051,44,2026-03-16,1381.59
10102,5051,24,2026-02-07,1381.58
10103,5052,61,2026-06-03,1791.85
10104,5052,58,2026-04-02,1791.85
10105,5053,5,2026-02-08,1741.79
10106,5053,9,2026-01-16,1741.78
10107,5054,44,2026-07-22,1961.95
10108,5054,49,2026-03-27,1961.95
10109,5055,18,2026-03-16,1709.15
10110,5055,61,2026-07-21,1709.14
10111,5056,3,2026-07-04,1957.33
10112,5056,15,2026-03-01,1957.33
10113,5057,11,2026-02-20,1146.87
10114,5057,40,2026-01-10,1146.88
10115,5058,11,2026-03-23,1459.03
10116,5058,17,2026-05-05,1459.03
10117,5059,56,2026-06-28,990.08
10118,5059,32,2026-03-19,990.08
10119,5060,60,2026-07-25,1901.19
10120,5060,7,2026-01-19,1901.19
10121,5061,67,2026-05-14,1526.91
10122,5061,56,2026-01-26,1526.91
10123,5062,22,2026-01-01,1240.54
10124,5062,23,2026-02-15,1240.54
10125,5063,2,2026-03-18,1069.52
10126,5063,19,2026-02-02,1069.52
10127,5064,63,2026-02-21,620.26
10128,5064,1,2026-02-24,620.26
10129,5065,34,2026-03-05,454.7
10130,5065,36,2026-04-23,454.69
10131,5066,69,2026-05-28,1753.46
10132,5066,51,2026-02-25,1753.47
10133,5067,24,2026-03-20,503.48
10134,5067,38,2026-01-27,503.49
10135,5068,46,2026-05-05,1709.35
10136,5068,29,2026-07-19,1709.36
10137,5069,40,2026-04-27,673.25
10138,5069,35,2026-04-03,673.25
10139,5070,16,2026-02-26,1777.74
10140,5070,1,2026-01-09,1777.74
10141,5071,45,2026-03-23,813.1
10142,5071,3,2026-05-03,813.09
10143,5072,36,2026-01-19,1484.73
10144,5072,58,2026-01-26,1484.73
10145,5073,39,2026-03-16,1444.82
10146,5073,46,2026-03-26,1444.83
10147,5074,3,2026-03-28,599.76
10148,5074,38,2026-03-18,599.76
10149,5075,50,2026-04-15,1651.42
10150,5075,63,2026-03-12,1651.42
10151,5076,36,2026-04-06,914.36
10152,5076,21,2026-01-16,914.37
10153,5077,69,2026-02-20,845.54
10154,5077,12,2026-04-26,845.54
10155,5078,53,2026-04-20,818.1
10156,5078,43,2026-01-10,818.09
10157,5079,11,2026-02-16,629.66
10158,5079,4,2026-07-13,629.65
10159,5080,59,2026-04-13,1892.72
10160,5080,60,2026-04-17,1892.73
10161,5081,44,2026-05-03,933.56
10162,5081,38,2026-03-24,933.55
10163,5082,30,2026-05-11,1255.94
10164,5082,55,2026-05-04,1255.95
10165,5083,37,2026-05-21,652.93
10166,5083,64,2026-02-18,652.93
10167,5084,10,2026-02-25,1124.49
10168,5084,34,2026-04-22,1124.48
10169,5085,69,2026-05-23,679.81
10170,5085,60,2026-07-21,679.8
10171,5086,29,2026-07-04,1671.5
10172,5086,2,2026-03-20,1671.49
10173,5087,6,2026-06-05,401.26
10174,5087,35,2026-01-08,401.26
10175,5088,51,2026-01-19,1356.1
10176,5088,24,2026-04-05,1356.1
10177,5089,9,2026-03-09,1132.95
10178,5089,57,2026-07-01,1132.94
10179,5090,43,2026-06-02,960.36
10180,5090,21,2026-07-13,960.37
10181,5091,44,2026-07-13,1877.35
10182,5091,55,2026-07-13,1877.36
10183,5092,66,2026-03-13,1181.04
10184,5092,32,2026-07-26,1181.04
10185,5093,10,2026-05-27,614.08
10186,5093,60,2026-07-07,614.07
10187,5094,34,2026-03-17,714.17
10188,5094,41,2026-07-01,714.17
10189,5095,16,2026-07-24,1942.96
10190,5095,1,2026-01-24,1942.95
10191,5096,17,2026-02-21,1673.49
10192,5096,33,2026-05-03,1673.49
10193,5097,59,2026-02-04,1926.39
10194,5097,54,2026-03-08,1926.39
10195,5098,36,2026-07-02,1655.36
10196,5098,11,2026-04-10,1655.36
10197,5099,29,2026-01-26,1352.79
10198,5099,24,2026-07-25,1352.79
10199,5100,35,2026-03-27,1877.68
10200,5100,63,2026-05-02,1877.67
10201,5101,13,2026-01-19,1539.96
10202,5101,50,2026-04-02,1539.96
10203,5102,9,2026-01-21,1058.2
10204,5102,24,2026-03-06,1058.19
10205,5103,45,2026-01-14,1635.96
10206,5103,50,2026-06-27,1635.95
10207,5104,36,2026-03-05,1214.18
10208,5104,57,2026-06-21,1214.19
10209,5105,61,2026-04-06,547.39
10210,5105,66,2026-04-24,547.38
10211,5106,55,2026-05-28,1615.64
10212,5106,30,2026-04-03,1615.64
10213,5107,50,2026-07-12,587.72
10214,5107,15,2026-03-13,587.72
10215,5108,8,2026-07-26,721.97
10216,5108,10,2026-07-14,721.96
10217,5109,19,2026-03-25,1506.46
10218,5109,23,2026-07-12,1506.46
10219,5110,23,2026-02-25,1581.13
10220,5110,23,2026-01-04,1581.12
10221,5111,65,2026-06-28,1547.73
10222,5111,61,2026-02-23,1547.74
10223,5112,15,2026-04-19,1173.59
10224,5112,38,2026-07-18,1173.6
10225,5113,36,2026-05-23,1843.18
10226,5113,22,2026-03-08,1843.18
10227,5114,18,2026-01-20,1403.68
10228,5114,30,2026-05-28,1403.68
10229,5115,42,2026-06-11,1489.81
10230,5115,43,2026-05-26,1489.8
10231,5116,52,2026-05-19,1944.17
10232,5116,16,2026-07-25,1944.18
10233,5117,61,2026-06-21,1404.71
10234,5117,62,2026-07-22,1404.71
10235,5118,67,2026-03-20,1065.87
10236,5118,4,2026-02-17,1065.87
10237,5119,2,2026-04-23,1403.3
10238,5119,42,2026-07-26,1403.29
10239,5120,4,2026-07-26,1874.93
10240,5120,22,2026-01-26,1874.93
10241,5121,33,2026-01-28,400.21
10242,5121,21,2026-04-15,400.22
10243,5122,28,2026-01-23,947.84
10244,5122,66,2026-02-04,947.84
10245,5123,26,2026-05-21,935.32
10246,5123,55,2026-04-05,935.32
10247,5124,23,2026-07-27,1415.14
10248,5124,62,2026-07-20,1415.14
10249,5125,31,2026-05-13,1500.6
10250,5125,6,2026-07-24,1500.61
10251,5126,32,2026-01-18,732.89
10252,5126,63,2026-01-08,732.89
10253,5127,65,2026-01-05,1076.45
10254,5127,21,2026-01-01,1076.45
10255,5128,18,2026-04-18,1206.01
10256,5128,55,2026-04-07,1206.02
10257,5129,42,2026-05-28,1868.79
10258,5129,10,2026-04-03,1868.79
10259,5130,39,2026-04-07,823.23
10260,5130,50,2026-02-23,823.23
10261,5131,9,2026-02-23,1790.26
10262,5131,44,2026-04-27,1790.27
10263,5132,53,2026-03-02,1738.17
10264,5132,69,2026-02-10,1738.17
10265,5133,15,2026-03-23,1158.5
10266,5133,15,2026-04-23,1158.5
10267,5134,8,2026-01-16,509.75
10268,5134,52,2026-06-04,509.76
10269,5135,32,2026-03-16,1219.04
10270,5135,65,2026-06-14,1219.04
10271,5136,1,2026-03-17,710.19
10272,5136,9,2026-07-15,710.2
10273,5137,66,2026-06-02,1823.32
10274,5137,6,2026-07-27,1823.32
10275,5138,57,2026-02-04,1396.27
10276,5138,28,2026-04-04,1396.28
10277,5139,44,2026-02-08,854.28
10278,5139,10,2026-06-11,854.28
10279,5140,49,2026-07-10,846.81
10280,5140,15,2026-02-10,846.82
10281,5141,68,2026-06-04,1769.85
10282,5141,15,2026-01-10,1769.85
10283,5142,11,2026-05-20,913.37
10284,5142,52,2026-04-26,913.37
10285,5143,42,2026-05-08,1650.35
10286,5143,30,2026-04-20,1650.34
10287,5144,68,2026-01-13,999.52
10288,5144,2,2026-04-25,999.51
10289,5145,15,2026-01-22,825.36
10290,5145,47,2026-04-11,825.37
10291,5146,69,2026-04-11,1818.45
10292,5146,44,2026-06-16,1818.45
10293,5147,64,2026-05-01,593
10294,5147,20,2026-01-05,592.99
10295,5148,2,2026-04-10,700.94
10296,5148,57,2026-06-17,700.95
10297,5149,2,2026-02-07,611.97
10298,5149,54,2026-05-03,611.97
10299,5150,33,2026-03-10,1556.3
10300,5150,46,2026-03-25,1556.3
10301,5151,44,2026-05-10,760.94
10302,5151,23,2026-02-11,760.93
10303,5152,12,2026-06-11,1404.65
10304,5152,31,2026-02-24,1404.65
10305,5153,50,2026-07-21,1049.59
10306,5153,60,2026-04-28,1049.59
10307,5154,10,2026-06-23,1976.26
10308,5154,64,2026-07-04,1976.25
10309,5155,43,2026-03-26,694.08
10310,5155,26,2026-04-18,694.09
10311,5156,17,2026-07-09,1091.05
10312,5156,54,2026-01-13,1091.04
10313,5157,2,2026-01-16,1835.91
10314,5157,69,2026-04-22,1835.91
10315,5158,28,2026-06-15,1368.5
10316,5158,31,2026-04-20,1368.49
10317,5159,53,2026-03-16,1011.9
10318,5159,1,2026-06-01,1011.91
10319,5160,53,2026-07-02,464.44
10320,5160,7,2026-02-14,464.43
10321,5161,32,2026-02-02,1869.65
10322,5161,14,2026-04-20,1869.65
10323,5162,17,2026-02-28,798.11
10324,5162,55,2026-04-14,798.11
10325,5163,25,2026-04-20,1068.47
10326,5163,23,2026-02-15,1068.48
10327,5164,41,2026-04-21,817.23
10328,5164,48,2026-02-12,817.23
10329,5165,52,2026-02-25,1593.2
10330,5165,25,2026-05-04,1593.2
10331,5166,27,2026-05-01,594.56
10332,5166,8,2026-01-08,594.56
10333,5167,58,2026-06-05,408.66
10334,5167,47,2026-07-03,408.65
10335,5168,21,2026-03-19,946.47
10336,5168,64,2026-02-07,946.47
10337,5169,40,2026-02-15,584.04
10338,5169,59,2026-07-24,584.05
10339,5170,57,2026-07-27,777.86
10340,5170,1,2026-07-18,777.87
10341,5171,45,2026-06-07,1728.09
10342,5171,13,2026-07-03,1728.09
10343,5172,35,2026-07-16,440.55
10344,5172,62,2026-06-08,440.56
10345,5173,53,2026-01-23,1366.19
10346,5173,44,2026-03-13,1366.19
10347,5174,66,2026-03-08,797.56
10348,5174,11,2026-01-07,797.57
10349,5175,24,2026-03-27,857.26
10350,5175,39,2026-02-15,857.25
10351,5176,69,2026-07-24,1545.49
10352,5176,19,2026-03-14,1545.5
10353,5177,13,2026-06-23,550.35
10354,5177,34,2026-05-23,550.35
10355,5178,17,2026-05-11,1832.94
10356,5178,50,2026-03-03,1832.95
10357,5179,39,2026-06-14,670.75
10358,5179,26,2026-04-23,670.75
10359,5180,51,2026-04-25,459.27
10360,5180,28,2026-01-14,459.26
10361,5181,38,2026-01-01,587.42
10362,5181,29,2026-03-20,587.42
10363,5182,37,2026-03-01,1528.54
10364,5182,47,2026-02-12,1528.55
10365,5183,19,2026-02-23,866.71
10366,5183,62,2026-04-09,866.71
10367,5184,21,2026-07-07,570.79
10368,5184,23,2026-07-07,570.79
10369,5185,40,2026-03-08,1871.97
10370,5185,4,2026-01-21,1871.97
10371,5186,13,2026-02-04,1797.36
10372,5186,17,2026-03-05,1797.35
10373,5187,14,2026-02-20,1483.73
10374,5187,47,2026-07-02,1483.72
10375,5188,67,2026-04-02,577.85
10376,5188,28,2026-05-03,577.86
10377,5189,58,2026-02-07,1910.9
10378,5189,10,2026-06-26,1910.89
10379,5190,7,2026-01-03,1621.53
10380,5190,63,2026-02-10,1621.52
10381,5191,32,2026-01-18,1117.24
10382,5191,11,2026-01-27,1117.23
10383,5192,19,2026-06-07,683.51
10384,5192,40,2026-06-23,683.51
10385,5193,3,2026-02-18,1269.61
10386,5193,1,2026-02-04,1269.61
10387,5194,62,2026-05-02,1890.43
10388,5194,45,2026-04-16,1890.42
10389,5195,13,2026-04-27,898.01
10390,5195,26,2026-06-16,898.01
10391,5196,18,2026-07-09,759.82
10392,5196,29,2026-01-09,759.82
10393,5197,44,2026-07-13,1955.8
10394,5197,4,2026-06-06,1955.81
10395,5198,11,2026-04-08,1020.77
10396,5198,60,2026-05-06,1020.78
10397,5199,33,2026-05-07,1232.75
10398,5199,15,2026-04-28,1232.75
10399,5200,3,2026-03-19,874.8
10400,5200,65,2026-03-02,874.79
10401,5201,21,2026-04-25,774.8
10402,5201,7,2026-02-11,774.81
10403,5202,12,2026-01-15,1171.7
10404,5202,4,2026-07-13,1171.7
10405,5203,61,2026-05-06,1970.39
10406,5203,8,2026-03-14,1970.39
10407,5204,34,2026-02-03,1920.21
10408,5204,5,2026-05-28,1920.22
10409,5205,45,2026-01-07,1389.95
10410,5205,64,2026-04-15,1389.96
10411,5206,14,2026-07-02,1218.68
10412,5206,46,2026-03-19,1218.67
10413,5207,11,2026-01-24,1402.41
10414,5207,63,2026-02-14,1402.4
10415,5208,1,2026-03-15,1345.19
10416,5208,21,2026-03-12,1345.19
10417,5209,52,2026-05-20,955.34
10418,5209,56,2026-01-10,955.34
10419,5210,19,2026-01-19,1946.15
10420,5210,21,2026-07-13,1946.15
10421,5211,57,2026-03-15,821.22
10422,5211,5,2026-06-22,821.22
10423,5212,13,2026-02-07,450.88
10424,5212,12,2026-07-21,450.87
10425,5213,33,2026-06-16,493.88
10426,5213,13,2026-06-14,493.87
10427,5214,33,2026-07-25,1128.66
10428,5214,19,2026-01-10,1128.65
10429,5215,8,2026-04-25,484.84
10430,5215,32,2026-05-17,484.84
10431,5216,44,2026-04-23,1146.52
10432,5216,62,2026-02-22,1146.51
10433,5217,59,2026-01-28,572.12
10434,5217,62,2026-03-19,572.12
10435,5218,1,2026-02-19,406.6
10436,5218,49,2026-06-22,406.61
10437,5219,3,2026-05-13,1790.61
10438,5219,66,2026-02-01,1790.61
10439,5220,39,2026-04-15,943.8
10440,5220,8,2026-07-11,943.8
10441,5221,28,2026-01-08,1495.75
10442,5221,1,2026-05-24,1495.74
10443,5222,44,2026-05-18,1300.39
10444,5222,69,2026-01-06,1300.39
10445,5223,48,2026-03-07,1453.49
10446,5223,48,2026-05-25,1453.48
10447,5224,53,2026-03-06,1112.71
10448,5224,12,2026-07-15,1112.72
10449,5225,50,2026-06-13,847.99
10450,5225,53,2026-03-08,848
10451,5226,12,2026-01-22,1177.33
10452,5226,48,2026-07-26,1177.32
10453,5227,41,2026-05-13,1354.58
10454,5227,37,2026-01-01,1354.57
10455,5228,58,2026-07-13,1103.73
10456,5228,12,2026-02-21,1103.72
10457,5229,14,2026-04-22,587.86
10458,5229,21,2026-06-13,587.85
10459,5230,28,2026-07-27,924.42
10460,5230,2,2026-01-03,924.41
10461,5231,52,2026-01-17,1297.37
10462,5231,10,2026-07-26,1297.36
10463,5232,33,2026-04-17,422.55
10464,5232,26,2026-03-24,422.55
10465,5233,12,2026-07-22,1048.58
10466,5233,14,2026-04-09,1048.58
10467,5234,26,2026-01-22,744.57
10468,5234,23,2026-04-08,744.56
10469,5235,56,2026-01-24,563.42
10470,5235,26,2026-02-13,563.41
10471,5236,42,2026-03-15,533.67
10472,5236,19,2026-07-08,533.67
10473,5237,30,2026-03-05,1807.93
10474,5237,11,2026-03-18,1807.92
10475,5238,35,2026-01-09,624.87
10476,5238,27,2026-06-18,624.88
10477,5239,56,2026-05-25,981.94
10478,5239,69,2026-03-12,981.93
10479,5240,66,2026-01-17,853.45
10480,5240,59,2026-05-01,853.46
10481,5241,68,2026-02-15,812.62
10482,5241,28,2026-07-26,812.61
10483,5242,21,2026-05-17,1046.35
10484,5242,61,2026-02-08,1046.35
10485,5243,7,2026-01-23,1261.77
10486,5243,14,2026-01-06,1261.77
10487,5244,59,2026-07-05,1695.08
10488,5244,58,2026-03-16,1695.08
10489,5245,52,2026-07-22,1530.49
10490,5245,59,2026-07-13,1530.49
10491,5246,32,2026-03-08,1767.53
10492,5246,61,2026-05-01,1767.54
10493,5247,15,2026-03-11,1113.51
10494,5247,42,2026-05-14,1113.5
10495,5248,33,2026-04-09,1704.02
10496,5248,63,2026-01-22,1704.02
10497,5249,60,2026-07-15,1721.8
10498,5249,3,2026-01-04,1721.8
10499,5250,35,2026-01-19,1942.86
10500,5250,15,2026-06-24,1942.86
10501,5251,17,2026-07-28,735.58
10502,5251,62,2026-07-20,735.57
10503,5252,26,2026-06-14,1461.11
10504,5252,29,2026-02-04,1461.1
10505,5253,63,2026-02-16,1374.58
10506,5253,35,2026-07-03,1374.58
10507,5254,6,2026-06-24,747.77
10508,5254,59,2026-02-07,747.78
10509,5255,4,2026-07-08,1910.33
10510,5255,33,2026-01-06,1910.32
10511,5256,43,2026-03-14,473.99
10512,5256,43,2026-02-19,474
10513,5257,16,2026-01-24,1408.68
10514,5257,42,2026-06-05,1408.67
10515,5258,54,2026-05-04,1899.81
10516,5258,17,2026-05-03,1899.81
10517,5259,3,2026-06-24,1226.57
10518,5259,68,2026-02-22,1226.57
10519,5260,3,2026-04-01,1031.84
10520,5260,63,2026-03-03,1031.84
10521,5261,35,2026-07-09,563.48
10522,5261,22,2026-05-22,563.48
10523,5262,36,2026-06-13,979.06
10524,5262,3,2026-05-02,979.06
10525,5263,34,2026-04-12,1394.06
10526,5263,4,2026-02-07,1394.06
10527,5264,64,2026-07-14,1033.13
10528,5264,45,2026-02-15,1033.14
10529,5265,13,2026-01-06,851.23
10530,5265,18,2026-01-02,851.23
10531,5266,30,2026-05-20,1322.08
10532,5266,38,2026-01-03,1322.08
10533,5267,52,2026-02-24,1228.33
10534,5267,43,2026-06-11,1228.34
10535,5268,17,2026-01-21,1704.18
10536,5268,32,2026-03-06,1704.18
10537,5269,2,2026-06-12,1422.82
10538,5269,2,2026-06-24,1422.82
10539,5270,21,2026-02-16,1262.35
10540,5270,2,2026-02-27,1262.35
10541,5271,24,2026-01-22,538.9
10542,5271,36,2026-06-20,538.9
10543,5272,68,2026-07-09,1910.99
10544,5272,41,2026-07-14,1910.99
10545,5273,50,2026-06-01,1541.02
10546,5273,10,2026-03-09,1541.02
10547,5274,64,2026-06-02,1011.82
10548,5274,61,2026-02-13,1011.81
10549,5275,51,2026-01-22,1085.01
10550,5275,9,2026-06-07,1085.02
10551,5276,63,2026-06-27,1348.33
10552,5276,66,2026-02-22,1348.33
10553,5277,22,2026-06-12,1510.13
10554,5277,50,2026-02-09,1510.13
10555,5278,19,2026-01-13,767.67
10556,5278,32,2026-04-01,767.66
10557,5279,18,2026-02-19,651.48
10558,5279,67,2026-07-27,651.48
10559,5280,59,2026-02-22,622.66
10560,5280,30,2026-03-22,622.66
10561,5281,8,2026-01-02,1462.71
10562,5281,7,2026-05-13,1462.72
10563,5282,58,2026-05-04,950.03
10564,5282,30,2026-06-28,950.04
10565,5283,19,2026-01-17,729.58
10566,5283,17,2026-07-20,729.59
10567,5284,12,2026-02-28,935.78
10568,5284,6,2026-04-10,935.77
10569,5285,54,2026-06-14,1096.98
10570,5285,33,2026-02-12,1096.97
10571,5286,24,2026-02-21,532.4
10572,5286,15,2026-07-16,532.39
10573,5287,65,2026-04-20,1297.53
10574,5287,35,2026-01-18,1297.53
10575,5288,7,2026-02-18,1265
10576,5288,52,2026-06-18,1265.01
10577,5289,25,2026-06-11,1836.77
10578,5289,31,2026-06-24,1836.77
10579,5290,51,2026-04-21,530.7
10580,5290,62,2026-05-19,530.69
10581,5291,56,2026-07-15,902.09
10582,5291,57,2026-01-27,902.08
10583,5292,10,2026-03-23,1123.75
10584,5292,39,2026-07-08,1123.76
10585,5293,8,2026-02-21,1557.19
10586,5293,50,2026-02-20,1557.18
10587,5294,64,2026-07-20,1522.1
10588,5294,10,2026-01-26,1522.1
10589,5295,65,2026-04-20,833.85
10590,5295,56,2026-06-21,833.85
10591,5296,68,2026-01-13,534.57
10592,5296,6,2026-07-12,534.58
10593,5297,6,2026-07-05,522.16
10594,5297,54,2026-03-19,522.15
10595,5298,59,2026-01-22,1671.23
10596,5298,20,2026-05-25,1671.22
10597,5299,3,2026-01-23,1677.58
10598,5299,7,2026-07-15,1677.58
10599,5300,38,2026-02-09,756.56
10600,5300,53,2026-03-27,756.56
10601,5301,30,2026-01-20,1838.52
10602,5301,5,2026-02-11,1838.51
10603,5302,10,2026-03-01,1021.73
10604,5302,30,2026-03-07,1021.72
10605,5303,1,2026-03-01,1383.57
10606,5303,47,2026-03-11,1383.56
10607,5304,23,2026-07-02,1245.47
10608,5304,18,2026-04-21,1245.46
10609,5305,45,2026-05-14,446.42
10610,5305,15,2026-03-04,446.43
10611,5306,18,2026-07-02,1775.67
10612,5306,26,2026-05-11,1775.68
10613,5307,7,2026-05-10,1027.77
10614,5307,63,2026-02-16,1027.77
10615,5308,62,2026-05-27,1834.79
10616,5308,30,2026-03-01,1834.79
10617,5309,44,2026-01-14,1509.29
10618,5309,18,2026-02-23,1509.29
10619,5310,1,2026-02-15,601.49
10620,5310,14,2026-02-26,601.5
10621,5311,39,2026-07-16,1894.57
10622,5311,45,2026-06-24,1894.56
10623,5312,10,2026-01-05,1706.74
10624,5312,68,2026-01-27,1706.73
10625,5313,7,2026-02-27,1195.11
10626,5313,8,2026-01-11,1195.1
10627,5314,46,2026-01-19,503.8
10628,5314,35,2026-02-24,503.8
10629,5315,43,2026-05-11,1856.23
10630,5315,28,2026-07-22,1856.23
10631,5316,35,2026-02-11,1749.87
10632,5316,11,2026-07-17,1749.88
10633,5317,47,2026-07-04,1917.06
10634,5317,48,2026-07-15,1917.07
10635,5318,39,2026-03-03,990.85
10636,5318,64,2026-04-21,990.85
10637,5319,41,2026-02-27,625.75
10638,5319,19,2026-05-03,625.74
10639,5320,36,2026-02-27,403.26
10640,5320,55,2026-03-01,403.25
10641,5321,39,2026-05-22,684.04
10642,5321,63,2026-06-01,684.04
10643,5322,67,2026-05-14,1493.6
10644,5322,26,2026-02-22,1493.6
10645,5323,18,2026-06-18,537.58
10646,5323,30,2026-05-28,537.57
10647,5324,55,2026-04-03,1949.77
10648,5324,33,2026-06-06,1949.76
10649,5325,58,2026-07-05,1911.93
10650,5325,17,2026-05-05,1911.92
10651,5326,39,2026-01-19,700.18
10652,5326,2,2026-05-06,700.17
10653,5327,36,2026-03-05,1023.05
10654,5327,6,2026-04-02,1023.06
10655,5328,68,2026-03-05,1816.92
10656,5328,51,2026-04-11,1816.93
10657,5329,8,2026-07-13,733.18
10658,5329,50,2026-06-13,733.17
10659,5330,30,2026-06-23,1556.78
10660,5330,18,2026-07-14,1556.77
10661,5331,27,2026-07-26,1882.02
10662,5331,57,2026-01-04,1882.01
10663,5332,20,2026-02-02,1544.73
10664,5332,36,2026-03-05,1544.74
10665,5333,18,2026-02-18,1708.72
10666,5333,29,2026-01-22,1708.72
10667,5334,38,2026-02-04,1255.23
10668,5334,64,2026-04-15,1255.22
10669,5335,68,2026-06-07,1863.89
10670,5335,15,2026-01-09,1863.88
10671,5336,6,2026-03-02,1380.65
10672,5336,68,2026-06-18,1380.65
10673,5337,64,2026-03-21,1141.11
10674,5337,15,2026-05-10,1141.12
10675,5338,69,2026-01-07,1151.36
10676,5338,36,2026-02-13,1151.37
10677,5339,21,2026-05-16,766.38
10678,5339,36,2026-06-02,766.38
10679,5340,63,2026-04-27,1072.38
10680,5340,50,2026-06-07,1072.38
10681,5341,21,2026-05-14,1727.44
10682,5341,56,2026-04-04,1727.44
10683,5342,61,2026-04-16,939.52
10684,5342,22,2026-01-11,939.52
10685,5343,4,2026-01-03,1307.8
10686,5343,58,2026-06-15,1307.8
10687,5344,39,2026-01-01,1893.11
10688,5344,42,2026-07-22,1893.11
10689,5345,61,2026-06-12,899.72
10690,5345,17,2026-01-24,899.71
10691,5346,33,2026-04-02,975.94
10692,5346,53,2026-05-12,975.95
10693,5347,19,2026-01-01,678.98
10694,5347,45,2026-03-01,678.99
10695,5348,7,2026-02-20,1672.77
10696,5348,45,2026-04-15,1672.77
10697,5349,27,2026-01-24,1977.55
10698,5349,31,2026-01-01,1977.55
10699,5350,46,2026-07-07,1004.14
10700,5350,40,2026-07-26,1004.15
10701,5351,39,2026-04-24,1367.13
10702,5351,63,2026-04-09,1367.13
10703,5352,27,2026-04-21,1493.74
10704,5352,19,2026-02-10,1493.73
10705,5353,58,2026-02-10,1225.54
10706,5353,18,2026-03-17,1225.55
10707,5354,13,2026-05-28,491.39
10708,5354,17,2026-06-20,491.4
10709,5355,31,2026-01-11,661.44
10710,5355,19,2026-06-09,661.45
10711,5356,55,2026-04-22,1409.27
10712,5356,1,2026-05-10,1409.27
10713,5357,55,2026-02-24,1675.51
10714,5357,23,2026-01-19,1675.52
10715,5358,68,2026-01-25,508.16
10716,5358,27,2026-01-17,508.17
10717,5359,54,2026-05-06,1683.09
10718,5359,21,2026-02-27,1683.08
10719,5360,3,2026-03-09,1477.72
10720,5360,41,2026-02-18,1477.71
10721,5361,68,2026-04-13,1900.98
10722,5361,26,2026-04-07,1900.98
10723,5362,60,2026-03-26,1954.94
10724,5362,2,2026-05-16,1954.93
10725,5363,61,2026-03-02,952.65
10726,5363,16,2026-07-06,952.66
10727,5364,50,2026-06-01,1042.27
10728,5364,35,2026-05-23,1042.28
10729,5365,36,2026-06-09,1571.25
10730,5365,48,2026-06-22,1571.25
10731,5366,33,2026-02-17,1155.43
10732,5366,28,2026-07-08,1155.42
10733,5367,54,2026-06-09,1248.37
10734,5367,61,2026-07-26,1248.37
10735,5368,53,2026-03-14,1841.71
10736,5368,50,2026-01-23,1841.7
10737,5369,65,2026-05-04,1680.19
10738,5369,57,2026-07-02,1680.2
10739,5370,20,2026-07-12,571.53
10740,5370,28,2026-06-09,571.52
10741,5371,3,2026-03-15,1314.77
10742,5371,21,2026-05-09,1314.77
10743,5372,23,2026-04-14,1691.46
10744,5372,53,2026-04-03,1691.46
10745,5373,61,2026-06-18,1700.84
10746,5373,35,2026-07-27,1700.84
10747,5374,65,2026-05-10,708.25
10748,5374,58,2026-05-23,708.25
10749,5375,29,2026-07-12,1836.02
10750,5375,10,2026-03-05,1836.02
10751,5376,18,2026-05-04,1319.75
10752,5376,7,2026-06-13,1319.76
10753,5377,45,2026-03-14,991.81
10754,5377,32,2026-04-26,991.81
10755,5378,2,2026-07-03,1424.25
10756,5378,63,2026-07-17,1424.25
10757,5379,55,2026-03-04,1432.65
10758,5379,7,2026-06-28,1432.65
10759,5380,25,2026-05-03,823.12
10760,5380,23,2026-01-25,823.13
10761,5381,40,2026-01-10,1744.35
10762,5381,32,2026-05-12,1744.36
10763,5382,5,2026-03-12,895.21
10764,5382,68,2026-05-13,895.21
10765,5383,47,2026-01-06,1533.7
10766,5383,28,2026-06-09,1533.7
10767,5384,63,2026-05-16,463.66
10768,5384,61,2026-04-28,463.66
10769,5385,52,2026-06-15,1871.06
10770,5385,5,2026-06-03,1871.05
10771,5386,43,2026-01-24,1311.32
10772,5386,34,2026-06-06,1311.31
10773,5387,4,2026-06-19,533.05
10774,5387,24,2026-04-21,533.04
10775,5388,34,2026-02-17,1857.17
10776,5388,15,2026-07-22,1857.17
10777,5389,25,2026-01-23,537.32
10778,5389,9,2026-06-02,537.31
10779,5390,38,2026-07-05,1170.08
10780,5390,45,2026-01-09,1170.08
10781,5391,28,2026-07-05,1341.86
10782,5391,42,2026-01-07,1341.86
10783,5392,11,2026-01-21,1913.92
10784,5392,34,2026-06-26,1913.92
10785,5393,69,2026-07-22,1112.69
10786,5393,5,2026-02-18,1112.69
10787,5394,39,2026-06-03,1655.32
10788,5394,8,2026-06-18,1655.32
10789,5395,15,2026-03-02,589
10790,5395,37,2026-06-10,589
10791,5396,4,2026-03-19,939.19
10792,5396,6,2026-06-14,939.2
10793,5397,43,2026-05-27,448.51
10794,5397,14,2026-06-25,448.52
10795,5398,18,2026-02-24,779.08
10796,5398,54,2026-03-10,779.08
10797,5399,3,2026-04-26,905.02
10798,5399,33,2026-05-04,905.01
10799,5400,13,2026-05-06,1627.32
10800,5400,16,2026-01-19,1627.31
10801,5401,24,2026-02-28,1997.48
10802,5401,38,2026-02-20,1997.49
10803,5402,22,2026-05-19,1401.64
10804,5402,9,2026-03-28,1401.64
10805,5403,53,2026-01-22,958.3
10806,5403,45,2026-07-03,958.29
10807,5404,58,2026-07-09,760.96
10808,5404,51,2026-02-11,760.96
10809,5405,23,2026-06-02,915.36
10810,5405,3,2026-07-22,915.37
10811,5406,66,2026-05-08,1427.17
10812,5406,1,2026-06-18,1427.18
10813,5407,60,2026-07-14,1460.6
10814,5407,64,2026-02-22,1460.6
10815,5408,35,2026-01-20,976.15
10816,5408,41,2026-02-21,976.15
10817,5409,3,2026-04-24,752.29
10818,5409,51,2026-04-16,752.29
10819,5410,21,2026-06-25,760.88
10820,5410,28,2026-07-28,760.87
10821,5411,27,2026-07-22,1385.5
10822,5411,38,2026-06-11,1385.5
10823,5412,13,2026-02-06,1284.51
10824,5412,55,2026-07-15,1284.52
10825,5413,27,2026-06-04,1299.04
10826,5413,29,2026-03-20,1299.04
10827,5414,58,2026-02-03,1233.14
10828,5414,5,2026-05-19,1233.13
10829,5415,48,2026-05-01,1269.17
10830,5415,28,2026-04-11,1269.18
10831,5416,55,2026-07-21,964.89
10832,5416,26,2026-05-15,964.89
10833,5417,61,2026-06-28,735.1
10834,5417,30,2026-04-22,735.11
10835,5418,59,2026-02-25,1756.8
10836,5418,65,2026-03-05,1756.81
10837,5419,3,2026-06-09,1086.43
10838,5419,34,2026-02-17,1086.42
10839,5420,14,2026-07-26,938.91
10840,5420,39,2026-03-15,938.91
10841,5421,16,2026-06-02,1488.71
10842,5421,62,2026-01-16,1488.7
10843,5422,69,2026-04-11,1484.18
10844,5422,38,2026-04-22,1484.19
10845,5423,6,2026-05-16,1921.52
10846,5423,42,2026-07-07,1921.52
10847,5424,46,2026-01-13,1862.92
10848,5424,51,2026-03-18,1862.92
10849,5425,52,2026-03-21,406.86
10850,5425,41,2026-03-20,406.85
10851,5426,34,2026-02-05,785.53
10852,5426,29,2026-04-11,785.52
10853,5427,31,2026-02-16,1938.15
10854,5427,57,2026-01-14,1938.16
10855,5428,66,2026-02-12,655.66
10856,5428,66,2026-02-16,655.66
10857,5429,8,2026-03-17,653.86
10858,5429,16,2026-03-01,653.85
10859,5430,37,2026-04-26,774.93
10860,5430,29,2026-01-09,774.93
10861,5431,10,2026-04-24,1417.71
10862,5431,54,2026-02-04,1417.71
10863,5432,10,2026-04-21,1654.19
10864,5432,4,2026-05-15,1654.2
10865,5433,24,2026-04-10,1986.26
10866,5433,1,2026-04-03,1986.26
10867,5434,20,2026-01-17,601.97
10868,5434,47,2026-05-22,601.96
10869,5435,44,2026-03-24,457.89
10870,5435,4,2026-01-24,457.9
10871,5436,47,2026-06-14,402.81
10872,5436,52,2026-06-03,402.8
10873,5437,57,2026-04-26,1735.61
10874,5437,59,2026-05-13,1735.61
10875,5438,3,2026-02-17,1803.24
10876,5438,26,2026-05-06,1803.24
10877,5439,18,2026-04-20,854.67
10878,5439,24,2026-07-12,854.68
10879,5440,38,2026-02-01,1171.78
10880,5440,23,2026-06-01,1171.78
10881,5441,14,2026-05-16,1070.92
10882,5441,1,2026-05-26,1070.92
10883,5442,54,2026-03-01,726.42
10884,5442,29,2026-04-12,726.42
10885,5443,58,2026-03-17,840.47
10886,5443,38,2026-06-09,840.47
10887,5444,42,2026-06-25,524.67
10888,5444,33,2026-01-22,524.67
10889,5445,20,2026-03-07,1919.91
10890,5445,6,2026-05-02,1919.92
10891,5446,4,2026-04-04,858.12
10892,5446,11,2026-01-28,858.12
10893,5447,6,2026-06-07,1606.47
10894,5447,14,2026-06-07,1606.47
10895,5448,19,2026-07-07,1310.18
10896,5448,52,2026-05-14,1310.18
10897,5449,3,2026-05-09,710.51
10898,5449,38,2026-03-03,710.5
10899,5450,63,2026-04-02,707.07
10900,5450,69,2026-03-01,707.07
10901,5451,69,2026-06-16,603.35
10902,5451,54,2026-02-22,603.35
10903,5452,15,2026-01-26,801.2
10904,5452,22,2026-07-15,801.2
10905,5453,24,2026-05-21,1040.17
10906,5453,68,2026-04-13,1040.17
10907,5454,38,2026-06-07,510.27
10908,5454,36,2026-01-07,510.28
10909,5455,15,2026-04-12,422.45
10910,5455,2,2026-06-21,422.44
10911,5456,43,2026-06-09,623.87
10912,5456,65,2026-02-22,623.86
10913,5457,15,2026-03-25,651.02
10914,5457,65,2026-02-10,651.01
10915,5458,28,2026-06-26,1909.33
10916,5458,63,2026-01-25,1909.34
10917,5459,56,2026-01-16,854.93
10918,5459,57,2026-07-05,854.92
10919,5460,30,2026-03-15,1124.69
10920,5460,29,2026-03-03,1124.68
10921,5461,58,2026-03-10,761.77
10922,5461,37,2026-04-26,761.78
10923,5462,33,2026-02-25,1103.15
10924,5462,14,2026-03-26,1103.16
10925,5463,27,2026-04-07,1617.32
10926,5463,3,2026-03-19,1617.31
10927,5464,9,2026-07-21,638.9
10928,5464,45,2026-01-14,638.9
10929,5465,13,2026-04-20,971.51
10930,5465,16,2026-04-28,971.52
10931,5466,28,2026-02-02,534.4
10932,5466,40,2026-07-15,534.4
10933,5467,59,2026-06-17,1452.82
10934,5467,43,2026-03-05,1452.83
10935,5468,12,2026-04-15,1508.41
10936,5468,44,2026-02-28,1508.41
10937,5469,12,2026-04-28,945.78
10938,5469,42,2026-02-09,945.79
10939,5470,59,2026-04-28,699.99
10940,5470,41,2026-05-25,700
10941,5471,69,2026-06-11,711.15
10942,5471,27,2026-01-16,711.16
10943,5472,65,2026-03-01,589.96
10944,5472,64,2026-06-21,589.95
10945,5473,8,2026-02-15,1630.27
10946,5473,21,2026-07-05,1630.26
10947,5474,40,2026-01-19,1405.57
10948,5474,7,2026-07-08,1405.56
10949,5475,2,2026-07-23,1349.04
10950,5475,42,2026-01-11,1349.05
10951,5476,2,2026-05-02,1072.85
10952,5476,44,2026-01-10,1072.85
10953,5477,28,2026-04-24,937.82
10954,5477,29,2026-01-18,937.81
10955,5478,56,2026-06-20,1593.88
10956,5478,12,2026-03-04,1593.87
10957,5479,13,2026-07-11,1606.55
10958,5479,53,2026-01-04,1606.55
10959,5480,63,2026-05-15,1948.03
10960,5480,69,2026-03-23,1948.04
10961,5481,11,2026-01-04,650.13
10962,5481,58,2026-06-08,650.13
10963,5482,23,2026-03-09,1897.14
10964,5482,49,2026-05-05,1897.14
10965,5483,64,2026-05-19,1492.83
10966,5483,56,2026-04-28,1492.82
10967,5484,2,2026-03-13,1020.28
10968,5484,48,2026-05-07,1020.29
10969,5485,56,2026-03-16,998.07
10970,5485,68,2026-02-13,998.07
10971,5486,1,2026-06-17,581.29
10972,5486,55,2026-06-22,581.28
10973,5487,45,2026-01-26,605.88
10974,5487,17,2026-03-17,605.88
10975,5488,44,2026-02-09,903.08
10976,5488,32,2026-07-26,903.08
10977,5489,40,2026-02-09,1010.72
10978,5489,33,2026-07-22,1010.71
10979,5490,42,2026-02-09,1723.84
10980,5490,5,2026-02-17,1723.84
10981,5491,59,2026-04-05,1794.68
10982,5491,32,2026-04-08,1794.69
10983,5492,68,2026-01-07,1044.41
10984,5492,66,2026-05-21,1044.41
10985,5493,36,2026-06-09,1374.28
10986,5493,39,2026-03-20,1374.27
10987,5494,63,2026-05-24,1015.98
10988,5494,10,2026-07-12,1015.98
10989,5495,26,2026-06-23,1784.46
10990,5495,64,2026-07-04,1784.47
10991,5496,62,2026-05-25,457.29
10992,5496,53,2026-02-19,457.3
10993,5497,58,2026-05-23,409.77
10994,5497,8,2026-02-22,409.77
10995,5498,32,2026-05-07,1552.37
10996,5498,42,2026-02-28,1552.37
10997,5499,21,2026-06-07,970.78
10998,5499,33,2026-06-25,970.78
10999,5500,35,2026-04-25,1000
11000,5500,44,2026-01-27,1000
11001,5501,5,2026-04-14,1412.78
11002,5501,48,2026-02-18,1412.77
11003,5502,35,2026-05-23,1522.71
11004,5502,51,2026-03-05,1522.72
11005,5503,32,2026-02-26,1400.12
11006,5503,20,2026-04-06,1400.12
11007,5504,16,2026-04-17,1449.84
11008,5504,5,2026-02-21,1449.84
11009,5505,39,2026-02-14,1903.44
11010,5505,61,2026-07-07,1903.45
11011,5506,21,2026-07-11,1510.24
11012,5506,20,2026-05-01,1510.24
11013,5507,11,2026-02-28,1203.74
11014,5507,63,2026-07-13,1203.74
11015,5508,61,2026-07-16,1770.33
11016,5508,31,2026-07-02,1770.33
11017,5509,47,2026-06-06,1929.1
11018,5509,1,2026-07-18,1929.11
11019,5510,48,2026-07-22,1262.21
11020,5510,29,2026-02-11,1262.21
11021,5511,15,2026-03-25,1998.27
11022,5511,69,2026-02-10,1998.26
11023,5512,15,2026-03-09,1276.76
11024,5512,33,2026-07-18,1276.76
11025,5513,6,2026-03-08,1838.43
11026,5513,55,2026-07-23,1838.42
11027,5514,3,2026-01-17,895.15
11028,5514,16,2026-07-02,895.15
11029,5515,35,2026-06-12,749.06
11030,5515,12,2026-03-23,749.05
11031,5516,11,2026-01-19,1346.24
11032,5516,40,2026-06-26,1346.23
11033,5517,32,2026-03-27,1427.62
11034,5517,14,2026-01-12,1427.61
11035,5518,22,2026-04-13,918.38
11036,5518,28,2026-06-04,918.38
11037,5519,40,2026-06-02,1933.79
11038,5519,10,2026-05-26,1933.78
11039,5520,41,2026-05-01,721.06
11040,5520,10,2026-01-26,721.06
11041,5521,38,2026-01-09,1090.47
11042,5521,19,2026-04-11,1090.47
11043,5522,22,2026-01-02,1772.72
11044,5522,50,2026-07-14,1772.71
11045,5523,4,2026-05-03,1190.92
11046,5523,19,2026-02-18,1190.92
11047,5524,45,2026-04-17,551.04
11048,5524,12,2026-06-10,551.05
11049,5525,27,2026-07-03,1395.99
11050,5525,68,2026-07-16,1395.99
11051,5526,18,2026-03-02,1402.1
11052,5526,19,2026-02-18,1402.1
11053,5527,60,2026-07-25,962.9
11054,5527,13,2026-06-02,962.89
11055,5528,54,2026-06-07,1857.03
11056,5528,11,2026-02-12,1857.03
11057,5529,50,2026-07-04,1472.85
11058,5529,59,2026-04-05,1472.86
11059,5530,23,2026-06-26,1198.34
11060,5530,35,2026-02-25,1198.34
11061,5531,27,2026-01-12,613.48
11062,5531,52,2026-04-23,613.49
11063,5532,13,2026-03-12,1098.82
11064,5532,60,2026-01-16,1098.82
11065,5533,24,2026-01-25,1738.85
11066,5533,58,2026-04-19,1738.85
11067,5534,8,2026-05-12,741.17
11068,5534,42,2026-06-21,741.17
11069,5535,57,2026-06-18,992.78
11070,5535,10,2026-07-20,992.78
11071,5536,6,2026-03-18,1482.06
11072,5536,69,2026-06-02,1482.05
11073,5537,15,2026-05-17,671.75
11074,5537,67,2026-01-14,671.76
11075,5538,23,2026-01-10,1419.6
11076,5538,15,2026-06-12,1419.59
11077,5539,14,2026-03-02,1656.92
11078,5539,24,2026-03-04,1656.92
11079,5540,35,2026-05-12,447.82
11080,5540,31,2026-07-16,447.82
11081,5541,8,2026-02-10,819.91
11082,5541,43,2026-06-18,819.91
11083,5542,35,2026-03-18,597.12
11084,5542,64,2026-05-16,597.12
11085,5543,51,2026-06-24,982.05
11086,5543,9,2026-05-27,982.06
11087,5544,28,2026-04-26,1100.25
11088,5544,30,2026-02-27,1100.26
11089,5545,63,2026-01-09,950.55
11090,5545,38,2026-07-25,950.56
11091,5546,23,2026-02-16,761.92
11092,5546,45,2026-07-23,761.92
11093,5547,67,2026-07-15,1219.5
11094,5547,20,2026-02-27,1219.49
11095,5548,45,2026-01-27,1365.35
11096,5548,48,2026-06-19,1365.35
11097,5549,13,2026-04-25,1508.12
11098,5549,26,2026-03-03,1508.12
11099,5550,30,2026-04-08,867.08
11100,5550,20,2026-07-19,867.07
11101,5551,13,2026-02-13,656.8
11102,5551,60,2026-02-13,656.81
11103,5552,59,2026-05-15,1559.61
11104,5552,50,2026-01-20,1559.61
11105,5553,58,2026-01-07,920.13
11106,5553,58,2026-04-02,920.14
11107,5554,46,2026-02-09,949.26
11108,5554,19,2026-03-28,949.26
11109,5555,69,2026-03-28,664.64
11110,5555,69,2026-06-03,664.64
11111,5556,50,2026-04-08,1481.78
11112,5556,13,2026-04-07,1481.78
11113,5557,57,2026-05-04,1428.74
11114,5557,59,2026-02-25,1428.74
11115,5558,64,2026-04-03,485
11116,5558,19,2026-02-27,485.01
11117,5559,22,2026-06-16,1714.47
11118,5559,4,2026-03-06,1714.47
11119,5560,7,2026-06-02,1817.28
11120,5560,7,2026-03-10,1817.28
11121,5561,57,2026-05-04,1602.81
11122,5561,63,2026-04-11,1602.82
11123,5562,3,2026-07-27,838.34
11124,5562,64,2026-03-09,838.33
11125,5563,52,2026-03-17,527.39
11126,5563,17,2026-03-06,527.38
11127,5564,65,2026-02-21,1269.37
11128,5564,64,2026-02-14,1269.36
11129,5565,1,2026-02-19,1449.8
11130,5565,40,2026-07-06,1449.8
11131,5566,30,2026-04-06,1170.28
11132,5566,15,2026-05-12,1170.28
11133,5567,49,2026-01-22,662.46
11134,5567,28,2026-03-03,662.47
11135,5568,62,2026-03-19,570.54
11136,5568,28,2026-06-21,570.55
11137,5569,22,2026-06-07,1592.87
11138,5569,33,2026-03-08,1592.86
11139,5570,14,2026-02-16,827.57
11140,5570,45,2026-05-09,827.56
11141,5571,10,2026-06-28,788.8
11142,5571,67,2026-01-22,788.81
11143,5572,7,2026-06-06,838.71
11144,5572,58,2026-03-12,838.71
11145,5573,32,2026-07-13,941.77
11146,5573,55,2026-06-09,941.76
11147,5574,62,2026-06-04,874.81
11148,5574,28,2026-05-19,874.81
11149,5575,13,2026-03-12,1469.8
11150,5575,50,2026-04-14,1469.8
11151,5576,11,2026-06-05,634.85
11152,5576,13,2026-05-17,634.85
11153,5577,1,2026-06-17,1714.48
11154,5577,50,2026-05-18,1714.47
11155,5578,10,2026-03-09,755.76
11156,5578,58,2026-04-25,755.75
11157,5579,43,2026-04-16,801.91
11158,5579,54,2026-07-02,801.9
11159,5580,58,2026-01-03,612.77
11160,5580,69,2026-03-12,612.76
11161,5581,15,2026-01-12,1579.85
11162,5581,53,2026-06-14,1579.84
11163,5582,8,2026-07-06,1576.39
11164,5582,41,2026-04-28,1576.39
11165,5583,32,2026-04-23,649.56
11166,5583,13,2026-03-22,649.56
11167,5584,44,2026-04-07,1475.5
11168,5584,14,2026-06-05,1475.51
11169,5585,5,2026-03-11,972.51
11170,5585,56,2026-02-01,972.5
11171,5586,50,2026-07-20,1915.1
11172,5586,61,2026-01-28,1915.09
11173,5587,1,2026-02-01,986.44
11174,5587,16,2026-02-06,986.44
11175,5588,24,2026-05-18,1529.79
11176,5588,55,2026-03-25,1529.78
11177,5589,53,2026-01-17,1424.19
11178,5589,44,2026-05-18,1424.18
11179,5590,56,2026-03-19,550.98
11180,5590,21,2026-06-28,550.97
11181,5591,38,2026-03-08,1021.39
11182,5591,17,2026-05-17,1021.39
11183,5592,47,2026-06-08,662.67
11184,5592,7,2026-01-16,662.67
11185,5593,36,2026-02-21,1803.88
11186,5593,48,2026-07-02,1803.87
11187,5594,57,2026-04-12,1342.37
11188,5594,58,2026-06-15,1342.38
11189,5595,49,2026-06-21,1767.11
11190,5595,47,2026-03-15,1767.12
11191,5596,36,2026-06-20,1339.79
11192,5596,17,2026-06-05,1339.8
11193,5597,31,2026-06-14,1661.22
11194,5597,5,2026-01-01,1661.22
11195,5598,2,2026-07-23,1625.19
11196,5598,29,2026-06-08,1625.2
11197,5599,29,2026-07-16,1238.47
11198,5599,38,2026-02-13,1238.46
11199,5600,36,2026-02-18,846.1
11200,5600,67,2026-02-26,846.11
11201,5601,11,2026-01-21,1401.26
11202,5601,26,2026-07-06,1401.27
11203,5602,32,2026-07-06,1736.06
11204,5602,51,2026-06-09,1736.06
11205,5603,10,2026-04-24,1050.57
11206,5603,9,2026-07-04,1050.57
11207,5604,6,2026-01-16,551.64
11208,5604,58,2026-03-19,551.64
11209,5605,37,2026-01-12,1011.66
11210,5605,48,2026-03-28,1011.65
11211,5606,11,2026-06-18,982.03
11212,5606,45,2026-03-05,982.02
11213,5607,66,2026-02-11,1870
11214,5607,54,2026-04-27,1869.99
11215,5608,10,2026-04-09,1343.51
11216,5608,67,2026-03-04,1343.51
11217,5609,37,2026-04-09,1837.51
11218,5609,38,2026-03-15,1837.52
11219,5610,63,2026-03-25,736.79
11220,5610,21,2026-02-28,736.79
11221,5611,60,2026-02-15,926.08
11222,5611,35,2026-07-05,926.07
11223,5612,67,2026-03-26,1991.71
11224,5612,36,2026-06-05,1991.71
11225,5613,49,2026-03-18,671.43
11226,5613,44,2026-04-21,671.44
11227,5614,20,2026-01-10,502.62
11228,5614,29,2026-05-04,502.63
11229,5615,3,2026-05-15,513.35
11230,5615,52,2026-05-16,513.35
11231,5616,33,2026-04-11,1011.19
11232,5616,21,2026-06-28,1011.2
11233,5617,50,2026-01-18,859.79
11234,5617,26,2026-03-20,859.78
11235,5618,31,2026-03-13,765.77
11236,5618,32,2026-05-27,765.77
11237,5619,14,2026-02-04,1122.4
11238,5619,47,2026-02-09,1122.39
11239,5620,30,2026-06-05,1985.76
11240,5620,39,2026-02-07,1985.76
11241,5621,30,2026-01-25,883.74
11242,5621,67,2026-04-17,883.73
11243,5622,2,2026-03-05,826.15
11244,5622,32,2026-01-25,826.15
11245,5623,50,2026-02-02,1803.92
11246,5623,15,2026-07-10,1803.92
11247,5624,33,2026-01-24,1066.53
11248,5624,61,2026-03-11,1066.53
11249,5625,64,2026-06-20,986.87
11250,5625,39,2026-04-02,986.88
11251,5626,48,2026-01-03,1575.44
11252,5626,12,2026-06-28,1575.44
11253,5627,42,2026-07-04,578.22
11254,5627,62,2026-05-25,578.21
11255,5628,14,2026-04-01,703.56
11256,5628,62,2026-05-26,703.57
11257,5629,55,2026-02-01,1659.21
11258,5629,38,2026-01-11,1659.21
11259,5630,51,2026-05-12,1560.68
11260,5630,53,2026-04-05,1560.68
11261,5631,41,2026-07-14,1081.91
11262,5631,8,2026-06-07,1081.92
11263,5632,45,2026-05-23,806.04
11264,5632,12,2026-06-01,806.05
11265,5633,55,2026-03-03,1048.35
11266,5633,66,2026-04-26,1048.34
11267,5634,57,2026-02-19,1776.45
11268,5634,31,2026-07-21,1776.44
11269,5635,16,2026-04-27,1768.72
11270,5635,48,2026-02-22,1768.71
11271,5636,34,2026-04-02,1664.03
11272,5636,63,2026-07-27,1664.02
11273,5637,9,2026-03-12,1411.97
11274,5637,45,2026-02-18,1411.96
11275,5638,60,2026-06-25,511
11276,5638,1,2026-05-02,511
11277,5639,12,2026-01-10,1164.53
11278,5639,17,2026-05-03,1164.52
11279,5640,30,2026-06-26,1300.52
11280,5640,22,2026-07-04,1300.52
11281,5641,48,2026-04-25,1243.82
11282,5641,30,2026-02-16,1243.83
11283,5642,57,2026-03-22,530.36
11284,5642,3,2026-03-10,530.36
11285,5643,5,2026-05-01,751.58
11286,5643,40,2026-06-27,751.58
11287,5644,60,2026-04-16,643.48
11288,5644,12,2026-06-04,643.48
11289,5645,21,2026-04-10,1466.18
11290,5645,49,2026-02-25,1466.18
11291,5646,21,2026-01-12,1960.56
11292,5646,44,2026-04-24,1960.57
11293,5647,30,2026-01-18,1514.47
11294,5647,3,2026-06-28,1514.46
11295,5648,58,2026-04-14,1635.84
11296,5648,37,2026-04-25,1635.84
11297,5649,46,2026-06-02,1056.84
11298,5649,53,2026-01-03,1056.84
11299,5650,68,2026-02-24,1933.98
11300,5650,13,2026-02-28,1933.99
11301,5651,18,2026-02-08,1968.32
11302,5651,25,2026-01-28,1968.31
11303,5652,23,2026-06-09,435.11
11304,5652,26,2026-07-19,435.11
11305,5653,21,2026-03-02,1882.52
11306,5653,66,2026-01-15,1882.52
11307,5654,58,2026-04-19,1333.18
11308,5654,42,2026-04-24,1333.17
11309,5655,57,2026-05-08,1722.42
11310,5655,35,2026-01-16,1722.42
11311,5656,39,2026-04-17,1099.85
11312,5656,38,2026-01-01,1099.86
11313,5657,2,2026-03-18,438.17
11314,5657,52,2026-06-19,438.17
11315,5658,39,2026-02-08,728.02
11316,5658,29,2026-02-18,728.02
11317,5659,44,2026-01-06,631.94
11318,5659,47,2026-06-23,631.94
11319,5660,42,2026-02-11,1867.24
11320,5660,46,2026-02-10,1867.23
11321,5661,28,2026-01-12,465.46
11322,5661,17,2026-01-28,465.45
11323,5662,1,2026-05-22,1833.65
11324,5662,16,2026-02-05,1833.66
11325,5663,42,2026-01-26,652.98
11326,5663,61,2026-03-05,652.98
11327,5664,60,2026-06-28,1051.78
11328,5664,18,2026-06-27,1051.78
11329,5665,22,2026-07-15,531.17
11330,5665,41,2026-03-15,531.17
11331,5666,53,2026-02-23,804.71
11332,5666,47,2026-01-06,804.71
11333,5667,8,2026-05-13,1163.82
11334,5667,55,2026-03-18,1163.81
11335,5668,58,2026-05-16,1461.5
11336,5668,63,2026-02-07,1461.51
11337,5669,61,2026-03-23,1055.5
11338,5669,42,2026-04-23,1055.5
11339,5670,11,2026-07-20,1214.59
11340,5670,42,2026-02-02,1214.59
11341,5671,50,2026-02-17,1428.56
11342,5671,15,2026-01-09,1428.57
11343,5672,25,2026-02-21,1897.15
11344,5672,50,2026-02-02,1897.16
11345,5673,54,2026-06-14,489.93
11346,5673,54,2026-04-19,489.92
11347,5674,60,2026-02-27,439.04
11348,5674,1,2026-07-11,439.04
11349,5675,63,2026-06-14,824.64
11350,5675,24,2026-03-01,824.64
11351,5676,26,2026-05-28,993.02
11352,5676,16,2026-02-05,993.02
11353,5677,52,2026-05-26,1483.72
11354,5677,64,2026-06-14,1483.72
11355,5678,57,2026-07-11,1514.45
11356,5678,22,2026-04-06,1514.46
11357,5679,55,2026-01-21,1012.13
11358,5679,45,2026-04-08,1012.13
11359,5680,22,2026-01-20,1496.84
11360,5680,22,2026-03-25,1496.84
11361,5681,59,2026-03-17,1822.03
11362,5681,67,2026-07-17,1822.04
11363,5682,3,2026-02-08,840.99
11364,5682,35,2026-02-15,840.99
11365,5683,42,2026-02-18,1129.14
11366,5683,43,2026-05-01,1129.14
11367,5684,43,2026-05-01,993.9
11368,5684,44,2026-06-17,993.9
11369,5685,35,2026-02-13,812.55
11370,5685,33,2026-05-06,812.56
11371,5686,60,2026-03-28,1485.08
11372,5686,66,2026-07-15,1485.08
11373,5687,34,2026-05-16,1633.52
11374,5687,43,2026-01-06,1633.52
11375,5688,52,2026-04-07,1373.85
11376,5688,21,2026-04-17,1373.85
11377,5689,36,2026-07-05,1021.72
11378,5689,43,2026-04-20,1021.72
11379,5690,5,2026-02-09,639.96
11380,5690,60,2026-01-09,639.95
11381,5691,23,2026-02-01,1543.5
11382,5691,54,2026-05-18,1543.5
11383,5692,15,2026-04-18,462.87
11384,5692,13,2026-07-02,462.86
11385,5693,37,2026-02-28,763.13
11386,5693,7,2026-05-15,763.14
11387,5694,52,2026-04-26,923.4
11388,5694,56,2026-02-20,923.4
11389,5695,61,2026-04-07,1208.04
11390,5695,24,2026-01-12,1208.04
11391,5696,46,2026-03-25,796.42
11392,5696,8,2026-05-04,796.41
11393,5697,25,2026-02-06,792.73
11394,5697,17,2026-07-10,792.73
11395,5698,57,2026-05-04,419.41
11396,5698,11,2026-03-17,419.41
11397,5699,37,2026-06-18,1468.62
11398,5699,67,2026-06-07,1468.62
11399,5700,4,2026-07-27,749.08
11400,5700,3,2026-05-01,749.08
11401,5701,19,2026-04-15,955.97
11402,5701,43,2026-03-11,955.96
11403,5702,11,2026-03-22,624.98
11404,5702,51,2026-04-17,624.98
11405,5703,46,2026-01-04,699.73
11406,5703,37,2026-03-20,699.74
11407,5704,35,2026-01-22,681.99
11408,5704,7,2026-06-19,681.99
11409,5705,52,2026-06-11,1128.47
11410,5705,54,2026-01-09,1128.47
11411,5706,60,2026-07-20,1325.73
11412,5706,27,2026-03-21,1325.72
11413,5707,15,2026-06-24,1177.37
11414,5707,36,2026-03-03,1177.36
11415,5708,36,2026-06-26,1307.08
11416,5708,32,2026-03-09,1307.07
11417,5709,56,2026-02-28,1317.43
11418,5709,50,2026-04-05,1317.43
11419,5710,54,2026-04-13,972.65
11420,5710,43,2026-01-22,972.65
11421,5711,62,2026-01-15,1654.73
11422,5711,37,2026-05-07,1654.72
11423,5712,31,2026-06-14,1168.5
11424,5712,19,2026-02-15,1168.5
11425,5713,23,2026-03-13,1278.1
11426,5713,49,2026-03-14,1278.1
11427,5714,64,2026-03-04,662.85
11428,5714,69,2026-06-11,662.84
11429,5715,24,2026-02-05,1525.76
11430,5715,60,2026-06-03,1525.75
11431,5716,20,2026-05-28,667.48
11432,5716,7,2026-01-06,667.49
11433,5717,8,2026-06-24,1800.08
11434,5717,47,2026-06-02,1800.07
11435,5718,5,2026-05-17,1166.81
11436,5718,42,2026-05-18,1166.8
11437,5719,9,2026-06-07,1894.82
11438,5719,42,2026-01-20,1894.82
11439,5720,56,2026-04-25,1034.44
11440,5720,44,2026-01-07,1034.45
11441,5721,48,2026-07-27,510.33
11442,5721,9,2026-02-03,510.33
11443,5722,55,2026-02-12,1941.22
11444,5722,28,2026-06-19,1941.23
11445,5723,60,2026-06-24,1927.53
11446,5723,13,2026-07-06,1927.54
11447,5724,52,2026-07-13,1032.85
11448,5724,52,2026-07-26,1032.85
11449,5725,62,2026-02-28,1455.24
11450,5725,39,2026-03-14,1455.24
11451,5726,21,2026-02-22,1363.53
11452,5726,28,2026-01-08,1363.53
11453,5727,40,2026-04-21,965.2
11454,5727,33,2026-05-11,965.2
11455,5728,14,2026-07-06,1006.02
11456,5728,31,2026-02-09,1006.01
11457,5729,11,2026-07-17,1609.63
11458,5729,52,2026-06-14,1609.62
11459,5730,2,2026-01-13,1726.65
11460,5730,14,2026-06-06,1726.64
11461,5731,45,2026-07-23,1337.99
11462,5731,4,2026-03-12,1338
11463,5732,55,2026-05-13,1682.57
11464,5732,41,2026-02-08,1682.58
11465,5733,68,2026-02-28,1422.91
11466,5733,31,2026-06-09,1422.91
11467,5734,39,2026-07-08,523.82
11468,5734,30,2026-05-13,523.83
11469,5735,16,2026-06-17,1719.29
11470,5735,14,2026-02-11,1719.29
11471,5736,50,2026-07-20,1436.84
11472,5736,33,2026-03-10,1436.85
11473,5737,1,2026-07-10,731.66
11474,5737,17,2026-02-14,731.66
11475,5738,8,2026-05-15,892.25
11476,5738,23,2026-02-02,892.24
11477,5739,29,2026-04-23,1808.13
11478,5739,15,2026-07-08,1808.12
11479,5740,32,2026-07-13,927.84
11480,5740,11,2026-05-05,927.85
11481,5741,31,2026-06-15,1249.89
11482,5741,29,2026-06-19,1249.9
11483,5742,42,2026-02-17,1433.42
11484,5742,7,2026-03-20,1433.42
11485,5743,40,2026-04-18,1004.2
11486,5743,28,2026-05-11,1004.2
11487,5744,6,2026-05-21,1427.16
11488,5744,14,2026-04-12,1427.15
11489,5745,4,2026-03-01,1671.87
11490,5745,16,2026-07-01,1671.88
11491,5746,26,2026-03-04,1065.57
11492,5746,14,2026-06-16,1065.56
11493,5747,10,2026-06-14,541.63
11494,5747,24,2026-06-18,541.63
11495,5748,39,2026-06-17,1331.48
11496,5748,28,2026-06-24,1331.48
11497,5749,62,2026-01-02,1234.12
11498,5749,59,2026-02-01,1234.12
11499,5750,56,2026-04-01,652.35
11500,5750,39,2026-04-17,652.34
11501,5751,56,2026-06-16,833.9
11502,5751,4,2026-05-08,833.91
11503,5752,31,2026-04-06,1077.49
11504,5752,55,2026-01-27,1077.49
11505,5753,45,2026-01-25,626.18
11506,5753,63,2026-03-23,626.18
11507,5754,1,2026-02-14,1290.32
11508,5754,44,2026-03-27,1290.32
11509,5755,65,2026-03-13,1294.75
11510,5755,26,2026-06-13,1294.76
11511,5756,39,2026-01-13,1652.55
11512,5756,15,2026-06-06,1652.55
11513,5757,40,2026-04-02,1362.63
11514,5757,48,2026-07-10,1362.63
11515,5758,2,2026-07-07,1144.59
11516,5758,66,2026-06-07,1144.6
11517,5759,9,2026-07-03,866.45
11518,5759,37,2026-03-27,866.45
11519,5760,18,2026-03-27,447.52
11520,5760,40,2026-07-13,447.52
11521,5761,61,2026-06-18,1371.58
11522,5761,67,2026-04-16,1371.58
11523,5762,55,2026-03-05,1874.71
11524,5762,5,2026-05-12,1874.7
11525,5763,45,2026-01-26,697.17
11526,5763,19,2026-03-05,697.16
11527,5764,10,2026-01-05,488.58
11528,5764,8,2026-04-09,488.59
11529,5765,51,2026-03-05,1449.8
11530,5765,7,2026-07-04,1449.81
11531,5766,23,2026-07-14,1745.61
11532,5766,21,2026-05-03,1745.62
11533,5767,59,2026-02-24,1248.78
11534,5767,21,2026-01-11,1248.77
11535,5768,66,2026-03-05,1643.78
11536,5768,15,2026-04-20,1643.78
11537,5769,33,2026-01-02,1120.83
11538,5769,1,2026-02-16,1120.83
11539,5770,66,2026-07-28,855.28
11540,5770,34,2026-01-07,855.27
11541,5771,25,2026-04-09,497.35
11542,5771,49,2026-05-11,497.35
11543,5772,61,2026-06-14,1033.71
11544,5772,8,2026-01-26,1033.71
11545,5773,51,2026-03-24,976.23
11546,5773,39,2026-05-24,976.24
11547,5774,8,2026-06-04,565.26
11548,5774,69,2026-06-12,565.27
11549,5775,42,2026-07-18,708.69
11550,5775,63,2026-06-28,708.7
11551,5776,52,2026-03-01,660.28
11552,5776,28,2026-07-28,660.28
11553,5777,63,2026-05-24,1883.26
11554,5777,37,2026-04-27,1883.27
11555,5778,34,2026-04-22,1131.74
11556,5778,35,2026-03-18,1131.74
11557,5779,7,2026-02-15,1966.99
11558,5779,63,2026-07-22,1967
11559,5780,45,2026-07-19,1911.59
11560,5780,65,2026-03-15,1911.6
11561,5781,63,2026-03-06,1697.67
11562,5781,22,2026-01-08,1697.67
11563,5782,16,2026-04-22,992.49
11564,5782,42,2026-07-28,992.49
11565,5783,64,2026-03-17,884.64
11566,5783,8,2026-01-12,884.63
11567,5784,57,2026-02-18,785.73
11568,5784,10,2026-01-26,785.73
11569,5785,33,2026-01-21,998.66
11570,5785,59,2026-02-16,998.66
11571,5786,7,2026-05-14,533.82
11572,5786,19,2026-05-21,533.82
11573,5787,48,2026-04-14,505.65
11574,5787,62,2026-03-13,505.65
11575,5788,39,2026-03-23,1494.1
11576,5788,11,2026-07-02,1494.1
11577,5789,19,2026-05-06,489.59
11578,5789,16,2026-06-10,489.58
11579,5790,66,2026-02-23,494.73
11580,5790,14,2026-01-02,494.74
11581,5791,61,2026-01-23,1535.75
11582,5791,40,2026-04-22,1535.76
11583,5792,53,2026-04-10,1557.08
11584,5792,55,2026-02-03,1557.08
11585,5793,48,2026-04-14,1006.43
11586,5793,26,2026-07-23,1006.43
11587,5794,6,2026-03-23,735.62
11588,5794,57,2026-06-10,735.62
11589,5795,11,2026-06-15,597.68
11590,5795,10,2026-07-01,597.68
11591,5796,45,2026-07-16,903.09
11592,5796,14,2026-02-14,903.09
11593,5797,41,2026-03-23,828.11
11594,5797,63,2026-04-26,828.11
11595,5798,36,2026-07-15,1226.46
11596,5798,12,2026-06-14,1226.46
11597,5799,7,2026-03-12,404.71
11598,5799,22,2026-04-11,404.71
11599,5800,54,2026-03-09,1661.5
11600,5800,64,2026-06-09,1661.49
11601,5801,16,2026-05-12,733.71
11602,5801,16,2026-05-07,733.71
11603,5802,19,2026-04-17,1253.34
11604,5802,61,2026-07-25,1253.33
11605,5803,39,2026-06-22,584.61
11606,5803,42,2026-01-08,584.61
11607,5804,32,2026-02-27,1872.22
11608,5804,69,2026-04-12,1872.22
11609,5805,35,2026-01-22,1625.72
11610,5805,14,2026-02-27,1625.72
11611,5806,48,2026-04-24,1960.55
11612,5806,61,2026-01-22,1960.56
11613,5807,4,2026-06-04,1242.4
11614,5807,30,2026-07-21,1242.39
11615,5808,2,2026-02-06,1185.76
11616,5808,38,2026-04-10,1185.76
11617,5809,2,2026-03-12,1865.77
11618,5809,55,2026-01-24,1865.76
11619,5810,54,2026-04-17,805.81
11620,5810,31,2026-02-02,805.81
11621,5811,4,2026-04-20,807.44
11622,5811,17,2026-03-12,807.44
11623,5812,57,2026-05-10,1730.69
11624,5812,30,2026-07-23,1730.68
11625,5813,7,2026-05-25,1093.01
11626,5813,24,2026-04-19,1093.01
11627,5814,46,2026-04-14,465.9
11628,5814,4,2026-01-07,465.9
11629,5815,30,2026-05-28,1089.72
11630,5815,53,2026-03-10,1089.73
11631,5816,14,2026-04-25,1188.23
11632,5816,36,2026-03-24,1188.23
11633,5817,17,2026-02-20,1400.5
11634,5817,61,2026-05-10,1400.5
11635,5818,53,2026-03-02,604.45
11636,5818,48,2026-04-04,604.45
11637,5819,66,2026-06-13,1221.01
11638,5819,18,2026-04-26,1221
11639,5820,22,2026-01-20,1961.12
11640,5820,6,2026-05-24,1961.12
11641,5821,43,2026-07-26,1140.93
11642,5821,60,2026-02-26,1140.92
11643,5822,69,2026-01-04,974.58
11644,5822,10,2026-04-10,974.58
11645,5823,65,2026-01-27,1840.1
11646,5823,41,2026-07-04,1840.1
11647,5824,66,2026-01-20,1885.9
11648,5824,5,2026-04-06,1885.89
11649,5825,16,2026-03-13,1414.94
11650,5825,29,2026-05-21,1414.93
11651,5826,7,2026-04-06,1039.41
11652,5826,60,2026-03-11,1039.4
11653,5827,54,2026-01-12,1609.04
11654,5827,30,2026-05-28,1609.04
11655,5828,50,2026-07-21,762.82
11656,5828,69,2026-01-02,762.83
11657,5829,28,2026-03-22,1794.54
11658,5829,28,2026-04-27,1794.54
11659,5830,31,2026-07-20,719.78
11660,5830,34,2026-03-26,719.77
11661,5831,23,2026-05-27,1629.56
11662,5831,14,2026-02-10,1629.56
11663,5832,3,2026-01-06,1716.43
11664,5832,42,2026-02-01,1716.42
11665,5833,20,2026-05-07,937.6
11666,5833,45,2026-06-26,937.6
11667,5834,10,2026-03-11,1036.45
11668,5834,29,2026-03-10,1036.45
11669,5835,21,2026-06-27,1036.09
11670,5835,34,2026-05-15,1036.09
11671,5836,65,2026-01-23,1622.99
11672,5836,22,2026-07-09,1622.99
11673,5837,37,2026-02-26,1776.2
11674,5837,51,2026-02-25,1776.2
11675,5838,44,2026-07-16,1507.63
11676,5838,53,2026-04-21,1507.64
11677,5839,10,2026-03-11,515.35
11678,5839,35,2026-01-26,515.35
11679,5840,47,2026-04-09,1471
11680,5840,42,2026-07-15,1471.01
11681,5841,4,2026-01-22,794.71
11682,5841,24,2026-01-25,794.71
11683,5842,13,2026-01-20,1941.33
11684,5842,65,2026-04-07,1941.34
11685,5843,9,2026-05-22,1577.72
11686,5843,56,2026-05-17,1577.71
11687,5844,20,2026-03-07,1583.8
11688,5844,15,2026-04-02,1583.79
11689,5845,68,2026-05-10,1698
11690,5845,61,2026-07-03,1698
11691,5846,54,2026-07-05,855.25
11692,5846,19,2026-05-28,855.25
11693,5847,45,2026-01-22,491.89
11694,5847,30,2026-06-21,491.88
11695,5848,43,2026-03-04,1667.72
11696,5848,67,2026-03-23,1667.71
11697,5849,14,2026-06-17,1759.6
11698,5849,6,2026-02-05,1759.6
11699,5850,37,2026-07-04,1458.19
11700,5850,10,2026-04-16,1458.19
11701,5851,22,2026-07-12,1901.07
11702,5851,56,2026-05-10,1901.07
11703,5852,9,2026-06-15,1636.08
11704,5852,59,2026-05-13,1636.07
11705,5853,61,2026-02-03,1077.39
11706,5853,43,2026-07-25,1077.38
11707,5854,10,2026-05-07,1323.87
11708,5854,41,2026-02-06,1323.87
11709,5855,68,2026-04-17,897.84
11710,5855,8,2026-03-11,897.84
11711,5856,50,2026-03-28,1835.93
11712,5856,65,2026-07-20,1835.93
11713,5857,30,2026-07-08,1863.67
11714,5857,38,2026-05-15,1863.67
11715,5858,39,2026-04-23,1814.46
11716,5858,45,2026-07-04,1814.46
11717,5859,40,2026-05-15,860.65
11718,5859,48,2026-07-04,860.64
11719,5860,12,2026-07-28,779.85
11720,5860,8,2026-06-17,779.85
11721,5861,42,2026-01-26,824.65
11722,5861,2,2026-01-11,824.65
11723,5862,25,2026-07-24,756.25
11724,5862,46,2026-01-25,756.26
11725,5863,61,2026-02-05,1715.42
11726,5863,39,2026-05-21,1715.42
11727,5864,6,2026-03-08,756.44
11728,5864,27,2026-05-05,756.45
11729,5865,11,2026-01-27,638.78
11730,5865,40,2026-02-10,638.78
11731,5866,5,2026-02-14,569.2
11732,5866,64,2026-03-02,569.21
11733,5867,50,2026-01-23,410.86
11734,5867,37,2026-05-15,410.85
11735,5868,49,2026-03-09,468.78
11736,5868,56,2026-07-07,468.78
11737,5869,59,2026-05-19,1918.18
11738,5869,30,2026-02-02,1918.19
11739,5870,43,2026-03-21,954.2
11740,5870,11,2026-06-01,954.2
11741,5871,51,2026-01-22,948.38
11742,5871,46,2026-06-09,948.37
11743,5872,58,2026-04-25,706.87
11744,5872,32,2026-06-24,706.86
11745,5873,2,2026-06-23,1142.57
11746,5873,20,2026-01-03,1142.57
11747,5874,41,2026-03-23,1013.82
11748,5874,13,2026-05-21,1013.83
11749,5875,31,2026-04-19,686.51
11750,5875,69,2026-03-09,686.52
11751,5876,15,2026-07-11,1089.11
11752,5876,35,2026-04-26,1089.12
11753,5877,53,2026-05-06,1799.19
11754,5877,35,2026-06-27,1799.19
11755,5878,8,2026-02-04,944.45
11756,5878,14,2026-06-10,944.46
11757,5879,35,2026-04-08,1859.25
11758,5879,10,2026-01-11,1859.25
11759,5880,38,2026-02-06,1960.03
11760,5880,47,2026-03-26,1960.02
11761,5881,18,2026-05-02,1445.84
11762,5881,56,2026-06-08,1445.83
11763,5882,60,2026-04-26,1311.62
11764,5882,25,2026-07-12,1311.62
11765,5883,51,2026-03-03,587.51
11766,5883,3,2026-07-25,587.5
11767,5884,51,2026-06-03,1370.39
11768,5884,64,2026-05-11,1370.38
11769,5885,61,2026-02-20,1633.97
11770,5885,9,2026-03-09,1633.98
11771,5886,46,2026-04-23,484.91
11772,5886,61,2026-03-07,484.92
11773,5887,57,2026-02-22,448.35
11774,5887,26,2026-07-23,448.35
11775,5888,31,2026-02-04,1482.22
11776,5888,44,2026-05-06,1482.22
11777,5889,7,2026-01-10,663.44
11778,5889,3,2026-02-21,663.44
11779,5890,57,2026-05-28,671.98
11780,5890,4,2026-07-11,671.99
11781,5891,52,2026-01-04,672.8
11782,5891,55,2026-02-04,672.79
11783,5892,41,2026-03-14,1073.46
11784,5892,8,2026-03-16,1073.46
11785,5893,26,2026-04-07,1938.31
11786,5893,30,2026-02-24,1938.31
11787,5894,39,2026-06-13,1838.79
11788,5894,10,2026-02-13,1838.79
11789,5895,12,2026-07-17,562.72
11790,5895,57,2026-06-23,562.71
11791,5896,57,2026-01-16,538.55
11792,5896,62,2026-01-10,538.54
11793,5897,20,2026-01-07,1261.79
11794,5897,24,2026-07-16,1261.79
11795,5898,5,2026-01-25,1586.82
11796,5898,64,2026-01-09,1586.83
11797,5899,67,2026-06-24,544.4
11798,5899,48,2026-05-15,544.39
11799,5900,22,2026-02-26,901.17
11800,5900,66,2026-04-22,901.17
11801,5901,44,2026-01-28,1734.97
11802,5901,20,2026-05-24,1734.96
11803,5902,34,2026-07-14,1398.31
11804,5902,43,2026-07-18,1398.3
11805,5903,45,2026-01-21,442.68
11806,5903,41,2026-03-05,442.68
11807,5904,7,2026-07-26,1352.69
11808,5904,43,2026-02-14,1352.69
11809,5905,22,2026-01-16,1696.12
11810,5905,50,2026-06-03,1696.13
11811,5906,39,2026-01-14,1980.96
11812,5906,57,2026-03-16,1980.97
11813,5907,36,2026-01-03,890.34
11814,5907,50,2026-03-27,890.34
11815,5908,63,2026-02-25,1747.22
11816,5908,14,2026-01-15,1747.23
11817,5909,13,2026-01-14,1383.27
11818,5909,24,2026-07-14,1383.26
11819,5910,43,2026-07-16,1928.81
11820,5910,17,2026-05-19,1928.8
11821,5911,66,2026-07-20,1941.27
11822,5911,62,2026-07-28,1941.27
11823,5912,55,2026-01-02,1818.76
11824,5912,20,2026-06-07,1818.76
11825,5913,6,2026-05-06,1676.83
11826,5913,26,2026-04-27,1676.83
11827,5914,19,2026-04-06,1023.91
11828,5914,59,2026-07-06,1023.91
11829,5915,7,2026-03-19,1877.38
11830,5915,60,2026-01-28,1877.38
11831,5916,38,2026-06-20,1372.05
11832,5916,36,2026-07-02,1372.04
11833,5917,69,2026-02-12,678.62
11834,5917,45,2026-02-22,678.61
11835,5918,33,2026-02-03,1385.91
11836,5918,10,2026-04-13,1385.92
11837,5919,42,2026-06-04,1594.55
11838,5919,10,2026-03-23,1594.56
11839,5920,7,2026-02-28,760.64
11840,5920,65,2026-06-11,760.63
11841,5921,27,2026-04-12,837.52
11842,5921,23,2026-03-12,837.51
11843,5922,10,2026-05-15,990.92
11844,5922,17,2026-01-14,990.92
11845,5923,9,2026-05-22,408.03
11846,5923,69,2026-04-18,408.03
11847,5924,47,2026-01-04,647.82
11848,5924,33,2026-07-20,647.81
11849,5925,16,2026-06-14,403.38
11850,5925,54,2026-03-25,403.37
11851,5926,29,2026-01-11,1178.29
11852,5926,13,2026-07-03,1178.28
11853,5927,21,2026-04-06,797.34
11854,5927,61,2026-04-19,797.35
11855,5928,42,2026-05-23,1526.78
11856,5928,47,2026-07-28,1526.78
11857,5929,27,2026-05-13,727.34
11858,5929,36,2026-03-04,727.34
11859,5930,13,2026-07-17,1626.47
11860,5930,29,2026-01-10,1626.47
11861,5931,7,2026-01-17,1129
11862,5931,18,2026-07-19,1129.01
11863,5932,20,2026-03-07,1349.27
11864,5932,18,2026-03-06,1349.28
11865,5933,34,2026-07-18,958.74
11866,5933,16,2026-02-19,958.73
11867,5934,30,2026-06-21,919.18
11868,5934,61,2026-05-26,919.18
11869,5935,17,2026-06-11,639
11870,5935,31,2026-03-11,639.01
11871,5936,21,2026-06-11,996.6
11872,5936,3,2026-07-02,996.61
11873,5937,9,2026-02-03,837.73
11874,5937,6,2026-04-10,837.72
11875,5938,18,2026-03-15,1133.81
11876,5938,13,2026-04-13,1133.82
11877,5939,17,2026-04-15,1945.12
11878,5939,59,2026-04-15,1945.12
11879,5940,34,2026-01-11,602.65
11880,5940,53,2026-02-08,602.64
11881,5941,58,2026-04-14,1195.07
11882,5941,61,2026-05-01,1195.08
11883,5942,36,2026-01-28,1934.82
11884,5942,18,2026-07-20,1934.82
11885,5943,20,2026-04-08,1983.23
11886,5943,14,2026-03-27,1983.23
11887,5944,41,2026-07-03,1893.75
11888,5944,52,2026-06-12,1893.75
11889,5945,18,2026-07-23,638.71
11890,5945,62,2026-05-26,638.72
11891,5946,47,2026-07-22,1760.7
11892,5946,29,2026-02-04,1760.7
11893,5947,57,2026-03-02,844.71
11894,5947,22,2026-02-23,844.72
11895,5948,41,2026-04-28,717.92
11896,5948,23,2026-07-21,717.92
11897,5949,51,2026-06-15,1973.31
11898,5949,68,2026-06-16,1973.32
11899,5950,32,2026-01-09,1648.91
11900,5950,6,2026-06-20,1648.91
11901,5951,26,2026-02-21,1826.02
11902,5951,4,2026-02-26,1826.02
11903,5952,39,2026-03-14,820.96
11904,5952,44,2026-06-05,820.95
11905,5953,19,2026-04-06,916.14
11906,5953,50,2026-05-19,916.14
11907,5954,59,2026-05-16,1849.28
11908,5954,18,2026-05-10,1849.29
11909,5955,12,2026-05-04,732.08
11910,5955,60,2026-04-24,732.07
11911,5956,32,2026-02-24,1770.8
11912,5956,52,2026-05-28,1770.8
11913,5957,54,2026-04-19,1625.31
11914,5957,36,2026-01-17,1625.31
11915,5958,16,2026-03-19,1144.35
11916,5958,44,2026-04-24,1144.34
11917,5959,17,2026-01-27,882.11
11918,5959,68,2026-03-05,882.11
11919,5960,50,2026-07-04,1565.68
11920,5960,12,2026-06-13,1565.68
11921,5961,58,2026-03-17,1084.03
11922,5961,54,2026-07-20,1084.03
11923,5962,13,2026-01-17,472.09
11924,5962,9,2026-02-01,472.1
11925,5963,59,2026-03-23,1803.26
11926,5963,59,2026-02-11,1803.25
11927,5964,41,2026-04-02,866.52
11928,5964,29,2026-04-03,866.51
11929,5965,24,2026-07-23,1733.78
11930,5965,32,2026-01-26,1733.79
11931,5966,52,2026-06-20,448.06
11932,5966,64,2026-04-25,448.05
11933,5967,18,2026-05-13,507.71
11934,5967,24,2026-01-14,507.72
11935,5968,57,2026-05-27,1004.63
11936,5968,29,2026-06-12,1004.64
11937,5969,14,2026-03-16,1016.03
11938,5969,15,2026-06-24,1016.03
11939,5970,13,2026-05-20,883.99
11940,5970,64,2026-04-17,883.99
11941,5971,62,2026-06-16,1659.02
11942,5971,58,2026-03-18,1659.03
11943,5972,62,2026-07-15,975.38
11944,5972,37,2026-05-22,975.37
11945,5973,25,2026-05-20,590.4
11946,5973,37,2026-07-04,590.4
11947,5974,24,2026-04-11,873.32
11948,5974,25,2026-03-17,873.33
11949,5975,35,2026-07-04,1160.12
11950,5975,19,2026-03-23,1160.12
11951,5976,63,2026-07-26,654.68
11952,5976,17,2026-05-16,654.68
11953,5977,50,2026-01-14,1783.54
11954,5977,37,2026-03-03,1783.54
11955,5978,67,2026-01-22,1966.99
11956,5978,21,2026-06-24,1967
11957,5979,33,2026-07-03,1110.42
11958,5979,33,2026-07-15,1110.41
11959,5980,2,2026-03-13,1745.39
11960,5980,50,2026-07-27,1745.4
11961,5981,60,2026-06-25,1963.04
11962,5981,64,2026-04-03,1963.05
11963,5982,69,2026-03-04,749.18
11964,5982,4,2026-06-27,749.18
11965,5983,46,2026-05-03,1011
11966,5983,2,2026-02-19,1011
11967,5984,6,2026-06-23,1676.6
11968,5984,46,2026-06-24,1676.6
11969,5985,40,2026-02-18,656.59
11970,5985,17,2026-03-24,656.59
11971,5986,45,2026-01-20,1988.67
11972,5986,11,2026-01-12,1988.66
11973,5987,48,2026-01-06,1819.63
11974,5987,7,2026-05-04,1819.63
11975,5988,22,2026-07-02,704.03
11976,5988,69,2026-07-11,704.04
11977,5989,68,2026-07-24,1180.76
11978,5989,59,2026-01-23,1180.77
11979,5990,10,2026-05-01,1660.91
11980,5990,20,2026-06-12,1660.91
11981,5991,1,2026-05-10,704.47
11982,5991,38,2026-06-24,704.47
11983,5992,3,2026-04-16,890.3
11984,5992,33,2026-02-21,890.31
11985,5993,25,2026-05-27,728.18
11986,5993,58,2026-05-04,728.19
11987,5994,57,2026-01-28,610.54
11988,5994,12,2026-01-05,610.54
11989,5995,30,2026-03-24,1027.59
11990,5995,25,2026-06-07,1027.6
11991,5996,32,2026-06-22,1669.73
11992,5996,16,2026-06-07,1669.74
11993,5997,5,2026-06-24,1484.71
11994,5997,41,2026-04-01,1484.7
11995,5998,25,2026-07-13,916.03
11996,5998,39,2026-06-24,916.02
11997,5999,59,2026-02-21,1850.22
11998,5999,39,2026-04-14,1850.23
11999,6000,19,2026-05-28,1736.92
12000,6000,55,2026-02-24,1736.93
12001,6001,67,2026-07-18,773.52
12002,6001,5,2026-04-18,773.53
12003,6002,23,2026-04-04,508.93
12004,6002,59,2026-02-22,508.92
12005,6003,18,2026-06-01,917.37
12006,6003,49,2026-04-05,917.38
12007,6004,26,2026-02-17,1451.35
12008,6004,31,2026-01-19,1451.34
12009,6005,52,2026-01-20,1189.31
12010,6005,41,2026-05-08,1189.31
12011,6006,7,2026-02-10,1081.59
12012,6006,42,2026-02-14,1081.59
12013,6007,63,2026-04-03,1743.81
12014,6007,25,2026-06-15,1743.81
12015,6008,3,2026-02-23,601.39
12016,6008,42,2026-04-21,601.39
12017,6009,56,2026-07-02,427.1
12018,6009,28,2026-02-19,427.1
12019,6010,32,2026-05-14,1807.85
12020,6010,52,2026-05-10,1807.84
12021,6011,23,2026-01-09,899.69
12022,6011,54,2026-02-09,899.69
12023,6012,9,2026-06-08,768.8
12024,6012,6,2026-04-02,768.81
12025,6013,7,2026-06-24,1219.72
12026,6013,10,2026-04-25,1219.72
12027,6014,68,2026-01-12,777.88
12028,6014,36,2026-02-08,777.87
12029,6015,61,2026-03-19,951.14
12030,6015,46,2026-06-24,951.15
12031,6016,15,2026-06-13,1917.45
12032,6016,26,2026-07-23,1917.45
12033,6017,63,2026-03-22,1895.8
12034,6017,50,2026-02-05,1895.81
12035,6018,66,2026-06-14,1127.94
12036,6018,49,2026-06-23,1127.94
12037,6019,34,2026-05-09,1281.43
12038,6019,36,2026-07-14,1281.42
12039,6020,20,2026-01-03,1375.03
12040,6020,34,2026-06-16,1375.03
12041,6021,55,2026-04-18,1626.46
12042,6021,26,2026-06-08,1626.46
12043,6022,29,2026-05-10,1195.95
12044,6022,17,2026-05-08,1195.95
12045,6023,32,2026-02-14,865.11
12046,6023,43,2026-05-19,865.11
12047,6024,1,2026-07-25,781.81
12048,6024,52,2026-05-04,781.82
12049,6025,40,2026-01-17,1428.25
12050,6025,36,2026-01-16,1428.25
12051,6026,28,2026-04-21,1713.01
12052,6026,39,2026-04-10,1713.02
12053,6027,64,2026-05-27,1713.04
12054,6027,47,2026-05-01,1713.04
12055,6028,46,2026-02-25,1976.76
12056,6028,38,2026-03-08,1976.76
12057,6029,59,2026-07-08,989.94
12058,6029,64,2026-03-24,989.94
12059,6030,68,2026-01-18,451.52
12060,6030,62,2026-01-02,451.53
12061,6031,19,2026-03-07,1214.37
12062,6031,6,2026-07-01,1214.36
12063,6032,54,2026-05-11,1938.63
12064,6032,44,2026-06-18,1938.62
12065,6033,4,2026-07-24,1960.24
12066,6033,33,2026-03-26,1960.24
12067,6034,10,2026-02-26,1608.9
12068,6034,8,2026-01-22,1608.9
12069,6035,12,2026-06-16,905.83
12070,6035,22,2026-03-16,905.82
12071,6036,30,2026-03-06,1903.33
12072,6036,1,2026-07-01,1903.33
12073,6037,12,2026-03-27,667.59
12074,6037,52,2026-01-28,667.58
12075,6038,13,2026-02-20,1599.6
12076,6038,3,2026-04-13,1599.6
12077,6039,68,2026-01-17,890.37
12078,6039,2,2026-07-08,890.37
12079,6040,43,2026-07-05,1534.29
12080,6040,64,2026-07-04,1534.29
12081,6041,28,2026-02-16,693.74
12082,6041,66,2026-07-21,693.74
12083,6042,40,2026-06-14,1531.08
12084,6042,26,2026-01-09,1531.08
12085,6043,18,2026-07-09,628.52
12086,6043,19,2026-04-03,628.51
12087,6044,62,2026-02-04,967.83
12088,6044,64,2026-05-02,967.83
12089,6045,62,2026-01-16,573.6
12090,6045,56,2026-07-11,573.6
12091,6046,68,2026-03-27,1896.71
12092,6046,22,2026-03-16,1896.71
12093,6047,47,2026-07-15,1206.46
12094,6047,61,2026-06-23,1206.45
12095,6048,67,2026-04-28,1611.57
12096,6048,39,2026-06-26,1611.57
12097,6049,34,2026-06-07,412.61
12098,6049,24,2026-07-21,412.62
12099,6050,10,2026-03-20,1665.32
12100,6050,12,2026-06-05,1665.33
12101,6051,42,2026-07-03,413.39
12102,6051,12,2026-03-05,413.39
12103,6052,66,2026-06-03,1386.18
12104,6052,25,2026-06-05,1386.18
12105,6053,48,2026-01-24,1447.24
12106,6053,14,2026-01-24,1447.25
12107,6054,24,2026-06-05,1604.42
12108,6054,58,2026-06-12,1604.42
12109,6055,60,2026-05-01,1426.11
12110,6055,18,2026-03-06,1426.1
12111,6056,7,2026-05-14,1928.52
12112,6056,41,2026-07-16,1928.51
12113,6057,39,2026-05-15,1319.13
12114,6057,57,2026-04-24,1319.13
12115,6058,60,2026-04-17,1049.47
12116,6058,37,2026-06-04,1049.46
12117,6059,6,2026-04-13,1086.72
12118,6059,59,2026-06-18,1086.71
12119,6060,28,2026-02-09,1689.4
12120,6060,38,2026-06-18,1689.39
12121,6061,14,2026-03-05,1812.71
12122,6061,9,2026-05-15,1812.71
12123,6062,9,2026-04-13,1023.14
12124,6062,51,2026-03-18,1023.14
12125,6063,26,2026-01-15,1092.93
12126,6063,32,2026-02-11,1092.93
12127,6064,13,2026-07-16,1899.87
12128,6064,13,2026-06-06,1899.88
12129,6065,48,2026-01-09,1254.7
12130,6065,36,2026-05-18,1254.69
12131,6066,68,2026-04-11,637.66
12132,6066,8,2026-01-15,637.65
12133,6067,50,2026-07-12,962.54
12134,6067,60,2026-02-16,962.53
12135,6068,66,2026-02-18,1751.73
12136,6068,52,2026-03-08,1751.73
12137,6069,30,2026-04-09,1880.89
12138,6069,10,2026-05-04,1880.89
12139,6070,26,2026-04-03,917.72
12140,6070,32,2026-02-18,917.71
12141,6071,62,2026-07-04,1068.77
12142,6071,39,2026-05-22,1068.77
12143,6072,63,2026-02-10,950.48
12144,6072,8,2026-03-28,950.47
12145,6073,69,2026-05-10,712.52
12146,6073,43,2026-06-22,712.52
12147,6074,55,2026-05-13,1986.13
12148,6074,69,2026-04-10,1986.13
12149,6075,3,2026-04-18,765.65
12150,6075,38,2026-05-20,765.65
12151,6076,60,2026-05-06,1717.52
12152,6076,47,2026-07-20,1717.52
12153,6077,37,2026-05-16,1678.46
12154,6077,52,2026-06-14,1678.46
12155,6078,51,2026-05-12,631.43
12156,6078,60,2026-02-15,631.42
12157,6079,24,2026-05-10,1706.83
12158,6079,44,2026-04-17,1706.83
12159,6080,2,2026-03-13,1882.81
12160,6080,47,2026-05-11,1882.82
12161,6081,49,2026-05-20,562.66
12162,6081,33,2026-05-12,562.66
12163,6082,41,2026-03-07,1292.28
12164,6082,5,2026-02-21,1292.29
12165,6083,3,2026-06-20,1592.78
12166,6083,44,2026-01-13,1592.79
12167,6084,53,2026-06-13,1555.02
12168,6084,42,2026-02-05,1555.02
12169,6085,65,2026-03-04,758.2
12170,6085,50,2026-05-23,758.2
12171,6086,19,2026-06-12,1807.96
12172,6086,67,2026-04-24,1807.97
12173,6087,53,2026-05-01,526.28
12174,6087,56,2026-03-09,526.28
12175,6088,14,2026-02-06,1511.1
12176,6088,7,2026-05-24,1511.11
12177,6089,14,2026-03-04,1755.92
12178,6089,22,2026-06-19,1755.92
12179,6090,28,2026-03-08,1685.82
12180,6090,24,2026-03-09,1685.82
12181,6091,11,2026-06-06,1599.4
12182,6091,38,2026-05-20,1599.4
12183,6092,35,2026-02-15,1800.21
12184,6092,13,2026-01-01,1800.22
12185,6093,19,2026-02-09,1731.72
12186,6093,53,2026-01-13,1731.72
12187,6094,23,2026-06-21,1370.55
12188,6094,64,2026-06-11,1370.55
12189,6095,12,2026-05-03,567.8
12190,6095,49,2026-06-28,567.8
12191,6096,38,2026-04-17,522.01
12192,6096,21,2026-05-11,522.01
12193,6097,8,2026-05-02,1520.13
12194,6097,39,2026-02-05,1520.12
12195,6098,29,2026-03-01,1879.9
12196,6098,15,2026-02-13,1879.9
12197,6099,34,2026-06-25,1950.59
12198,6099,46,2026-02-23,1950.6
12199,6100,6,2026-03-05,845.6
12200,6100,67,2026-05-28,845.6
12201,6101,5,2026-07-21,1752.83
12202,6101,59,2026-07-11,1752.84
12203,6102,40,2026-01-10,1861.65
12204,6102,1,2026-01-08,1861.65
12205,6103,63,2026-06-12,1087.01
12206,6103,43,2026-04-25,1087.01
12207,6104,46,2026-01-28,780.96
12208,6104,17,2026-05-16,780.95
12209,6105,25,2026-03-05,521.34
12210,6105,41,2026-02-08,521.34
12211,6106,52,2026-02-28,1353.17
12212,6106,59,2026-05-09,1353.18
12213,6107,30,2026-04-01,1758
12214,6107,51,2026-05-27,1757.99
12215,6108,12,2026-02-06,1439.14
12216,6108,44,2026-03-14,1439.14
12217,6109,24,2026-06-23,441.93
12218,6109,51,2026-07-07,441.94
12219,6110,65,2026-07-19,902.95
12220,6110,64,2026-07-26,902.96
12221,6111,62,2026-04-27,711.65
12222,6111,4,2026-05-10,711.64
12223,6112,11,2026-01-12,1730.91
12224,6112,56,2026-05-23,1730.91
12225,6113,33,2026-05-18,1707.74
12226,6113,57,2026-01-15,1707.75
12227,6114,23,2026-05-25,1449.48
12228,6114,60,2026-02-03,1449.47
12229,6115,57,2026-04-17,1615.52
12230,6115,54,2026-03-23,1615.52
12231,6116,61,2026-02-21,1992.66
12232,6116,33,2026-07-08,1992.66
12233,6117,3,2026-03-08,1010.78
12234,6117,56,2026-03-27,1010.77
12235,6118,6,2026-05-27,662.32
12236,6118,26,2026-02-27,662.33
12237,6119,49,2026-06-08,1382.96
12238,6119,45,2026-04-01,1382.96
12239,6120,43,2026-02-10,1535.9
12240,6120,8,2026-06-08,1535.89
12241,6121,7,2026-04-10,1808
12242,6121,38,2026-04-22,1808
12243,6122,8,2026-06-08,1396.42
12244,6122,21,2026-05-20,1396.42
12245,6123,10,2026-06-17,1744.5
12246,6123,64,2026-01-10,1744.51
12247,6124,57,2026-02-14,1050.48
12248,6124,12,2026-01-16,1050.48
12249,6125,15,2026-06-10,541.55
12250,6125,28,2026-01-07,541.55
12251,6126,56,2026-01-21,1845.63
12252,6126,21,2026-04-21,1845.62
12253,6127,34,2026-04-09,1166.27
12254,6127,59,2026-04-27,1166.28
12255,6128,19,2026-07-05,1969.27
12256,6128,14,2026-01-10,1969.28
12257,6129,32,2026-07-23,532.8
12258,6129,10,2026-01-18,532.8
12259,6130,26,2026-02-10,400.83
12260,6130,19,2026-05-10,400.83
12261,6131,14,2026-03-20,1264.08
12262,6131,50,2026-03-14,1264.08
12263,6132,49,2026-04-27,623.66
12264,6132,20,2026-04-22,623.66
12265,6133,41,2026-02-01,1675.8
12266,6133,69,2026-07-23,1675.8
12267,6134,25,2026-02-03,1425.39
12268,6134,45,2026-05-22,1425.39
12269,6135,35,2026-03-10,647.97
12270,6135,57,2026-02-14,647.96
12271,6136,7,2026-03-22,1644.48
12272,6136,37,2026-01-13,1644.47
12273,6137,58,2026-06-13,1960.56
12274,6137,19,2026-01-12,1960.56
12275,6138,37,2026-02-25,577.55
12276,6138,57,2026-05-22,577.55
12277,6139,66,2026-03-11,507.9
12278,6139,56,2026-02-14,507.9
12279,6140,50,2026-06-23,1951.18
12280,6140,50,2026-02-26,1951.18
12281,6141,68,2026-03-25,1973.78
12282,6141,7,2026-03-06,1973.77
12283,6142,61,2026-06-23,1729.35
12284,6142,11,2026-03-21,1729.35
12285,6143,59,2026-02-04,548.13
12286,6143,63,2026-06-10,548.13
12287,6144,61,2026-01-27,446.48
12288,6144,10,2026-04-23,446.48
12289,6145,68,2026-01-21,1896.4
12290,6145,53,2026-04-13,1896.39
12291,6146,53,2026-03-18,463.01
12292,6146,34,2026-03-02,463.01
12293,6147,64,2026-04-03,458.61
12294,6147,25,2026-01-15,458.61
12295,6148,41,2026-03-03,1233.94
12296,6148,57,2026-01-08,1233.93
12297,6149,13,2026-06-04,1408.37
12298,6149,14,2026-06-13,1408.36
12299,6150,43,2026-06-19,1812.1
12300,6150,31,2026-02-24,1812.1
12301,6151,38,2026-02-05,463.07
12302,6151,56,2026-05-23,463.08
12303,6152,17,2026-04-04,1453.74
12304,6152,23,2026-01-22,1453.74
12305,6153,35,2026-01-24,863.45
12306,6153,56,2026-04-12,863.45
12307,6154,53,2026-05-25,571.98
12308,6154,24,2026-05-07,571.99
12309,6155,6,2026-02-17,1283.24
12310,6155,19,2026-02-06,1283.25
12311,6156,26,2026-07-25,1440.58
12312,6156,34,2026-06-23,1440.59
12313,6157,66,2026-07-09,1024.45
12314,6157,31,2026-06-21,1024.45
12315,6158,24,2026-05-13,1053.12
12316,6158,50,2026-02-06,1053.11
12317,6159,9,2026-04-24,584.46
12318,6159,47,2026-05-22,584.47
12319,6160,9,2026-02-25,1645.44
12320,6160,52,2026-07-22,1645.45
12321,6161,60,2026-01-02,1529.91
12322,6161,61,2026-01-03,1529.91
12323,6162,19,2026-01-25,491.49
12324,6162,38,2026-02-03,491.5
12325,6163,34,2026-04-17,775.48
12326,6163,57,2026-04-01,775.48
12327,6164,30,2026-04-13,1702.87
12328,6164,17,2026-07-01,1702.88
12329,6165,22,2026-06-28,1599.22
12330,6165,8,2026-05-23,1599.23
12331,6166,16,2026-01-23,1426.14
12332,6166,35,2026-05-21,1426.14
12333,6167,42,2026-01-17,1226.26
12334,6167,15,2026-05-02,1226.27
12335,6168,26,2026-01-04,1065.06
12336,6168,47,2026-07-22,1065.07
12337,6169,59,2026-05-18,524.26
12338,6169,16,2026-06-01,524.27
12339,6170,62,2026-06-20,1564.03
12340,6170,8,2026-02-06,1564.03
12341,6171,27,2026-02-13,1110.17
12342,6171,31,2026-04-07,1110.18
12343,6172,19,2026-04-07,1736.55
12344,6172,60,2026-01-21,1736.55
12345,6173,45,2026-05-10,1604.59
12346,6173,52,2026-05-14,1604.6
12347,6174,16,2026-06-09,1015.93
12348,6174,59,2026-04-09,1015.94
12349,6175,4,2026-03-12,691.83
12350,6175,36,2026-01-06,691.83
12351,6176,57,2026-04-20,1340.22
12352,6176,62,2026-01-02,1340.22
12353,6177,45,2026-03-08,1888.31
12354,6177,53,2026-04-08,1888.31
12355,6178,14,2026-07-27,1915.48
12356,6178,19,2026-05-24,1915.48
12357,6179,11,2026-06-08,1157.27
12358,6179,33,2026-05-25,1157.27
12359,6180,16,2026-07-03,410.27
12360,6180,59,2026-05-15,410.27
12361,6181,44,2026-05-07,1616
12362,6181,62,2026-03-10,1616
12363,6182,37,2026-01-17,1725.71
12364,6182,17,2026-02-26,1725.71
12365,6183,40,2026-04-22,1172.4
12366,6183,53,2026-01-04,1172.39
12367,6184,63,2026-03-18,1323.92
12368,6184,67,2026-07-25,1323.93
12369,6185,44,2026-05-12,548.05
12370,6185,69,2026-03-03,548.05
12371,6186,15,2026-02-10,1261.63
12372,6186,12,2026-04-09,1261.62
12373,6187,43,2026-04-01,830.68
12374,6187,35,2026-03-17,830.68
12375,6188,2,2026-02-17,1447.87
12376,6188,19,2026-06-20,1447.87
12377,6189,67,2026-04-02,1714.57
12378,6189,40,2026-05-16,1714.58
12379,6190,63,2026-05-01,1142.1
12380,6190,58,2026-03-04,1142.1
12381,6191,34,2026-07-28,1752.86
12382,6191,4,2026-03-27,1752.85
12383,6192,41,2026-01-28,1773.33
12384,6192,63,2026-07-17,1773.34
12385,6193,26,2026-07-22,1235.6
12386,6193,8,2026-02-26,1235.6
12387,6194,14,2026-04-01,746.46
12388,6194,67,2026-02-07,746.47
12389,6195,3,2026-06-16,845.84
12390,6195,18,2026-06-08,845.84
12391,6196,3,2026-06-26,796.38
12392,6196,45,2026-01-16,796.37
12393,6197,46,2026-07-28,843.47
12394,6197,55,2026-01-04,843.47
12395,6198,51,2026-01-25,1419
12396,6198,25,2026-06-23,1419.01
12397,6199,17,2026-06-25,1464.18
12398,6199,8,2026-04-23,1464.17
12399,6200,3,2026-02-08,562.77
12400,6200,32,2026-01-23,562.78
12401,6201,14,2026-02-02,900.87
12402,6201,59,2026-05-06,900.87
12403,6202,13,2026-04-17,1944.6
12404,6202,29,2026-03-06,1944.6
12405,6203,8,2026-06-15,1245.11
12406,6203,4,2026-05-15,1245.1
12407,6204,22,2026-07-08,1313.43
12408,6204,18,2026-07-03,1313.42
12409,6205,27,2026-05-27,538.75
12410,6205,66,2026-04-26,538.76
12411,6206,62,2026-07-09,1872.86
12412,6206,39,2026-01-27,1872.86
12413,6207,42,2026-05-27,1810.04
12414,6207,43,2026-03-07,1810.03
12415,6208,27,2026-02-02,866.09
12416,6208,64,2026-07-07,866.08
12417,6209,60,2026-01-13,1627.52
12418,6209,3,2026-05-27,1627.51
12419,6210,1,2026-02-22,1899.04
12420,6210,7,2026-03-09,1899.04
12421,6211,17,2026-01-10,630.39
12422,6211,65,2026-01-19,630.39
12423,6212,27,2026-06-24,806.08
12424,6212,61,2026-05-15,806.09
12425,6213,8,2026-03-25,1860.08
12426,6213,8,2026-02-02,1860.08
12427,6214,8,2026-02-16,1480.92
12428,6214,15,2026-07-27,1480.93
12429,6215,29,2026-07-23,473.86
12430,6215,41,2026-07-21,473.86
12431,6216,68,2026-07-03,1409.46
12432,6216,55,2026-02-16,1409.46
12433,6217,60,2026-01-10,648.87
12434,6217,61,2026-03-21,648.87
12435,6218,47,2026-07-11,1615.87
12436,6218,33,2026-05-28,1615.86
12437,6219,38,2026-07-14,1076.65
12438,6219,63,2026-04-18,1076.64
12439,6220,52,2026-04-09,524.13
12440,6220,66,2026-04-10,524.13
12441,6221,65,2026-06-01,1840.18
12442,6221,68,2026-02-15,1840.18
12443,6222,19,2026-05-20,579.31
12444,6222,61,2026-06-15,579.31
12445,6223,42,2026-03-01,1338.41
12446,6223,58,2026-05-13,1338.4
12447,6224,33,2026-03-27,712.49
12448,6224,32,2026-05-23,712.48
12449,6225,4,2026-07-20,1079.33
12450,6225,34,2026-03-05,1079.33
12451,6226,5,2026-03-13,1929.77
12452,6226,6,2026-04-27,1929.76
12453,6227,37,2026-01-02,1351.01
12454,6227,64,2026-04-05,1351.01
12455,6228,14,2026-05-19,698.67
12456,6228,69,2026-03-16,698.66
12457,6229,3,2026-02-17,1753.73
12458,6229,46,2026-03-27,1753.72
12459,6230,4,2026-07-21,553.25
12460,6230,16,2026-06-24,553.26
12461,6231,42,2026-06-09,1308.44
12462,6231,46,2026-02-03,1308.44
12463,6232,44,2026-02-05,1201.74
12464,6232,63,2026-06-19,1201.73
12465,6233,48,2026-04-08,449.98
12466,6233,15,2026-02-26,449.98
12467,6234,32,2026-04-19,988.13
12468,6234,10,2026-01-01,988.13
12469,6235,41,2026-05-01,1713.17
12470,6235,58,2026-02-07,1713.16
12471,6236,3,2026-05-12,1761.31
12472,6236,67,2026-06-19,1761.31
12473,6237,41,2026-03-20,1957.48
12474,6237,9,2026-02-01,1957.48
12475,6238,43,2026-04-08,1775.18
12476,6238,16,2026-01-07,1775.18
12477,6239,51,2026-05-10,827.57
12478,6239,36,2026-04-12,827.57
12479,6240,7,2026-04-25,1511.08
12480,6240,17,2026-03-18,1511.08
12481,6241,10,2026-02-22,1538.34
12482,6241,1,2026-05-20,1538.34
12483,6242,47,2026-04-05,1913.25
12484,6242,4,2026-01-02,1913.24
12485,6243,14,2026-05-14,515.83
12486,6243,43,2026-06-24,515.84
12487,6244,40,2026-05-08,1253.5
12488,6244,45,2026-03-28,1253.5
12489,6245,7,2026-03-05,849.35
12490,6245,61,2026-01-20,849.35
12491,6246,15,2026-06-11,1500.76
12492,6246,58,2026-04-10,1500.77
12493,6247,15,2026-03-13,464.41
12494,6247,33,2026-07-13,464.41
12495,6248,21,2026-03-06,728.52
12496,6248,29,2026-02-17,728.51
12497,6249,9,2026-05-21,1575.02
12498,6249,9,2026-06-21,1575.02
12499,6250,52,2026-03-05,710.59
12500,6250,25,2026-05-18,710.59
12501,6251,38,2026-07-16,1830.98
12502,6251,67,2026-06-28,1830.98
12503,6252,58,2026-03-23,1461.18
12504,6252,7,2026-03-06,1461.18
12505,6253,5,2026-06-14,1167.33
12506,6253,35,2026-04-28,1167.33
12507,6254,11,2026-04-15,466.5
12508,6254,58,2026-03-12,466.5
12509,6255,24,2026-02-14,1835.78
12510,6255,49,2026-07-10,1835.78
12511,6256,59,2026-03-19,1490.61
12512,6256,29,2026-07-09,1490.62
12513,6257,49,2026-04-08,1858.83
12514,6257,4,2026-03-06,1858.82
12515,6258,46,2026-02-02,1594.95
12516,6258,63,2026-02-26,1594.95
12517,6259,1,2026-02-06,542.29
12518,6259,63,2026-06-22,542.29
12519,6260,58,2026-02-19,702.39
12520,6260,30,2026-04-06,702.39
12521,6261,52,2026-05-12,1566.84
12522,6261,19,2026-03-05,1566.85
12523,6262,4,2026-07-06,975.42
12524,6262,17,2026-02-26,975.42
12525,6263,35,2026-01-14,1918.42
12526,6263,51,2026-05-18,1918.42
12527,6264,2,2026-04-18,429.05
12528,6264,7,2026-01-10,429.06
12529,6265,26,2026-07-13,480.59
12530,6265,47,2026-03-16,480.59
12531,6266,44,2026-04-02,1833.02
12532,6266,30,2026-04-05,1833.02
12533,6267,44,2026-02-23,1028.06
12534,6267,11,2026-04-02,1028.07
12535,6268,23,2026-04-08,1193.4
12536,6268,67,2026-02-16,1193.4
12537,6269,30,2026-06-03,1093.28
12538,6269,53,2026-04-19,1093.27
12539,6270,40,2026-03-21,924.95
12540,6270,11,2026-07-10,924.95
12541,6271,19,2026-01-01,832.44
12542,6271,28,2026-06-09,832.43
12543,6272,44,2026-01-04,1175.68
12544,6272,69,2026-02-28,1175.69
12545,6273,12,2026-01-28,1026.19
12546,6273,59,2026-01-19,1026.18
12547,6274,57,2026-07-11,406.77
12548,6274,35,2026-01-19,406.78
12549,6275,50,2026-01-23,792.28
12550,6275,24,2026-06-12,792.27
12551,6276,39,2026-02-05,1168.09
12552,6276,41,2026-06-17,1168.1
12553,6277,5,2026-02-24,1378.42
12554,6277,47,2026-03-12,1378.43
12555,6278,18,2026-01-24,1882.18
12556,6278,45,2026-03-14,1882.18
12557,6279,17,2026-05-06,539.97
12558,6279,33,2026-03-24,539.98
12559,6280,12,2026-04-19,1905.63
12560,6280,46,2026-02-24,1905.63
12561,6281,32,2026-03-15,1008.51
12562,6281,45,2026-01-19,1008.51
12563,6282,5,2026-02-15,885.01
12564,6282,53,2026-06-12,885.01
12565,6283,5,2026-07-06,1015.82
12566,6283,5,2026-07-21,1015.81
12567,6284,42,2026-02-11,552.75
12568,6284,48,2026-02-08,552.74
12569,6285,54,2026-05-11,1630.18
12570,6285,8,2026-05-03,1630.18
12571,6286,18,2026-01-08,1193.35
12572,6286,22,2026-01-06,1193.35
12573,6287,66,2026-07-08,1250.59
12574,6287,23,2026-02-09,1250.59
12575,6288,11,2026-01-25,1871.71
12576,6288,21,2026-04-18,1871.7
12577,6289,22,2026-03-20,411.98
12578,6289,28,2026-06-08,411.97
12579,6290,11,2026-06-14,1118.36
12580,6290,1,2026-02-15,1118.37
12581,6291,62,2026-01-18,1350.97
12582,6291,66,2026-03-08,1350.97
12583,6292,10,2026-07-24,1121.52
12584,6292,3,2026-03-24,1121.52
12585,6293,41,2026-05-02,1095.89
12586,6293,20,2026-02-14,1095.88
12587,6294,41,2026-03-19,1556.3
12588,6294,19,2026-03-12,1556.29
12589,6295,8,2026-07-27,744.63
12590,6295,45,2026-07-11,744.62
12591,6296,18,2026-05-23,1964.64
12592,6296,30,2026-02-27,1964.64
12593,6297,5,2026-04-05,1785.58
12594,6297,23,2026-04-19,1785.59
12595,6298,54,2026-04-15,540
12596,6298,43,2026-02-02,540
12597,6299,52,2026-04-20,1607.29
12598,6299,55,2026-02-26,1607.3
12599,6300,56,2026-07-12,524.91
12600,6300,20,2026-05-22,524.91
12601,6301,8,2026-01-02,420.84
12602,6301,43,2026-06-17,420.84
12603,6302,1,2026-06-09,700.65
12604,6302,8,2026-05-02,700.65
12605,6303,9,2026-03-28,1951.93
12606,6303,9,2026-07-20,1951.92
12607,6304,62,2026-03-19,469.77
12608,6304,50,2026-03-28,469.78
12609,6305,55,2026-06-28,1910.79
12610,6305,50,2026-02-28,1910.79
12611,6306,26,2026-06-08,1122.13
12612,6306,62,2026-04-18,1122.13
12613,6307,1,2026-01-21,765.28
12614,6307,26,2026-07-26,765.28
12615,6308,65,2026-07-03,1428.22
12616,6308,3,2026-03-05,1428.23
12617,6309,6,2026-03-10,647.42
12618,6309,19,2026-04-17,647.41
12619,6310,33,2026-01-24,971.92
12620,6310,36,2026-07-18,971.92
12621,6311,13,2026-07-04,1949.66
12622,6311,21,2026-01-25,1949.67
12623,6312,25,2026-03-01,1146.77
12624,6312,15,2026-02-10,1146.76
12625,6313,21,2026-02-04,1161.51
12626,6313,4,2026-03-07,1161.51
12627,6314,49,2026-05-12,1516.68
12628,6314,66,2026-02-23,1516.67
12629,6315,59,2026-02-14,1004.4
12630,6315,22,2026-03-22,1004.4
12631,6316,47,2026-01-16,705.33
12632,6316,12,2026-04-10,705.33
12633,6317,27,2026-01-12,924.34
12634,6317,55,2026-02-17,924.33
12635,6318,39,2026-01-15,1030.29
12636,6318,39,2026-02-12,1030.29
12637,6319,9,2026-03-18,460.03
12638,6319,16,2026-06-06,460.03
12639,6320,65,2026-07-20,1024.48
12640,6320,67,2026-07-11,1024.48
12641,6321,63,2026-03-08,837.19
12642,6321,17,2026-03-04,837.19
12643,6322,42,2026-02-05,1882.02
12644,6322,52,2026-05-05,1882.02
12645,6323,47,2026-01-13,1711.36
12646,6323,30,2026-01-12,1711.36
12647,6324,65,2026-02-28,1983.29
12648,6324,62,2026-03-14,1983.3
12649,6325,37,2026-01-14,919.92
12650,6325,23,2026-06-09,919.93
12651,6326,10,2026-01-06,853.7
12652,6326,59,2026-06-21,853.7
12653,6327,26,2026-05-07,1062.34
12654,6327,2,2026-07-28,1062.35
12655,6328,52,2026-02-09,1020.96
12656,6328,2,2026-01-27,1020.96
12657,6329,61,2026-05-22,1621.11
12658,6329,66,2026-06-17,1621.11
12659,6330,11,2026-04-27,1710.39
12660,6330,21,2026-06-06,1710.38
12661,6331,44,2026-07-03,1704.34
12662,6331,40,2026-02-25,1704.34
12663,6332,60,2026-03-18,1253.96
12664,6332,38,2026-04-21,1253.96
12665,6333,55,2026-07-18,962.26
12666,6333,27,2026-05-18,962.26
12667,6334,22,2026-05-18,685.23
12668,6334,5,2026-03-06,685.22
12669,6335,59,2026-01-10,1832.29
12670,6335,25,2026-04-14,1832.29
12671,6336,5,2026-03-07,1395.37
12672,6336,11,2026-01-12,1395.38
12673,6337,38,2026-07-03,1112.43
12674,6337,25,2026-05-14,1112.44
12675,6338,35,2026-06-15,1761.28
12676,6338,47,2026-03-09,1761.28
12677,6339,46,2026-02-03,1621.86
12678,6339,46,2026-05-27,1621.86
12679,6340,18,2026-07-22,521.79
12680,6340,59,2026-07-11,521.79
12681,6341,47,2026-06-28,873.64
12682,6341,65,2026-04-07,873.64
12683,6342,15,2026-02-28,1589.36
12684,6342,62,2026-03-23,1589.35
12685,6343,38,2026-03-14,1854.03
12686,6343,19,2026-01-28,1854.03
12687,6344,31,2026-07-25,789.45
12688,6344,52,2026-07-12,789.46
12689,6345,27,2026-06-14,1714.71
12690,6345,6,2026-05-04,1714.7
12691,6346,14,2026-07-12,1455.34
12692,6346,64,2026-05-07,1455.35
12693,6347,17,2026-06-23,1372.78
12694,6347,58,2026-07-12,1372.77
12695,6348,20,2026-07-02,998.58
12696,6348,28,2026-05-28,998.58
12697,6349,1,2026-06-11,1916.24
12698,6349,34,2026-07-23,1916.24
12699,6350,27,2026-04-22,909.77
12700,6350,23,2026-02-08,909.78
12701,6351,15,2026-07-05,1355.56
12702,6351,29,2026-02-15,1355.55
12703,6352,51,2026-04-25,1572.73
12704,6352,67,2026-07-12,1572.73
12705,6353,32,2026-05-19,1487.64
12706,6353,53,2026-02-21,1487.63
12707,6354,44,2026-04-18,478.14
12708,6354,25,2026-01-09,478.13
12709,6355,31,2026-01-09,611.6
12710,6355,47,2026-05-17,611.6
12711,6356,24,2026-03-24,1728.33
12712,6356,27,2026-05-08,1728.34
12713,6357,46,2026-03-22,976.37
12714,6357,28,2026-02-13,976.36
12715,6358,16,2026-07-01,1678.69
12716,6358,53,2026-07-14,1678.7
12717,6359,30,2026-03-05,1381.78
12718,6359,16,2026-01-06,1381.78
12719,6360,10,2026-06-10,412.75
12720,6360,41,2026-01-22,412.76
12721,6361,53,2026-02-01,816.81
12722,6361,5,2026-02-26,816.81
12723,6362,26,2026-04-17,945.41
12724,6362,43,2026-03-13,945.41
12725,6363,42,2026-02-16,766.47
12726,6363,10,2026-07-06,766.48
12727,6364,5,2026-02-20,1259.38
12728,6364,13,2026-01-01,1259.37
12729,6365,61,2026-06-17,669.64
12730,6365,52,2026-07-09,669.64
12731,6366,7,2026-07-17,1205.37
12732,6366,66,2026-07-16,1205.36
12733,6367,59,2026-01-22,1639.72
12734,6367,7,2026-01-03,1639.71
12735,6368,37,2026-04-20,1691.57
12736,6368,4,2026-07-20,1691.58
12737,6369,11,2026-01-01,1681.99
12738,6369,43,2026-06-09,1681.98
12739,6370,13,2026-06-01,852.18
12740,6370,59,2026-03-19,852.19
12741,6371,63,2026-05-01,688.2
12742,6371,67,2026-06-24,688.19
12743,6372,51,2026-05-09,1766.24
12744,6372,29,2026-02-16,1766.24
12745,6373,29,2026-02-14,669.64
12746,6373,12,2026-01-14,669.63
12747,6374,30,2026-06-05,739.92
12748,6374,40,2026-04-03,739.91
12749,6375,38,2026-01-22,1190.93
12750,6375,11,2026-03-12,1190.93
12751,6376,38,2026-02-01,678.76
12752,6376,42,2026-04-14,678.75
12753,6377,68,2026-06-26,1369.14
12754,6377,46,2026-02-21,1369.15
12755,6378,52,2026-04-09,1592.87
12756,6378,14,2026-01-03,1592.87
12757,6379,3,2026-02-03,978.08
12758,6379,68,2026-02-23,978.09
12759,6380,20,2026-03-04,1412.08
12760,6380,43,2026-04-25,1412.09
12761,6381,50,2026-03-14,917.36
12762,6381,24,2026-07-01,917.36
12763,6382,1,2026-05-20,1500.16
12764,6382,24,2026-07-04,1500.16
12765,6383,30,2026-01-19,944.27
12766,6383,1,2026-07-28,944.26
12767,6384,68,2026-01-02,756.35
12768,6384,33,2026-07-23,756.35
12769,6385,5,2026-03-02,1750.09
12770,6385,8,2026-03-27,1750.09
12771,6386,3,2026-06-20,970.03
12772,6386,5,2026-02-07,970.04
12773,6387,43,2026-01-28,823.85
12774,6387,47,2026-03-03,823.85
12775,6388,52,2026-01-17,1960.03
12776,6388,5,2026-03-09,1960.03
12777,6389,22,2026-01-21,403.38
12778,6389,60,2026-01-28,403.38
12779,6390,18,2026-02-18,1264.92
12780,6390,18,2026-03-24,1264.92
12781,6391,2,2026-03-23,1098.03
12782,6391,35,2026-06-06,1098.04
12783,6392,50,2026-01-28,1945.09
12784,6392,2,2026-03-16,1945.08
12785,6393,31,2026-05-20,717.65
12786,6393,24,2026-06-13,717.65
12787,6394,28,2026-05-13,1656
12788,6394,5,2026-06-26,1655.99
12789,6395,69,2026-06-08,960.84
12790,6395,30,2026-03-18,960.85
12791,6396,16,2026-07-03,1709.19
12792,6396,51,2026-02-15,1709.19
12793,6397,52,2026-03-25,1954.73
12794,6397,1,2026-05-15,1954.72
12795,6398,6,2026-06-10,750.33
12796,6398,10,2026-06-01,750.33
12797,6399,59,2026-06-02,1693.72
12798,6399,55,2026-02-16,1693.72
12799,6400,43,2026-07-19,444.58
12800,6400,65,2026-06-11,444.58
12801,6401,9,2026-07-23,620.62
12802,6401,66,2026-03-19,620.63
12803,6402,33,2026-01-09,556.73
12804,6402,57,2026-01-02,556.74
12805,6403,54,2026-04-20,738.65
12806,6403,57,2026-05-04,738.65
12807,6404,1,2026-05-15,1721.87
12808,6404,52,2026-01-06,1721.86
12809,6405,10,2026-06-11,1320.92
12810,6405,61,2026-02-11,1320.91
12811,6406,50,2026-04-24,486.83
12812,6406,4,2026-01-20,486.84
12813,6407,38,2026-02-25,483.3
12814,6407,69,2026-04-28,483.29
12815,6408,41,2026-06-14,1705.26
12816,6408,25,2026-03-16,1705.25
12817,6409,18,2026-07-16,1827.16
12818,6409,57,2026-04-24,1827.16
12819,6410,11,2026-05-16,1934
12820,6410,9,2026-07-21,1934
12821,6411,4,2026-04-27,1901.31
12822,6411,8,2026-03-11,1901.31
12823,6412,10,2026-06-18,1925.09
12824,6412,45,2026-03-02,1925.09
12825,6413,25,2026-04-18,1507.27
12826,6413,43,2026-02-03,1507.27
12827,6414,32,2026-06-22,1203.82
12828,6414,36,2026-03-14,1203.83
12829,6415,51,2026-03-09,1229.56
12830,6415,54,2026-04-09,1229.56
12831,6416,40,2026-01-27,1634.59
12832,6416,4,2026-03-05,1634.6
12833,6417,21,2026-06-09,974.68
12834,6417,52,2026-07-15,974.67
12835,6418,56,2026-04-09,1605.4
12836,6418,69,2026-07-26,1605.39
12837,6419,33,2026-01-21,627.49
12838,6419,17,2026-07-07,627.48
12839,6420,58,2026-06-07,650.07
12840,6420,9,2026-04-21,650.07
12841,6421,50,2026-07-21,819.79
12842,6421,25,2026-05-25,819.79
12843,6422,69,2026-07-11,1566.59
12844,6422,1,2026-06-24,1566.58
12845,6423,23,2026-07-20,1330.96
12846,6423,55,2026-05-01,1330.97
12847,6424,24,2026-06-18,1643.05
12848,6424,60,2026-06-22,1643.05
12849,6425,31,2026-06-12,911.8
12850,6425,37,2026-04-06,911.8
12851,6426,65,2026-05-18,1901.71
12852,6426,13,2026-03-16,1901.72
12853,6427,2,2026-03-10,718.7
12854,6427,28,2026-05-16,718.7
12855,6428,57,2026-01-07,668.61
12856,6428,35,2026-03-10,668.62
12857,6429,33,2026-04-04,1666.23
12858,6429,23,2026-01-26,1666.23
12859,6430,40,2026-01-16,1487.12
12860,6430,29,2026-05-15,1487.12
12861,6431,56,2026-06-09,847.51
12862,6431,20,2026-03-14,847.51
12863,6432,32,2026-05-09,1668.44
12864,6432,60,2026-07-03,1668.44
12865,6433,34,2026-05-11,1626.79
12866,6433,34,2026-06-22,1626.79
12867,6434,27,2026-05-13,1295.72
12868,6434,6,2026-04-02,1295.71
12869,6435,17,2026-07-18,1792.05
12870,6435,41,2026-02-12,1792.06
12871,6436,33,2026-06-26,1858.63
12872,6436,27,2026-03-23,1858.63
12873,6437,5,2026-05-20,1308.2
12874,6437,16,2026-01-12,1308.21
12875,6438,23,2026-05-23,1427.03
12876,6438,9,2026-06-08,1427.03
12877,6439,19,2026-01-04,1032.26
12878,6439,41,2026-06-28,1032.26
12879,6440,23,2026-05-05,1707.25
12880,6440,27,2026-05-17,1707.26
12881,6441,51,2026-01-06,1080.09
12882,6441,64,2026-05-04,1080.08
12883,6442,37,2026-02-18,582.34
12884,6442,22,2026-01-14,582.34
12885,6443,2,2026-01-08,980.4
12886,6443,3,2026-03-27,980.41
12887,6444,20,2026-01-18,1720.54
12888,6444,31,2026-05-04,1720.54
12889,6445,52,2026-03-07,1008.78
12890,6445,51,2026-05-22,1008.78
12891,6446,50,2026-04-19,1000.76
12892,6446,34,2026-02-22,1000.75
12893,6447,26,2026-07-18,828.26
12894,6447,21,2026-06-27,828.26
12895,6448,33,2026-06-08,836.44
12896,6448,59,2026-07-12,836.45
12897,6449,62,2026-05-17,1951.85
12898,6449,45,2026-05-23,1951.84
12899,6450,18,2026-06-22,901.12
12900,6450,60,2026-02-20,901.12
12901,6451,12,2026-06-24,1908.75
12902,6451,39,2026-03-18,1908.75
12903,6452,5,2026-05-15,1538.9
12904,6452,55,2026-06-25,1538.9
12905,6453,4,2026-03-23,1475.09
12906,6453,60,2026-02-17,1475.1
12907,6454,68,2026-02-05,1140.72
12908,6454,3,2026-03-15,1140.72
12909,6455,23,2026-01-05,1041.59
12910,6455,64,2026-01-15,1041.59
12911,6456,8,2026-04-26,596.71
12912,6456,4,2026-01-04,596.7
12913,6457,60,2026-01-11,465.57
12914,6457,40,2026-02-28,465.56
12915,6458,1,2026-01-19,1562.42
12916,6458,60,2026-01-08,1562.41
12917,6459,55,2026-05-20,1123.53
12918,6459,53,2026-01-16,1123.53
12919,6460,44,2026-05-14,969.84
12920,6460,11,2026-01-27,969.84
12921,6461,47,2026-07-10,1147.04
12922,6461,57,2026-05-19,1147.04
12923,6462,58,2026-04-08,1304.6
12924,6462,42,2026-03-09,1304.59
12925,6463,45,2026-03-03,1869.77
12926,6463,54,2026-02-15,1869.78
12927,6464,13,2026-04-03,1351.8
12928,6464,2,2026-02-01,1351.8
12929,6465,37,2026-03-15,575.33
12930,6465,10,2026-03-03,575.33
12931,6466,60,2026-07-21,1948.64
12932,6466,34,2026-05-04,1948.64
12933,6467,32,2026-05-12,1855.61
12934,6467,68,2026-03-08,1855.62
12935,6468,49,2026-06-04,881.8
12936,6468,44,2026-06-07,881.8
12937,6469,2,2026-06-15,1100.23
12938,6469,37,2026-01-06,1100.23
12939,6470,21,2026-03-02,1190.27
12940,6470,42,2026-01-04,1190.27
12941,6471,39,2026-05-10,813.18
12942,6471,45,2026-05-15,813.17
12943,6472,1,2026-04-07,1282.92
12944,6472,33,2026-05-18,1282.92
12945,6473,2,2026-01-03,706.52
12946,6473,48,2026-05-25,706.53
12947,6474,9,2026-01-10,930.74
12948,6474,56,2026-03-15,930.73
12949,6475,23,2026-01-24,1725.28
12950,6475,54,2026-02-09,1725.29
12951,6476,47,2026-02-13,1029
12952,6476,48,2026-07-01,1029
12953,6477,54,2026-05-25,488.74
12954,6477,58,2026-03-19,488.74
12955,6478,26,2026-07-24,1563.59
12956,6478,26,2026-02-19,1563.59
12957,6479,66,2026-05-26,1607.68
12958,6479,41,2026-05-10,1607.67
12959,6480,41,2026-01-26,1508.29
12960,6480,11,2026-01-23,1508.28
12961,6481,63,2026-05-03,1885.19
12962,6481,52,2026-02-13,1885.19
12963,6482,60,2026-03-13,668.07
12964,6482,42,2026-01-11,668.08
12965,6483,12,2026-04-24,1617.68
12966,6483,14,2026-06-03,1617.69
12967,6484,13,2026-04-23,866.97
12968,6484,53,2026-06-14,866.97
12969,6485,35,2026-06-06,576.63
12970,6485,12,2026-02-07,576.62
12971,6486,33,2026-06-01,1595.02
12972,6486,69,2026-02-07,1595.01
12973,6487,61,2026-04-08,1176.91
12974,6487,9,2026-07-26,1176.9
12975,6488,19,2026-01-13,1837.26
12976,6488,15,2026-05-16,1837.26
12977,6489,53,2026-04-10,1550.31
12978,6489,64,2026-05-06,1550.32
12979,6490,21,2026-06-01,607.67
12980,6490,25,2026-07-22,607.67
12981,6491,6,2026-01-20,1102.59
12982,6491,66,2026-03-14,1102.58
12983,6492,10,2026-01-17,1904.6
12984,6492,54,2026-07-06,1904.59
12985,6493,50,2026-04-21,403.24
12986,6493,36,2026-03-17,403.25
12987,6494,49,2026-04-26,624.1
12988,6494,61,2026-02-14,624.09
12989,6495,15,2026-05-22,766.68
12990,6495,17,2026-02-06,766.68
12991,6496,43,2026-03-03,1879.25
12992,6496,11,2026-06-22,1879.24
12993,6497,26,2026-07-10,788.89
12994,6497,55,2026-01-11,788.89
12995,6498,32,2026-03-15,1070.18
12996,6498,40,2026-05-23,1070.19
12997,6499,49,2026-06-20,441.71
12998,6499,25,2026-03-27,441.72
12999,6500,61,2026-04-23,444.72
13000,6500,7,2026-01-01,444.72
13001,6501,5,2026-03-15,808.46
13002,6501,39,2026-04-05,808.47
13003,6502,57,2026-02-07,1888.06
13004,6502,24,2026-06-12,1888.06
13005,6503,57,2026-07-01,1407.99
13006,6503,20,2026-02-14,1407.99
13007,6504,7,2026-06-04,1524
13008,6504,28,2026-02-15,1523.99
13009,6505,61,2026-05-19,546.23
13010,6505,45,2026-03-02,546.22
13011,6506,42,2026-04-21,1358.51
13012,6506,15,2026-02-18,1358.5
13013,6507,26,2026-05-10,1979.5
13014,6507,56,2026-07-13,1979.51
13015,6508,14,2026-04-10,478.42
13016,6508,2,2026-04-24,478.42
13017,6509,4,2026-05-18,1353.46
13018,6509,31,2026-06-19,1353.45
13019,6510,1,2026-07-23,1013.96
13020,6510,27,2026-07-02,1013.96
13021,6511,42,2026-06-17,1886.34
13022,6511,32,2026-01-06,1886.34
13023,6512,14,2026-05-06,1048.11
13024,6512,64,2026-06-06,1048.11
13025,6513,45,2026-03-17,1583.89
13026,6513,33,2026-02-02,1583.89
13027,6514,68,2026-04-01,434.54
13028,6514,65,2026-05-18,434.54
13029,6515,50,2026-03-19,815.15
13030,6515,18,2026-05-28,815.14
13031,6516,34,2026-05-09,598.6
13032,6516,40,2026-05-26,598.59
13033,6517,63,2026-06-21,1212.08
13034,6517,61,2026-07-15,1212.08
13035,6518,9,2026-01-04,1780.45
13036,6518,7,2026-03-04,1780.46
13037,6519,7,2026-02-01,1176.76
13038,6519,1,2026-03-06,1176.77
13039,6520,36,2026-02-22,1528.72
13040,6520,35,2026-02-18,1528.72
13041,6521,69,2026-03-25,612.17
13042,6521,20,2026-01-27,612.17
13043,6522,53,2026-06-13,1429.72
13044,6522,47,2026-07-23,1429.72
13045,6523,47,2026-02-18,1275.72
13046,6523,63,2026-06-09,1275.73
13047,6524,55,2026-02-18,1511.25
13048,6524,63,2026-03-28,1511.25
13049,6525,3,2026-05-11,960.37
13050,6525,67,2026-07-01,960.37
13051,6526,12,2026-06-11,450
13052,6526,4,2026-07-10,450
13053,6527,37,2026-05-17,1191.33
13054,6527,3,2026-07-20,1191.33
13055,6528,14,2026-04-19,1518.3
13056,6528,35,2026-02-25,1518.29
13057,6529,5,2026-03-05,628.91
13058,6529,7,2026-06-28,628.9
13059,6530,11,2026-01-19,1284.11
13060,6530,1,2026-02-02,1284.12
13061,6531,28,2026-07-05,1357.61
13062,6531,59,2026-07-10,1357.61
13063,6532,54,2026-07-28,1028.34
13064,6532,13,2026-07-25,1028.33
13065,6533,55,2026-07-08,532.79
13066,6533,4,2026-01-17,532.78
13067,6534,65,2026-05-17,637.63
13068,6534,59,2026-02-22,637.63
13069,6535,28,2026-05-06,977.57
13070,6535,37,2026-06-18,977.58
13071,6536,38,2026-06-12,1703.3
13072,6536,9,2026-05-20,1703.31
13073,6537,13,2026-04-20,1663.57
13074,6537,59,2026-07-23,1663.57
13075,6538,25,2026-04-08,1097.1
13076,6538,67,2026-02-16,1097.09
13077,6539,19,2026-06-18,1348.77
13078,6539,63,2026-02-27,1348.77
13079,6540,9,2026-01-24,1519.47
13080,6540,49,2026-07-05,1519.46
13081,6541,32,2026-07-26,458.89
13082,6541,31,2026-05-26,458.89
13083,6542,22,2026-01-22,1731.77
13084,6542,30,2026-07-17,1731.76
13085,6543,62,2026-03-28,1559.95
13086,6543,55,2026-03-18,1559.95
13087,6544,7,2026-03-28,1516.03
13088,6544,34,2026-05-08,1516.02
13089,6545,27,2026-03-22,1259.82
13090,6545,37,2026-02-08,1259.82
13091,6546,5,2026-01-22,461.94
13092,6546,3,2026-03-24,461.93
13093,6547,2,2026-06-21,1148.72
13094,6547,55,2026-01-14,1148.71
13095,6548,31,2026-04-08,660.39
13096,6548,27,2026-05-23,660.39
13097,6549,61,2026-04-22,1315.07
13098,6549,69,2026-01-04,1315.06
13099,6550,57,2026-03-14,697.2
13100,6550,43,2026-06-05,697.21
13101,6551,67,2026-04-11,1615.27
13102,6551,16,2026-05-04,1615.28
13103,6552,66,2026-05-20,1403.82
13104,6552,52,2026-05-14,1403.82
13105,6553,41,2026-07-28,1512.1
13106,6553,7,2026-03-06,1512.1
13107,6554,56,2026-05-05,1122.88
13108,6554,47,2026-05-23,1122.88
13109,6555,51,2026-05-10,1812.12
13110,6555,47,2026-03-23,1812.13
13111,6556,61,2026-06-20,1350.25
13112,6556,8,2026-04-19,1350.24
13113,6557,14,2026-01-02,1011.27
13114,6557,61,2026-02-16,1011.27
13115,6558,51,2026-07-03,1202.15
13116,6558,54,2026-04-08,1202.15
13117,6559,41,2026-04-20,1143.99
13118,6559,5,2026-06-02,1143.98
13119,6560,55,2026-02-12,1654.16
13120,6560,45,2026-04-19,1654.15
13121,6561,14,2026-03-08,764.87
13122,6561,46,2026-01-18,764.88
13123,6562,52,2026-05-28,878.88
13124,6562,47,2026-04-20,878.87
13125,6563,22,2026-02-25,1018.55
13126,6563,69,2026-03-09,1018.55
13127,6564,47,2026-05-23,439.03
13128,6564,30,2026-04-06,439.03
13129,6565,54,2026-03-26,1229.27
13130,6565,48,2026-06-18,1229.26
13131,6566,19,2026-02-22,1160.85
13132,6566,58,2026-06-15,1160.85
13133,6567,46,2026-07-15,907.84
13134,6567,8,2026-02-09,907.83
13135,6568,47,2026-06-13,965.83
13136,6568,27,2026-02-22,965.83
13137,6569,13,2026-07-03,1125.55
13138,6569,37,2026-04-28,1125.55
13139,6570,20,2026-05-05,1951.5
13140,6570,32,2026-03-15,1951.5
13141,6571,20,2026-04-09,995.55
13142,6571,41,2026-05-14,995.55
13143,6572,1,2026-02-11,1606.55
13144,6572,50,2026-04-09,1606.54
13145,6573,50,2026-07-12,1386.15
13146,6573,34,2026-07-24,1386.16
13147,6574,8,2026-02-24,1444.96
13148,6574,55,2026-01-26,1444.96
13149,6575,67,2026-03-02,517.76
13150,6575,48,2026-06-11,517.77
13151,6576,55,2026-01-22,1895.74
13152,6576,6,2026-01-09,1895.74
13153,6577,57,2026-05-10,1430.44
13154,6577,34,2026-06-01,1430.45
13155,6578,13,2026-04-27,719.57
13156,6578,42,2026-07-18,719.57
13157,6579,47,2026-02-23,913.33
13158,6579,69,2026-07-24,913.33
13159,6580,46,2026-07-05,1922.35
13160,6580,16,2026-04-04,1922.34
13161,6581,48,2026-07-19,1474.39
13162,6581,41,2026-01-09,1474.39
13163,6582,9,2026-03-03,1510.61
13164,6582,48,2026-01-24,1510.6
13165,6583,32,2026-04-01,491.85
13166,6583,55,2026-04-23,491.85
13167,6584,44,2026-04-28,1791.54
13168,6584,4,2026-07-22,1791.55
13169,6585,9,2026-03-02,1263.5
13170,6585,67,2026-05-04,1263.49
13171,6586,40,2026-03-04,981.78
13172,6586,45,2026-02-25,981.78
13173,6587,53,2026-03-03,1750.59
13174,6587,14,2026-07-01,1750.6
13175,6588,40,2026-05-28,1501.39
13176,6588,57,2026-03-23,1501.39
13177,6589,39,2026-03-14,547.9
13178,6589,35,2026-02-16,547.9
13179,6590,24,2026-06-10,482.96
13180,6590,42,2026-03-09,482.97
13181,6591,36,2026-05-14,1882.82
13182,6591,25,2026-04-04,1882.82
13183,6592,45,2026-02-27,1208.69
13184,6592,43,2026-07-05,1208.68
13185,6593,58,2026-02-09,1147.93
13186,6593,64,2026-06-19,1147.93
13187,6594,14,2026-04-23,967.88
13188,6594,49,2026-03-16,967.87
13189,6595,2,2026-02-15,1199.89
13190,6595,4,2026-03-14,1199.89
13191,6596,23,2026-03-07,1658.88
13192,6596,24,2026-03-13,1658.88
13193,6597,55,2026-01-13,1809.78
13194,6597,39,2026-01-23,1809.78
13195,6598,28,2026-07-17,1014.48
13196,6598,3,2026-02-10,1014.48
13197,6599,26,2026-02-24,1699.89
13198,6599,37,2026-03-18,1699.88
13199,6600,51,2026-04-27,1574.53
13200,6600,39,2026-06-17,1574.52
13201,6601,26,2026-01-14,1661.01
13202,6601,35,2026-05-10,1661.01
13203,6602,63,2026-04-12,1039.76
13204,6602,31,2026-02-16,1039.76
13205,6603,61,2026-03-15,1905.41
13206,6603,26,2026-01-23,1905.42
13207,6604,14,2026-04-24,867.66
13208,6604,20,2026-06-05,867.65
13209,6605,52,2026-07-04,1919.27
13210,6605,16,2026-06-07,1919.27
13211,6606,56,2026-07-01,1378.64
13212,6606,63,2026-06-24,1378.65
13213,6607,32,2026-04-17,1591.99
13214,6607,15,2026-02-18,1591.98
13215,6608,16,2026-03-05,1936.37
13216,6608,37,2026-04-24,1936.38
13217,6609,56,2026-06-12,1021.36
13218,6609,45,2026-04-27,1021.36
13219,6610,36,2026-06-22,771.31
13220,6610,41,2026-04-12,771.3
13221,6611,18,2026-01-22,568.87
13222,6611,25,2026-04-13,568.87
13223,6612,42,2026-06-14,1696.42
13224,6612,50,2026-07-12,1696.42
13225,6613,3,2026-02-14,1376.79
13226,6613,32,2026-01-13,1376.79
13227,6614,45,2026-07-19,633.69
13228,6614,30,2026-07-20,633.7
13229,6615,63,2026-03-01,1462.22
13230,6615,32,2026-05-19,1462.21
13231,6616,7,2026-01-20,1551.64
13232,6616,29,2026-03-07,1551.64
13233,6617,49,2026-06-03,1186.97
13234,6617,37,2026-04-12,1186.97
13235,6618,62,2026-02-10,432.18
13236,6618,54,2026-06-22,432.18
13237,6619,57,2026-07-21,1366
13238,6619,3,2026-04-20,1365.99
13239,6620,53,2026-01-23,1566.45
13240,6620,34,2026-01-13,1566.45
13241,6621,53,2026-07-16,1060.45
13242,6621,16,2026-05-01,1060.46
13243,6622,50,2026-03-01,796.53
13244,6622,54,2026-07-27,796.54
13245,6623,29,2026-03-15,1028.22
13246,6623,30,2026-03-27,1028.21
13247,6624,7,2026-04-18,1411.09
13248,6624,39,2026-01-15,1411.09
13249,6625,58,2026-05-19,1438.2
13250,6625,21,2026-04-04,1438.2
13251,6626,9,2026-03-04,1043.94
13252,6626,61,2026-05-19,1043.94
13253,6627,34,2026-01-20,784.28
13254,6627,40,2026-04-11,784.28
13255,6628,46,2026-06-13,794.46
13256,6628,58,2026-05-14,794.45
13257,6629,54,2026-06-01,1455.89
13258,6629,31,2026-04-24,1455.89
13259,6630,6,2026-07-01,951.87
13260,6630,57,2026-01-14,951.88
13261,6631,61,2026-05-18,721.68
13262,6631,32,2026-06-25,721.69
13263,6632,57,2026-01-13,401.3
13264,6632,61,2026-07-18,401.31
13265,6633,53,2026-01-14,951.88
13266,6633,32,2026-06-28,951.88
13267,6634,44,2026-02-21,720.02
13268,6634,54,2026-01-06,720.03
13269,6635,17,2026-01-03,663.67
13270,6635,59,2026-03-07,663.67
13271,6636,57,2026-07-24,1809.84
13272,6636,16,2026-05-07,1809.84
13273,6637,8,2026-07-10,410.01
13274,6637,46,2026-04-04,410
13275,6638,17,2026-02-13,869.12
13276,6638,66,2026-05-17,869.12
13277,6639,56,2026-06-18,1604.25
13278,6639,29,2026-06-06,1604.24
13279,6640,3,2026-06-11,454.79
13280,6640,3,2026-05-26,454.8
13281,6641,46,2026-06-06,1105.52
13282,6641,27,2026-06-09,1105.52
13283,6642,11,2026-05-16,667.03
13284,6642,50,2026-01-06,667.03
13285,6643,54,2026-05-20,1006.89
13286,6643,55,2026-04-09,1006.89
13287,6644,53,2026-06-12,1989.05
13288,6644,48,2026-02-13,1989.04
13289,6645,63,2026-07-19,1829.5
13290,6645,69,2026-07-06,1829.5
13291,6646,55,2026-03-18,520.88
13292,6646,63,2026-07-18,520.89
13293,6647,29,2026-02-15,1453.54
13294,6647,49,2026-04-21,1453.54
13295,6648,53,2026-07-17,919.87
13296,6648,23,2026-04-24,919.87
13297,6649,29,2026-06-17,1609.33
13298,6649,52,2026-07-05,1609.32
13299,6650,19,2026-03-16,1089.19
13300,6650,12,2026-07-28,1089.19
13301,6651,60,2026-04-27,1653.99
13302,6651,24,2026-06-26,1653.99
13303,6652,12,2026-06-16,1983.32
13304,6652,59,2026-04-25,1983.33
13305,6653,63,2026-05-25,1511.63
13306,6653,54,2026-04-24,1511.64
13307,6654,63,2026-01-03,1289.66
13308,6654,21,2026-01-04,1289.67
13309,6655,47,2026-03-05,1746.5
13310,6655,8,2026-06-27,1746.5
13311,6656,48,2026-06-25,1663.45
13312,6656,37,2026-02-02,1663.46
13313,6657,34,2026-03-19,1036
13314,6657,21,2026-03-20,1036
13315,6658,10,2026-03-16,1275.02
13316,6658,67,2026-03-20,1275.02
13317,6659,47,2026-03-27,1717.75
13318,6659,33,2026-01-18,1717.75
13319,6660,21,2026-01-21,610.56
13320,6660,61,2026-05-03,610.55
13321,6661,63,2026-07-26,1347.54
13322,6661,69,2026-05-16,1347.53
13323,6662,41,2026-05-25,822.39
13324,6662,6,2026-02-18,822.39
13325,6663,49,2026-04-02,536.41
13326,6663,8,2026-02-05,536.41
13327,6664,38,2026-02-08,1774.29
13328,6664,32,2026-03-11,1774.29
13329,6665,62,2026-07-15,1954.9
13330,6665,19,2026-01-15,1954.9
13331,6666,17,2026-01-14,950.78
13332,6666,30,2026-01-23,950.77
13333,6667,5,2026-03-19,1373.81
13334,6667,19,2026-03-13,1373.82
13335,6668,27,2026-07-27,1532.39
13336,6668,52,2026-03-21,1532.38
13337,6669,16,2026-07-08,535.87
13338,6669,39,2026-02-27,535.87
13339,6670,54,2026-05-08,1625.86
13340,6670,21,2026-04-08,1625.86
13341,6671,65,2026-03-08,1809.67
13342,6671,61,2026-02-14,1809.67
13343,6672,36,2026-05-01,799.66
13344,6672,50,2026-07-13,799.66
13345,6673,64,2026-07-07,1154.9
13346,6673,32,2026-04-01,1154.9
13347,6674,17,2026-07-19,1141.7
13348,6674,26,2026-05-22,1141.7
13349,6675,67,2026-05-22,1948.93
13350,6675,35,2026-07-15,1948.92
13351,6676,53,2026-06-01,1496.36
13352,6676,34,2026-01-27,1496.36
13353,6677,2,2026-01-04,1842.4
13354,6677,4,2026-02-16,1842.4
13355,6678,50,2026-04-05,1829.81
13356,6678,14,2026-06-03,1829.81
13357,6679,27,2026-07-15,594.12
13358,6679,9,2026-06-12,594.13
13359,6680,21,2026-07-17,823.67
13360,6680,28,2026-02-18,823.67
13361,6681,18,2026-07-24,972.82
13362,6681,68,2026-06-23,972.82
13363,6682,47,2026-02-27,547.49
13364,6682,13,2026-07-25,547.48
13365,6683,57,2026-06-12,1826.35
13366,6683,63,2026-05-12,1826.36
13367,6684,66,2026-03-16,1191.11
13368,6684,52,2026-05-22,1191.11
13369,6685,34,2026-05-12,957.28
13370,6685,56,2026-07-18,957.27
13371,6686,4,2026-02-06,1707
13372,6686,58,2026-03-11,1707
13373,6687,2,2026-04-24,1148.91
13374,6687,21,2026-01-04,1148.9
13375,6688,29,2026-02-10,1505.23
13376,6688,24,2026-07-18,1505.24
13377,6689,6,2026-07-02,628.5
13378,6689,57,2026-03-25,628.49
13379,6690,28,2026-06-15,940.7
13380,6690,17,2026-03-05,940.7
13381,6691,48,2026-07-17,1031.79
13382,6691,30,2026-03-23,1031.8
13383,6692,35,2026-06-15,1427.23
13384,6692,27,2026-03-10,1427.24
13385,6693,48,2026-06-15,1619.07
13386,6693,54,2026-05-26,1619.08
13387,6694,3,2026-02-03,1847.16
13388,6694,26,2026-05-27,1847.16
13389,6695,51,2026-06-16,1746.18
13390,6695,32,2026-02-21,1746.19
13391,6696,40,2026-05-26,1525.4
13392,6696,28,2026-04-04,1525.41
13393,6697,2,2026-07-19,1026.9
13394,6697,3,2026-04-15,1026.91
13395,6698,14,2026-03-07,1663.53
13396,6698,20,2026-04-26,1663.54
13397,6699,6,2026-02-09,615.26
13398,6699,2,2026-07-13,615.26
13399,6700,47,2026-03-09,1387.69
13400,6700,64,2026-06-19,1387.69
13401,6701,37,2026-02-04,1700.96
13402,6701,31,2026-06-19,1700.95
13403,6702,26,2026-02-11,1814.36
13404,6702,50,2026-06-17,1814.35
13405,6703,27,2026-07-15,1164.39
13406,6703,20,2026-06-19,1164.4
13407,6704,2,2026-07-27,1344.42
13408,6704,40,2026-02-28,1344.42
13409,6705,39,2026-03-04,764.29
13410,6705,28,2026-05-23,764.29
13411,6706,57,2026-01-27,1874.99
13412,6706,16,2026-05-22,1874.99
13413,6707,55,2026-05-21,1317.91
13414,6707,2,2026-07-09,1317.92
13415,6708,45,2026-07-27,823.52
13416,6708,58,2026-07-12,823.53
13417,6709,27,2026-04-04,1661.7
13418,6709,58,2026-06-01,1661.69
13419,6710,56,2026-01-13,721.12
13420,6710,9,2026-01-14,721.11
13421,6711,46,2026-07-15,513.37
13422,6711,11,2026-01-03,513.37
13423,6712,31,2026-07-15,1128.93
13424,6712,20,2026-01-18,1128.93
13425,6713,55,2026-03-13,1869.38
13426,6713,53,2026-02-22,1869.38
13427,6714,7,2026-07-03,535.03
13428,6714,37,2026-02-06,535.02
13429,6715,19,2026-07-10,1475.44
13430,6715,21,2026-03-22,1475.44
13431,6716,29,2026-04-23,877.65
13432,6716,49,2026-07-23,877.66
13433,6717,16,2026-03-17,1973.31
13434,6717,16,2026-06-01,1973.3
13435,6718,14,2026-03-21,1555.16
13436,6718,63,2026-07-08,1555.17
13437,6719,51,2026-02-27,1563.77
13438,6719,59,2026-04-27,1563.77
13439,6720,46,2026-04-14,731.37
13440,6720,53,2026-03-11,731.37
13441,6721,37,2026-04-07,1153.19
13442,6721,38,2026-02-22,1153.2
13443,6722,66,2026-07-06,443.01
13444,6722,20,2026-05-03,443
13445,6723,20,2026-07-06,1598.19
13446,6723,57,2026-03-09,1598.2
13447,6724,45,2026-03-23,1295.1
13448,6724,1,2026-01-05,1295.11
13449,6725,42,2026-03-03,1286.95
13450,6725,33,2026-05-23,1286.95
13451,6726,3,2026-03-27,1402.56
13452,6726,69,2026-05-07,1402.56
13453,6727,49,2026-02-04,1583.98
13454,6727,58,2026-07-04,1583.99
13455,6728,61,2026-04-23,1650.02
13456,6728,11,2026-04-05,1650.01
13457,6729,57,2026-02-17,1386.39
13458,6729,51,2026-03-12,1386.39
13459,6730,14,2026-07-22,720.21
13460,6730,58,2026-02-17,720.21
13461,6731,40,2026-07-24,1528.22
13462,6731,55,2026-02-14,1528.22
13463,6732,46,2026-02-27,722.01
13464,6732,29,2026-07-23,722.01
13465,6733,30,2026-05-08,1405.69
13466,6733,39,2026-03-03,1405.68
13467,6734,53,2026-07-08,1154.82
13468,6734,21,2026-06-06,1154.82
13469,6735,7,2026-03-08,1712.12
13470,6735,29,2026-07-09,1712.12
13471,6736,5,2026-03-12,1047.71
13472,6736,5,2026-05-03,1047.7
13473,6737,63,2026-07-18,734.03
13474,6737,24,2026-03-08,734.03
13475,6738,28,2026-01-07,454.23
13476,6738,34,2026-05-13,454.23
13477,6739,16,2026-02-12,1287.84
13478,6739,14,2026-02-24,1287.84
13479,6740,54,2026-01-09,1425.17
13480,6740,8,2026-03-16,1425.17
13481,6741,44,2026-04-13,1223.98
13482,6741,38,2026-03-11,1223.99
13483,6742,41,2026-07-09,603.05
13484,6742,22,2026-03-15,603.05
13485,6743,56,2026-01-17,1547.26
13486,6743,15,2026-07-06,1547.27
13487,6744,49,2026-01-12,1210.82
13488,6744,7,2026-04-18,1210.81
13489,6745,19,2026-06-05,896.04
13490,6745,52,2026-01-16,896.04
13491,6746,52,2026-06-05,894.44
13492,6746,3,2026-05-24,894.44
13493,6747,42,2026-02-14,1332.25
13494,6747,68,2026-02-15,1332.25
13495,6748,43,2026-03-28,1279.8
13496,6748,25,2026-02-03,1279.8
13497,6749,4,2026-01-08,1931.35
13498,6749,23,2026-04-17,1931.35
13499,6750,64,2026-04-11,1138.82
13500,6750,46,2026-01-10,1138.83
13501,6751,65,2026-03-11,1427.28
13502,6751,22,2026-03-07,1427.29
13503,6752,68,2026-04-11,1002.41
13504,6752,45,2026-07-02,1002.41
13505,6753,4,2026-03-13,452.05
13506,6753,68,2026-02-27,452.04
13507,6754,6,2026-03-24,967.44
13508,6754,12,2026-02-09,967.44
13509,6755,1,2026-02-12,1385.38
13510,6755,34,2026-04-14,1385.39
13511,6756,40,2026-06-08,1417.78
13512,6756,20,2026-04-12,1417.78
13513,6757,9,2026-03-20,995.56
13514,6757,68,2026-03-17,995.55
13515,6758,3,2026-05-05,855
13516,6758,12,2026-02-24,855
13517,6759,52,2026-07-06,1199.41
13518,6759,43,2026-04-26,1199.42
13519,6760,39,2026-04-04,1079.53
13520,6760,33,2026-05-10,1079.54
13521,6761,44,2026-02-24,1226.21
13522,6761,68,2026-04-09,1226.21
13523,6762,7,2026-05-04,1860.92
13524,6762,49,2026-03-09,1860.92
13525,6763,69,2026-01-05,841.84
13526,6763,63,2026-06-23,841.84
13527,6764,11,2026-06-14,1182.88
13528,6764,27,2026-01-19,1182.87
13529,6765,19,2026-05-14,622.67
13530,6765,22,2026-07-13,622.67
13531,6766,56,2026-07-05,1364.22
13532,6766,56,2026-07-22,1364.23
13533,6767,68,2026-07-08,1790.48
13534,6767,65,2026-06-13,1790.47
13535,6768,59,2026-06-04,847.61
13536,6768,12,2026-03-13,847.6
13537,6769,59,2026-02-09,1566.99
13538,6769,65,2026-06-27,1567
13539,6770,64,2026-02-12,1506.63
13540,6770,5,2026-01-28,1506.62
13541,6771,2,2026-03-20,1453.5
13542,6771,42,2026-07-09,1453.49
13543,6772,35,2026-02-18,1653.21
13544,6772,16,2026-06-02,1653.21
13545,6773,10,2026-05-26,1543.91
13546,6773,52,2026-02-11,1543.92
13547,6774,57,2026-04-21,1302.15
13548,6774,68,2026-02-02,1302.16
13549,6775,61,2026-03-14,1359.93
13550,6775,5,2026-02-06,1359.93
13551,6776,49,2026-04-25,1043.14
13552,6776,43,2026-06-15,1043.13
13553,6777,8,2026-02-25,1917.89
13554,6777,5,2026-01-21,1917.89
13555,6778,32,2026-03-21,849.24
13556,6778,8,2026-06-04,849.24
13557,6779,54,2026-02-03,1003.26
13558,6779,24,2026-03-01,1003.27
13559,6780,4,2026-06-09,752.3
13560,6780,40,2026-07-24,752.3
13561,6781,22,2026-07-17,1169.41
13562,6781,47,2026-05-03,1169.4
13563,6782,69,2026-05-13,1848.54
13564,6782,64,2026-07-02,1848.53
13565,6783,58,2026-03-25,1820.89
13566,6783,29,2026-07-18,1820.89
13567,6784,8,2026-07-21,1951.25
13568,6784,14,2026-06-20,1951.26
13569,6785,55,2026-04-02,579.61
13570,6785,33,2026-02-09,579.61
13571,6786,28,2026-06-27,1069.86
13572,6786,43,2026-01-08,1069.85
13573,6787,25,2026-06-02,1611.27
13574,6787,31,2026-02-13,1611.28
13575,6788,48,2026-02-09,1748.2
13576,6788,7,2026-02-21,1748.2
13577,6789,52,2026-05-20,720.24
13578,6789,29,2026-05-24,720.24
13579,6790,63,2026-04-11,1160.38
13580,6790,1,2026-04-26,1160.38
13581,6791,64,2026-06-21,449.18
13582,6791,51,2026-05-20,449.19
13583,6792,33,2026-06-04,507.68
13584,6792,61,2026-07-03,507.67
13585,6793,33,2026-01-13,770.87
13586,6793,33,2026-03-21,770.87
13587,6794,49,2026-06-21,663.59
13588,6794,13,2026-07-21,663.6
13589,6795,29,2026-03-01,1758.21
13590,6795,44,2026-07-22,1758.2
13591,6796,49,2026-01-20,1422.43
13592,6796,11,2026-02-05,1422.43
13593,6797,57,2026-02-05,1017.74
13594,6797,17,2026-04-04,1017.74
13595,6798,47,2026-06-27,1898.59
13596,6798,69,2026-06-20,1898.59
13597,6799,63,2026-01-10,1793.59
13598,6799,32,2026-04-04,1793.58
13599,6800,47,2026-03-06,1660.54
13600,6800,28,2026-07-17,1660.53
13601,6801,5,2026-03-01,1085.16
13602,6801,40,2026-02-23,1085.15
13603,6802,7,2026-01-16,1378.42
13604,6802,1,2026-06-26,1378.42
13605,6803,43,2026-04-14,1225.28
13606,6803,19,2026-06-19,1225.28
13607,6804,19,2026-07-13,1503.02
13608,6804,37,2026-05-15,1503.02
13609,6805,52,2026-02-09,747.12
13610,6805,37,2026-04-10,747.12
13611,6806,9,2026-04-13,1606.82
13612,6806,27,2026-02-28,1606.82
13613,6807,11,2026-06-01,975.84
13614,6807,1,2026-07-20,975.84
13615,6808,50,2026-03-04,549.85
13616,6808,7,2026-01-10,549.85
13617,6809,58,2026-02-08,1261.65
13618,6809,37,2026-07-15,1261.65
13619,6810,41,2026-02-06,885.13
13620,6810,24,2026-04-21,885.13
13621,6811,2,2026-01-26,839.25
13622,6811,19,2026-01-25,839.25
13623,6812,9,2026-07-05,862.33
13624,6812,55,2026-05-27,862.33
13625,6813,39,2026-04-19,1786.18
13626,6813,53,2026-05-16,1786.18
13627,6814,24,2026-01-15,932.25
13628,6814,60,2026-03-13,932.25
13629,6815,45,2026-04-11,1994.63
13630,6815,41,2026-04-23,1994.63
13631,6816,30,2026-05-08,610.18
13632,6816,15,2026-02-17,610.18
13633,6817,54,2026-07-25,1545.61
13634,6817,33,2026-05-01,1545.62
13635,6818,43,2026-05-20,1832.57
13636,6818,60,2026-06-21,1832.57
13637,6819,39,2026-05-09,1571.57
13638,6819,68,2026-06-10,1571.56
13639,6820,44,2026-03-07,1866.06
13640,6820,3,2026-04-02,1866.06
13641,6821,52,2026-04-18,1148.45
13642,6821,28,2026-04-12,1148.45
13643,6822,41,2026-03-20,806.37
13644,6822,34,2026-03-16,806.37
13645,6823,9,2026-01-24,891.26
13646,6823,52,2026-02-22,891.26
13647,6824,51,2026-07-13,1347.26
13648,6824,66,2026-05-10,1347.27
13649,6825,18,2026-07-07,1990.24
13650,6825,54,2026-05-28,1990.24
13651,6826,55,2026-04-15,1817.16
13652,6826,60,2026-04-03,1817.17
13653,6827,32,2026-05-10,1123.6
13654,6827,48,2026-03-24,1123.59
13655,6828,53,2026-04-15,810.55
13656,6828,24,2026-06-09,810.54
13657,6829,52,2026-06-07,764.88
13658,6829,21,2026-03-14,764.89
13659,6830,10,2026-04-17,1515.21
13660,6830,27,2026-02-25,1515.21
13661,6831,53,2026-02-04,635.32
13662,6831,69,2026-07-28,635.32
13663,6832,45,2026-06-03,537.6
13664,6832,33,2026-01-09,537.6
13665,6833,14,2026-05-05,1171.22
13666,6833,11,2026-03-13,1171.22
13667,6834,49,2026-04-04,1889.64
13668,6834,65,2026-01-04,1889.64
13669,6835,2,2026-05-09,1720.83
13670,6835,57,2026-07-27,1720.84
13671,6836,25,2026-01-15,1092.5
13672,6836,36,2026-04-09,1092.51
13673,6837,5,2026-07-28,1876
13674,6837,53,2026-05-20,1876
13675,6838,26,2026-06-24,1443.65
13676,6838,56,2026-04-25,1443.65
13677,6839,46,2026-04-23,1118.34
13678,6839,6,2026-02-04,1118.34
13679,6840,17,2026-03-18,1185.98
13680,6840,64,2026-04-18,1185.98
13681,6841,30,2026-03-10,1339.6
13682,6841,38,2026-03-04,1339.6
13683,6842,27,2026-02-17,1121.52
13684,6842,47,2026-07-04,1121.53
13685,6843,13,2026-04-06,1526.12
13686,6843,54,2026-05-09,1526.13
13687,6844,20,2026-06-18,1507.5
13688,6844,63,2026-05-17,1507.51
13689,6845,24,2026-06-28,714.13
13690,6845,61,2026-01-03,714.13
13691,6846,20,2026-03-15,1703.11
13692,6846,64,2026-03-13,1703.11
13693,6847,6,2026-03-21,762.85
13694,6847,36,2026-07-25,762.85
13695,6848,24,2026-02-28,956.9
13696,6848,62,2026-02-18,956.91
13697,6849,31,2026-06-08,793.26
13698,6849,1,2026-01-10,793.26
13699,6850,4,2026-05-17,1410.72
13700,6850,21,2026-01-22,1410.73
13701,6851,41,2026-02-11,644.75
13702,6851,64,2026-07-01,644.74
13703,6852,51,2026-04-07,1111.67
13704,6852,56,2026-05-02,1111.68
13705,6853,48,2026-03-16,1873.04
13706,6853,47,2026-02-25,1873.03
13707,6854,57,2026-04-03,1955.52
13708,6854,3,2026-02-07,1955.52
13709,6855,28,2026-05-25,1074.41
13710,6855,55,2026-01-19,1074.41
13711,6856,15,2026-07-02,1081.02
13712,6856,54,2026-06-16,1081.01
13713,6857,55,2026-03-11,1983.74
13714,6857,28,2026-07-09,1983.73
13715,6858,45,2026-06-14,1755.6
13716,6858,22,2026-02-23,1755.6
13717,6859,8,2026-02-17,874.98
13718,6859,65,2026-05-25,874.98
13719,6860,5,2026-06-02,1090.12
13720,6860,5,2026-05-20,1090.11
13721,6861,64,2026-06-01,1293.14
13722,6861,62,2026-04-14,1293.14
13723,6862,20,2026-06-25,668.71
13724,6862,61,2026-03-11,668.71
13725,6863,62,2026-01-25,977.49
13726,6863,31,2026-04-20,977.5
13727,6864,60,2026-07-17,434.55
13728,6864,25,2026-02-26,434.55
13729,6865,17,2026-06-27,1926.2
13730,6865,14,2026-04-23,1926.19
13731,6866,13,2026-02-14,1349.53
13732,6866,39,2026-05-09,1349.52
13733,6867,11,2026-07-09,1374.16
13734,6867,58,2026-01-14,1374.15
13735,6868,6,2026-04-06,1492.12
13736,6868,39,2026-02-11,1492.12
13737,6869,32,2026-07-08,1015.97
13738,6869,48,2026-02-09,1015.97
13739,6870,35,2026-05-08,848.07
13740,6870,68,2026-07-27,848.07
13741,6871,34,2026-03-15,518.81
13742,6871,21,2026-06-28,518.8
13743,6872,10,2026-03-20,1569.04
13744,6872,65,2026-07-02,1569.03
13745,6873,55,2026-03-17,1708.76
13746,6873,48,2026-05-22,1708.76
13747,6874,12,2026-07-09,1772.4
13748,6874,47,2026-03-20,1772.39
13749,6875,33,2026-03-04,1109.86
13750,6875,49,2026-04-17,1109.87
13751,6876,15,2026-03-02,943.28
13752,6876,30,2026-07-17,943.28
13753,6877,40,2026-05-24,1242.15
13754,6877,8,2026-02-19,1242.14
13755,6878,59,2026-02-18,753.57
13756,6878,9,2026-07-13,753.57
13757,6879,34,2026-07-03,1473.62
13758,6879,24,2026-03-25,1473.63
13759,6880,45,2026-03-19,973.5
13760,6880,35,2026-04-09,973.49
13761,6881,14,2026-02-24,406.28
13762,6881,36,2026-01-09,406.29
13763,6882,8,2026-01-07,1736.23
13764,6882,63,2026-04-15,1736.22
13765,6883,56,2026-03-22,929.67
13766,6883,29,2026-04-05,929.66
13767,6884,5,2026-04-04,1375.89
13768,6884,27,2026-07-03,1375.9
13769,6885,54,2026-06-02,1889.87
13770,6885,31,2026-03-01,1889.88
13771,6886,29,2026-01-26,947.48
13772,6886,56,2026-05-07,947.48
13773,6887,35,2026-04-28,887.87
13774,6887,3,2026-03-09,887.87
13775,6888,7,2026-03-24,1539.02
13776,6888,45,2026-03-21,1539.02
13777,6889,50,2026-04-15,1699.65
13778,6889,49,2026-06-24,1699.64
13779,6890,5,2026-01-15,628.46
13780,6890,25,2026-07-01,628.47
13781,6891,48,2026-02-01,1209.77
13782,6891,18,2026-06-19,1209.77
13783,6892,5,2026-07-21,714.72
13784,6892,47,2026-04-27,714.72
13785,6893,53,2026-01-05,765.71
13786,6893,30,2026-04-20,765.72
13787,6894,22,2026-01-25,1482.9
13788,6894,11,2026-03-03,1482.89
13789,6895,39,2026-01-25,1150.43
13790,6895,22,2026-04-04,1150.43
13791,6896,6,2026-02-09,912.75
13792,6896,65,2026-02-25,912.75
13793,6897,1,2026-04-06,638.13
13794,6897,29,2026-05-15,638.13
13795,6898,9,2026-02-16,1618.16
13796,6898,20,2026-06-09,1618.16
13797,6899,31,2026-02-09,1381.03
13798,6899,58,2026-06-18,1381.03
13799,6900,21,2026-04-06,1570.81
13800,6900,13,2026-04-06,1570.82
13801,6901,5,2026-06-25,1285.46
13802,6901,20,2026-06-16,1285.45
13803,6902,17,2026-07-04,1257.82
13804,6902,22,2026-03-16,1257.81
13805,6903,35,2026-05-08,1985.28
13806,6903,18,2026-07-21,1985.28
13807,6904,17,2026-04-17,1026.08
13808,6904,2,2026-04-02,1026.08
13809,6905,8,2026-05-16,500.19
13810,6905,45,2026-01-02,500.2
13811,6906,3,2026-03-15,1842.27
13812,6906,62,2026-07-27,1842.28
13813,6907,28,2026-07-01,788.3
13814,6907,49,2026-03-17,788.3
13815,6908,29,2026-02-07,1160.51
13816,6908,16,2026-06-26,1160.51
13817,6909,19,2026-01-06,1888.7
13818,6909,22,2026-02-24,1888.69
13819,6910,63,2026-01-24,1022.09
13820,6910,21,2026-07-04,1022.09
13821,6911,64,2026-03-11,1266.07
13822,6911,13,2026-02-12,1266.07
13823,6912,38,2026-03-11,1835.86
13824,6912,22,2026-04-14,1835.86
13825,6913,19,2026-03-09,699.67
13826,6913,57,2026-05-12,699.67
13827,6914,15,2026-03-06,1296.48
13828,6914,38,2026-07-08,1296.48
13829,6915,69,2026-06-14,1169.72
13830,6915,2,2026-03-03,1169.71
13831,6916,60,2026-07-16,686.57
13832,6916,14,2026-04-05,686.58
13833,6917,11,2026-03-24,1809.08
13834,6917,50,2026-05-08,1809.08
13835,6918,46,2026-01-07,1068.08
13836,6918,4,2026-05-09,1068.08
13837,6919,56,2026-05-08,1891.95
13838,6919,28,2026-07-24,1891.95
13839,6920,68,2026-03-17,897.5
13840,6920,32,2026-06-08,897.51
13841,6921,65,2026-06-11,646.64
13842,6921,12,2026-06-27,646.65
13843,6922,41,2026-05-28,1568.41
13844,6922,54,2026-04-28,1568.4
13845,6923,21,2026-05-28,582.76
13846,6923,65,2026-03-15,582.76
13847,6924,50,2026-07-26,1554.96
13848,6924,28,2026-03-24,1554.96
13849,6925,63,2026-06-20,720.41
13850,6925,22,2026-01-03,720.41
13851,6926,7,2026-01-28,864.24
13852,6926,10,2026-03-15,864.24
13853,6927,35,2026-03-06,1591.34
13854,6927,43,2026-04-01,1591.34
13855,6928,32,2026-04-22,1313.91
13856,6928,11,2026-07-06,1313.91
13857,6929,38,2026-02-24,1040.51
13858,6929,35,2026-02-23,1040.51
13859,6930,55,2026-03-19,1126.32
13860,6930,16,2026-06-26,1126.33
13861,6931,50,2026-02-08,1052.75
13862,6931,55,2026-02-03,1052.75
13863,6932,59,2026-02-25,400.51
13864,6932,68,2026-06-12,400.51
13865,6933,31,2026-01-24,919.2
13866,6933,34,2026-07-17,919.2
13867,6934,61,2026-07-23,1534.83
13868,6934,63,2026-02-25,1534.82
13869,6935,16,2026-05-03,421.68
13870,6935,30,2026-03-13,421.68
13871,6936,26,2026-04-02,444.19
13872,6936,4,2026-01-20,444.19
13873,6937,28,2026-05-13,476.43
13874,6937,66,2026-01-15,476.43
13875,6938,5,2026-04-13,1407.69
13876,6938,21,2026-02-01,1407.69
13877,6939,37,2026-03-18,1513.56
13878,6939,17,2026-04-13,1513.56
13879,6940,69,2026-05-05,754.09
13880,6940,51,2026-02-25,754.08
13881,6941,4,2026-05-26,1211.59
13882,6941,22,2026-05-16,1211.59
13883,6942,59,2026-01-27,1996.21
13884,6942,14,2026-05-25,1996.21
13885,6943,55,2026-04-01,553.26
13886,6943,40,2026-02-17,553.26
13887,6944,50,2026-07-27,736.95
13888,6944,8,2026-02-28,736.95
13889,6945,51,2026-03-14,883.3
13890,6945,68,2026-03-16,883.29
13891,6946,19,2026-06-20,891.22
13892,6946,69,2026-07-03,891.22
13893,6947,12,2026-01-11,1502.12
13894,6947,54,2026-02-16,1502.11
13895,6948,22,2026-06-01,489.27
13896,6948,32,2026-01-08,489.26
13897,6949,59,2026-02-22,836.56
13898,6949,48,2026-03-11,836.55
13899,6950,18,2026-04-01,800.09
13900,6950,19,2026-04-21,800.08
13901,6951,56,2026-07-20,1890.63
13902,6951,15,2026-03-07,1890.63
13903,6952,55,2026-01-13,1274.87
13904,6952,42,2026-02-08,1274.87
13905,6953,25,2026-05-28,657.82
13906,6953,65,2026-01-17,657.82
13907,6954,43,2026-07-04,1331.43
13908,6954,22,2026-03-02,1331.43
13909,6955,23,2026-06-08,1059.89
13910,6955,16,2026-06-17,1059.89
13911,6956,18,2026-01-27,1561.02
13912,6956,26,2026-03-04,1561.02
13913,6957,33,2026-02-22,1156.51
13914,6957,50,2026-07-21,1156.51
13915,6958,3,2026-07-18,1369.25
13916,6958,51,2026-03-20,1369.25
13917,6959,29,2026-04-28,1722.38
13918,6959,19,2026-04-27,1722.38
13919,6960,27,2026-03-02,1427.4
13920,6960,33,2026-05-11,1427.4
13921,6961,3,2026-02-16,853.53
13922,6961,62,2026-06-16,853.52
13923,6962,56,2026-04-08,1923.04
13924,6962,24,2026-01-16,1923.05
13925,6963,43,2026-06-01,1641.83
13926,6963,36,2026-05-03,1641.82
13927,6964,9,2026-04-19,1824
13928,6964,65,2026-07-10,1824.01
13929,6965,63,2026-05-17,779.09
13930,6965,2,2026-02-24,779.1
13931,6966,17,2026-02-28,1101.66
13932,6966,22,2026-03-01,1101.65
13933,6967,51,2026-06-28,1694.22
13934,6967,23,2026-07-11,1694.22
13935,6968,54,2026-06-10,1879.59
13936,6968,22,2026-03-09,1879.58
13937,6969,49,2026-06-26,449.63
13938,6969,47,2026-01-11,449.64
13939,6970,24,2026-04-16,982.54
13940,6970,56,2026-03-17,982.54
13941,6971,61,2026-07-13,1394.63
13942,6971,2,2026-07-04,1394.64
13943,6972,4,2026-07-17,925.45
13944,6972,33,2026-07-06,925.46
13945,6973,22,2026-01-25,617.53
13946,6973,33,2026-07-24,617.52
13947,6974,35,2026-05-16,1010.91
13948,6974,2,2026-05-27,1010.91
13949,6975,41,2026-05-28,1309.52
13950,6975,45,2026-03-19,1309.52
13951,6976,57,2026-04-08,753.99
13952,6976,63,2026-04-08,754
13953,6977,32,2026-01-18,1183.06
13954,6977,34,2026-01-25,1183.06
13955,6978,45,2026-07-23,1007.19
13956,6978,63,2026-07-01,1007.18
13957,6979,12,2026-07-09,1145.03
13958,6979,40,2026-05-17,1145.04
13959,6980,33,2026-06-13,984.46
13960,6980,47,2026-05-04,984.46
13961,6981,21,2026-07-12,574.4
13962,6981,20,2026-05-05,574.39
13963,6982,27,2026-04-16,1474.12
13964,6982,14,2026-04-28,1474.12
13965,6983,31,2026-03-04,1892.8
13966,6983,57,2026-04-27,1892.79
13967,6984,36,2026-05-14,1832.57
13968,6984,9,2026-01-11,1832.57
13969,6985,68,2026-07-11,1471.07
13970,6985,22,2026-04-19,1471.08
13971,6986,15,2026-02-17,983.64
13972,6986,20,2026-01-03,983.65
13973,6987,49,2026-06-17,1682.13
13974,6987,50,2026-06-08,1682.13
13975,6988,7,2026-07-24,584.83
13976,6988,55,2026-03-26,584.82
13977,6989,36,2026-06-05,1789.45
13978,6989,11,2026-07-23,1789.44
13979,6990,26,2026-06-09,727.58
13980,6990,45,2026-04-28,727.59
13981,6991,32,2026-03-06,1715.46
13982,6991,14,2026-07-22,1715.46
13983,6992,57,2026-06-25,1626.41
13984,6992,59,2026-02-27,1626.41
13985,6993,29,2026-02-20,1527.39
13986,6993,34,2026-06-10,1527.39
13987,6994,45,2026-05-17,1824.96
13988,6994,65,2026-02-10,1824.96
13989,6995,41,2026-02-22,498.16
13990,6995,15,2026-06-25,498.16
13991,6996,48,2026-05-15,791.46
13992,6996,11,2026-02-24,791.45
13993,6997,42,2026-05-01,951.59
13994,6997,40,2026-04-06,951.59
13995,6998,67,2026-07-26,1815.7
13996,6998,61,2026-05-25,1815.7
13997,6999,44,2026-06-05,575.45
13998,6999,24,2026-06-08,575.45
13999,7000,29,2026-01-05,1319.85
14000,7000,5,2026-02-06,1319.85
14001,7001,9,2026-01-17,3586.14
14002,7002,42,2026-05-09,3329.06
14003,7003,21,2026-04-11,1652.96
14004,7004,2,2026-05-13,2229.3
14005,7005,2,2026-03-06,2548.37
14006,7006,65,2026-07-20,1198.81
14007,7007,42,2026-02-08,2968.04
14008,7008,28,2026-07-12,3192.21
14009,7009,28,2026-02-13,3614.64
14010,7010,13,2026-03-06,1140.13
14011,7011,37,2026-06-19,2944.23
14012,7012,45,2026-05-02,953.73
14013,7013,9,2026-06-26,3947.48
14014,7014,51,2026-03-23,2595.59
14015,7015,29,2026-06-26,3169.56
14016,7016,57,2026-05-05,2946.1
14017,7017,26,2026-07-03,1443.13
14018,7018,35,2026-06-01,1256.98
14019,7019,62,2026-03-23,3933.87
14020,7020,60,2026-03-13,2027.7
14021,7021,58,2026-04-06,2905.88
14022,7022,10,2026-01-21,1344.91
14023,7023,40,2026-01-25,3770.96
14024,7024,54,2026-04-28,3549.63
14025,7025,9,2026-04-18,3564.21
14026,7026,30,2026-04-28,1614.57
14027,7027,13,2026-07-15,2480.28
14028,7028,62,2026-02-04,1132.31
14029,7029,50,2026-07-26,2635.7
14030,7030,15,2026-07-14,3968.22
14031,7031,35,2026-01-22,3042.73
14032,7032,42,2026-02-07,2582.43
14033,7033,48,2026-04-02,3884.24
14034,7034,19,2026-05-12,2857.63
14035,7035,9,2026-05-14,2969.63
14036,7036,58,2026-02-16,2748.28
14037,7037,47,2026-02-14,1857.04
14038,7038,36,2026-05-06,2582.02
14039,7039,18,2026-03-05,960.28
14040,7040,4,2026-04-13,3517.79
14041,7041,28,2026-05-06,1608.82
14042,7042,15,2026-03-06,3169.77
14043,7043,30,2026-05-25,2293.17
14044,7044,2,2026-05-02,3179.76
14045,7045,6,2026-03-21,1160.07
14046,7046,1,2026-04-18,3670.07
14047,7047,68,2026-02-17,1926.9
14048,7048,32,2026-07-23,3959.3
14049,7049,15,2026-07-25,1747.8
14050,7050,8,2026-03-05,1130.91
14051,7051,29,2026-04-25,3900.5
14052,7052,42,2026-07-04,1393.34
14053,7053,14,2026-04-21,3843.53
14054,7054,16,2026-05-22,2267.98
14055,7055,59,2026-01-09,1264.44
14056,7056,51,2026-07-27,1239.83
14057,7057,5,2026-01-10,1612.05
14058,7058,69,2026-02-27,1098.9
14059,7059,26,2026-02-20,3647.86
14060,7060,32,2026-07-08,3193.48
14061,7061,27,2026-03-26,2202.45
14062,7062,18,2026-07-20,1796.07
14063,7063,30,2026-06-12,1605.31
14064,7064,27,2026-05-11,871.73
14065,7065,45,2026-07-28,1778.28
14066,7066,35,2026-05-20,1259.97
14067,7067,16,2026-03-22,3280.88
14068,7068,48,2026-04-21,1023.92
14069,7069,64,2026-04-16,3624.99
14070,7070,19,2026-02-20,2263.03
14071,7071,37,2026-04-16,1317.95
14072,7072,16,2026-04-08,844.02
14073,7073,60,2026-02-25,1166.21
14074,7074,58,2026-02-08,1553.77
14075,7075,5,2026-03-04,3944.2
14076,7076,29,2026-03-20,2141.64
14077,7077,17,2026-06-20,3989.95
14078,7078,64,2026-05-25,2421.78
14079,7079,25,2026-07-24,2300.44
14080,7080,68,2026-01-05,3420.08
14081,7081,55,2026-05-15,1974.51
14082,7082,37,2026-07-07,3006.31
14083,7083,11,2026-07-13,1483.74
14084,7084,44,2026-01-20,3634.73
14085,7085,32,2026-01-28,1053.1
14086,7086,59,2026-02-23,3305.56
14087,7087,52,2026-01-11,3611.63
14088,7088,5,2026-04-05,2409.25
14089,7089,33,2026-06-04,3463.9
14090,7090,16,2026-05-17,1424.67
14091,7091,59,2026-05-24,2510.98
14092,7092,48,2026-02-04,1368.71
14093,7093,8,2026-05-25,3470.09
14094,7094,60,2026-05-21,1995.7
14095,7095,5,2026-02-07,3434.63
14096,7096,2,2026-02-22,1147.39
14097,7097,59,2026-06-17,3701.13
14098,7098,58,2026-04-01,1592.14
14099,7099,6,2026-05-12,3023.92
14100,7100,59,2026-02-16,3518.26
14101,7101,3,2026-07-18,3908.5
14102,7102,45,2026-07-09,2722.46
14103,7103,6,2026-01-07,2389.14
14104,7104,3,2026-04-14,2461.87
14105,7105,61,2026-02-27,3769.26
14106,7106,35,2026-02-19,839.88
14107,7107,60,2026-02-03,3497.18
14108,7108,53,2026-03-14,1019.17
14109,7109,39,2026-05-03,2846.12
14110,7110,39,2026-05-03,1174.53
14111,7111,51,2026-03-12,1306.79
14112,7112,20,2026-05-28,3411.39
14113,7113,66,2026-03-19,1598.96
14114,7114,40,2026-06-03,3798.49
14115,7115,9,2026-06-25,1086.54
14116,7116,44,2026-05-14,1135.6
14117,7117,5,2026-06-18,1624.64
14118,7118,2,2026-06-02,3685.36
14119,7119,5,2026-01-01,942.28
14120,7120,60,2026-06-13,1829.39
14121,7121,69,2026-03-01,3204.9
14122,7122,47,2026-03-15,2435.72
14123,7123,51,2026-05-08,2616.71
14124,7124,67,2026-04-22,2153.43
14125,7125,64,2026-07-07,3311.9
14126,7126,53,2026-02-26,3002.75
14127,7127,1,2026-05-13,3692.28
14128,7128,32,2026-03-01,2007.06
14129,7129,53,2026-07-23,3144.08
14130,7130,22,2026-02-02,1071.1
14131,7131,41,2026-03-02,2934.35
14132,7132,17,2026-06-15,1543.75
14133,7133,26,2026-03-01,2213.55
14134,7134,7,2026-06-01,1972.79
14135,7135,32,2026-01-26,3305.47
14136,7136,39,2026-06-06,3277.95
14137,7137,21,2026-07-15,948.07
14138,7138,59,2026-02-22,1095.28
14139,7139,2,2026-06-24,838.83
14140,7140,1,2026-02-11,1193.45
14141,7141,31,2026-07-27,3633.83
14142,7142,35,2026-06-01,2673.63
14143,7143,11,2026-02-12,943.34
14144,7144,1,2026-01-07,1660.71
14145,7145,16,2026-05-19,1472.46
14146,7146,46,2026-07-23,3170.64
14147,7147,12,2026-03-18,1299.14
14148,7148,48,2026-07-13,1496.66
14149,7149,21,2026-06-19,1400.85
14150,7150,66,2026-02-13,3239.42
14151,7151,23,2026-02-18,3236.76
14152,7152,5,2026-04-03,1722.82
14153,7153,39,2026-03-28,1427.48
14154,7154,36,2026-05-01,3878.22
14155,7155,37,2026-02-05,1040.9
14156,7156,38,2026-04-08,3999.12
14157,7157,22,2026-02-25,3010.33
14158,7158,24,2026-01-28,1838.26
14159,7159,8,2026-01-03,2061.88
14160,7160,35,2026-06-11,1962.74
14161,7161,61,2026-04-17,3343.26
14162,7162,42,2026-03-16,2629.9
14163,7163,55,2026-07-15,1383.49
14164,7164,5,2026-01-11,2335.54
14165,7165,1,2026-01-13,1840.06
14166,7166,66,2026-06-03,3900.49
14167,7167,34,2026-04-06,1695.95
14168,7168,44,2026-03-11,2458.53
14169,7169,24,2026-06-10,3190.81
14170,7170,28,2026-03-18,2933.66
14171,7171,36,2026-02-15,3450.4
14172,7172,67,2026-02-07,3157.51
14173,7173,27,2026-07-19,3402.91
14174,7174,69,2026-05-06,1114.97
14175,7175,43,2026-03-03,3373.67
14176,7176,15,2026-07-21,1836.26
14177,7177,19,2026-04-11,3124.11
14178,7178,20,2026-02-23,1734.43
14179,7179,49,2026-01-01,3002.53
14180,7180,30,2026-03-14,1072.46
14181,7181,63,2026-03-12,858.39
14182,7182,6,2026-03-18,1274.56
14183,7183,43,2026-05-08,1823.52
14184,7184,39,2026-01-26,3367.63
14185,7185,26,2026-05-04,3920.55
14186,7186,4,2026-01-20,2650.73
14187,7187,6,2026-05-14,2522.19
14188,7188,18,2026-06-11,808.02
14189,7189,59,2026-05-09,2098.86
14190,7190,65,2026-06-05,2188.19
14191,7191,13,2026-02-23,2740.77
14192,7192,28,2026-04-12,3858.26
14193,7193,52,2026-07-09,1794.59
14194,7194,24,2026-07-15,2549.05
14195,7195,29,2026-04-05,1557.85
14196,7196,8,2026-04-09,934.94
14197,7197,44,2026-06-15,2186.04
14198,7198,22,2026-02-21,3882.67
14199,7199,22,2026-03-07,1569.28
14200,7200,4,2026-07-19,3256.51
14201,7201,69,2026-06-03,2370.98
14202,7202,54,2026-06-15,2071.52
14203,7203,58,2026-05-05,2438.12
14204,7204,25,2026-01-03,1396.3
14205,7205,49,2026-05-20,2059.41
14206,7206,35,2026-04-06,3213.01
14207,7207,60,2026-07-26,1297.24
14208,7208,37,2026-07-12,3105.67
14209,7209,52,2026-02-02,2798.81
14210,7210,39,2026-03-21,2390.31
14211,7211,60,2026-07-05,1263.05
14212,7212,49,2026-04-16,3365.58
14213,7213,13,2026-03-08,950.79
14214,7214,24,2026-02-04,821.19
14215,7215,64,2026-07-08,3093.37
14216,7216,63,2026-03-11,3317.85
14217,7217,21,2026-01-06,1415.35
14218,7218,18,2026-06-17,2185.25
14219,7219,55,2026-07-28,2806.43
14220,7220,59,2026-05-26,1942.05
14221,7221,67,2026-04-18,1314.6
14222,7222,45,2026-02-08,2150.45
14223,7223,66,2026-01-05,3568.17
14224,7224,48,2026-04-11,3169.44
14225,7225,57,2026-06-25,881.88
14226,7226,51,2026-04-24,2487.37
14227,7227,22,2026-02-17,3300.09
14228,7228,38,2026-03-07,2760.34
14229,7229,45,2026-02-24,1855.36
14230,7230,17,2026-02-08,871.25
14231,7231,2,2026-04-11,1076.79
14232,7232,24,2026-03-11,2743.49
14233,7233,16,2026-07-22,3552.11
14234,7234,31,2026-04-21,3637.73
14235,7235,42,2026-04-01,825.6
14236,7236,16,2026-02-11,2668.55
14237,7237,11,2026-05-21,1758.54
14238,7238,11,2026-04-23,973.59
14239,7239,59,2026-04-21,1214.54
14240,7240,27,2026-02-24,1738.84
14241,7241,65,2026-07-15,1943.58
14242,7242,61,2026-07-03,2813.68
14243,7243,3,2026-05-04,2248.28
14244,7244,26,2026-07-13,3656.84
14245,7245,54,2026-06-15,1277.59
14246,7246,43,2026-02-19,3695.76
14247,7247,8,2026-02-16,2358.77
14248,7248,22,2026-03-04,3777.49
14249,7249,58,2026-06-12,1762.11
14250,7250,36,2026-01-02,2938.73
14251,7251,50,2026-04-10,2340.75
14252,7252,42,2026-06-02,3092.14
14253,7253,29,2026-04-14,1156.31
14254,7254,67,2026-02-20,2018.6
14255,7255,18,2026-05-08,3610.6
14256,7256,1,2026-05-10,2797.09
14257,7257,45,2026-06-01,1259.34
14258,7258,57,2026-06-10,1285.4
14259,7259,14,2026-01-03,3230.86
14260,7260,25,2026-07-24,1153.44
14261,7261,12,2026-02-10,2895.37
14262,7262,62,2026-06-21,2293.23
14263,7263,52,2026-03-27,3229.49
14264,7264,14,2026-07-27,1509.2
14265,7265,32,2026-04-15,3981.06
14266,7266,6,2026-05-26,2164.72
14267,7267,18,2026-02-13,3218.77
14268,7268,1,2026-07-20,3815.38
14269,7269,46,2026-06-18,1654.11
14270,7270,23,2026-06-17,1177.79
14271,7271,50,2026-06-18,2339.48
14272,7272,18,2026-05-08,2056.18
14273,7273,18,2026-02-03,1529.63
14274,7274,65,2026-02-17,1727.86
14275,7275,48,2026-07-03,2557.91
14276,7276,33,2026-05-19,1359.71
14277,7277,11,2026-06-24,2045.76
14278,7278,18,2026-02-23,2236.22
14279,7279,15,2026-05-02,1066.54
14280,7280,64,2026-02-17,3085.42
14281,7281,45,2026-06-09,1999.69
14282,7282,20,2026-07-22,3590.9
14283,7283,23,2026-02-09,2915.18
14284,7284,10,2026-06-13,1569.92
14285,7285,19,2026-05-20,1860.91
14286,7286,25,2026-01-24,2209
14287,7287,13,2026-07-15,2042.69
14288,7288,67,2026-06-18,1826.42
14289,7289,65,2026-05-03,3608.46
14290,7290,32,2026-04-17,2142.54
14291,7291,40,2026-05-07,3485.17
14292,7292,6,2026-07-07,1333.34
14293,7293,38,2026-06-08,3520.49
14294,7294,34,2026-01-21,2782.62
14295,7295,52,2026-07-07,2841.41
14296,7296,55,2026-04-04,3469.98
14297,7297,42,2026-05-01,3092.43
14298,7298,9,2026-05-24,1385.3
14299,7299,29,2026-06-10,2032.67
14300,7300,16,2026-06-20,924.7
14301,7301,58,2026-07-20,867.97
14302,7302,45,2026-03-22,1204.12
14303,7303,69,2026-04-20,2841.42
14304,7304,51,2026-03-13,3031.87
14305,7305,67,2026-03-27,3790.85
14306,7306,57,2026-06-25,2169.5
14307,7307,1,2026-01-10,2787.87
14308,7308,46,2026-03-08,2455.9
14309,7309,69,2026-06-07,1890.29
14310,7310,60,2026-06-22,1032.66
14311,7311,36,2026-01-04,3810.06
14312,7312,56,2026-06-05,1058.21
14313,7313,41,2026-02-15,1194.47
14314,7314,23,2026-05-27,2123.07
14315,7315,7,2026-05-03,1018.2
14316,7316,33,2026-07-11,3206.46
14317,7317,52,2026-01-28,1913.01
14318,7318,19,2026-07-26,899
14319,7319,53,2026-04-27,1911.74
14320,7320,8,2026-02-13,3703.61
14321,7321,16,2026-01-15,3367.89
14322,7322,21,2026-04-15,1556.06
14323,7323,18,2026-04-10,3021.7
14324,7324,12,2026-01-14,1290.47
14325,7325,66,2026-06-17,1859
14326,7326,5,2026-01-21,1166.14
14327,7327,2,2026-02-03,3153.81
14328,7328,67,2026-05-23,3151
14329,7329,51,2026-07-03,2267.12
14330,7330,53,2026-06-01,1176.71
14331,7331,47,2026-05-28,1927.99
14332,7332,11,2026-07-05,2552.29
14333,7333,68,2026-04-18,2336.3
14334,7334,13,2026-07-24,2597.71
14335,7335,36,2026-07-09,3306.8
14336,7336,27,2026-02-15,3752.33
14337,7337,1,2026-03-19,3991.23
14338,7338,35,2026-01-09,1795.27
14339,7339,17,2026-07-17,2393.34
14340,7340,52,2026-02-15,1952.86
14341,7341,45,2026-04-06,1037.28
14342,7342,53,2026-02-15,1276.28
14343,7343,56,2026-01-12,1157.49
14344,7344,43,2026-03-01,1427.95
14345,7345,51,2026-02-04,2870.94
14346,7346,55,2026-07-12,1310.07
14347,7347,33,2026-03-19,1614.05
14348,7348,49,2026-07-25,2167.8
14349,7349,63,2026-07-21,2126.78
14350,7350,62,2026-06-22,2492.35
14351,7351,51,2026-03-16,2466.79
14352,7352,12,2026-06-09,854.15
14353,7353,47,2026-02-19,2919.48
14354,7354,4,2026-02-11,839.69
14355,7355,14,2026-07-10,3719.71
14356,7356,13,2026-07-20,2062.76
14357,7357,20,2026-04-12,1522.06
14358,7358,31,2026-04-07,2221.09
14359,7359,28,2026-04-14,3882.41
14360,7360,50,2026-03-27,2375.91
14361,7361,30,2026-04-07,1435.07
14362,7362,17,2026-03-11,1046.58
14363,7363,15,2026-07-12,3146.75
14364,7364,31,2026-02-09,3201.26
14365,7365,45,2026-03-06,2763.45
14366,7366,39,2026-06-10,2175.79
14367,7367,60,2026-05-01,2367.58
14368,7368,67,2026-01-03,3701.08
14369,7369,21,2026-03-19,2573.71
14370,7370,60,2026-06-08,3615.9
14371,7371,6,2026-01-01,1728.18
14372,7372,10,2026-07-21,2608.66
14373,7373,22,2026-06-12,885.16
14374,7374,6,2026-03-20,838.76
14375,7375,32,2026-02-27,3430.69
14376,7376,34,2026-01-03,1898.64
14377,7377,48,2026-04-04,1913.02
14378,7378,41,2026-04-04,3739.2
14379,7379,7,2026-03-06,1397.48
14380,7380,36,2026-02-27,2626.88
14381,7381,57,2026-05-24,2946.38
14382,7382,66,2026-01-04,2530.49
14383,7383,46,2026-06-18,3272.09
14384,7384,66,2026-06-10,950.01
14385,7385,17,2026-04-20,2212.03
14386,7386,9,2026-02-08,837.93
14387,7387,47,2026-07-15,3588.31
14388,7388,26,2026-06-08,2772.03
14389,7389,11,2026-04-05,3635.07
14390,7390,61,2026-02-20,2326.34
14391,7391,9,2026-01-25,2691.14
14392,7392,19,2026-03-09,3924.13
14393,7393,2,2026-04-18,2104.43
14394,7394,16,2026-03-05,3732.42
14395,7395,46,2026-02-28,2528.71
14396,7396,3,2026-02-18,2822.96
14397,7397,33,2026-03-14,3356.15
14398,7398,65,2026-02-03,2850.28
14399,7399,45,2026-07-07,2248.1
14400,7400,63,2026-04-25,1719.5
14401,7401,67,2026-06-17,1355.58
14402,7402,23,2026-01-08,959.59
14403,7403,51,2026-05-18,1311.55
14404,7404,57,2026-07-24,1866.97
14405,7405,1,2026-04-22,1734.65
14406,7406,43,2026-07-06,828.8
14407,7407,69,2026-03-21,2890.1
14408,7408,23,2026-02-14,3378.48
14409,7409,65,2026-04-18,1779.14
14410,7410,49,2026-05-06,2570.49
14411,7411,39,2026-01-20,1627.67
14412,7412,31,2026-06-03,1220.07
14413,7413,51,2026-04-26,3855.5
14414,7414,46,2026-03-19,3444.83
14415,7415,4,2026-04-11,941.48
14416,7416,44,2026-07-15,2686.48
14417,7417,68,2026-05-05,3541.3
14418,7418,21,2026-06-18,2295.9
14419,7419,29,2026-07-11,3729.75
14420,7420,19,2026-04-16,3710.07
14421,7421,30,2026-04-13,3147.58
14422,7422,56,2026-06-20,3806.01
14423,7423,63,2026-07-14,3700.48
14424,7424,15,2026-04-05,2719.66
14425,7425,4,2026-06-05,2421.84
14426,7426,38,2026-05-01,3161.85
14427,7427,49,2026-03-28,2668.79
14428,7428,13,2026-04-24,1501.2
14429,7429,34,2026-07-09,1567.72
14430,7430,2,2026-03-12,2442.63
14431,7431,14,2026-04-28,2158.57
14432,7432,6,2026-06-26,1439.45
14433,7433,14,2026-03-10,1931.88
14434,7434,9,2026-01-16,2197.64
14435,7435,18,2026-03-02,2609.39
14436,7436,21,2026-07-08,1677.75
14437,7437,63,2026-01-16,2528.15
14438,7438,24,2026-05-03,3711.97
14439,7439,15,2026-01-02,1808.25
14440,7440,13,2026-03-27,1561.31
14441,7441,63,2026-07-21,1168.69
14442,7442,69,2026-04-08,2880.55
14443,7443,51,2026-06-16,1282.69
14444,7444,13,2026-03-13,1497.98
14445,7445,40,2026-03-06,1943.3
14446,7446,45,2026-04-03,1113.73
14447,7447,37,2026-07-16,3018.36
14448,7448,39,2026-01-26,3330.52
14449,7449,56,2026-01-12,1477.24
14450,7450,21,2026-03-16,1082.16
14451,7451,16,2026-04-28,3742.78
14452,7452,54,2026-03-07,1936.4
14453,7453,39,2026-05-20,3249.39
14454,7454,52,2026-07-25,2721.44
14455,7455,41,2026-06-28,3527.22
14456,7456,63,2026-02-24,3803.65
14457,7457,61,2026-05-11,3689.02
14458,7458,11,2026-06-23,1256.77
14459,7459,8,2026-05-17,1481.13
14460,7460,16,2026-05-02,1058.42
14461,7461,48,2026-02-09,2108.94
14462,7462,23,2026-07-17,1411.53
14463,7463,64,2026-06-08,2739.73
14464,7464,34,2026-06-11,2303.6
14465,7465,63,2026-06-18,1361.65
14466,7466,5,2026-06-20,3971.65
14467,7467,51,2026-02-19,1585.93
14468,7468,21,2026-02-15,2584.69
14469,7469,48,2026-05-27,2161.11
14470,7470,10,2026-01-18,1419.88
14471,7471,50,2026-02-22,1351.19
14472,7472,25,2026-01-07,1536.62
14473,7473,36,2026-05-13,1495.17
14474,7474,42,2026-05-08,2861.48
14475,7475,66,2026-04-04,3719.15
14476,7476,52,2026-01-08,2042.58
14477,7477,18,2026-03-15,2003.58
14478,7478,10,2026-01-15,3445.32
14479,7479,15,2026-04-27,1827.55
14480,7480,17,2026-05-18,1157.95
14481,7481,12,2026-06-09,2822.41
14482,7482,26,2026-01-24,3906
14483,7483,38,2026-05-27,1408.03
14484,7484,15,2026-01-09,3790.74
14485,7485,2,2026-01-19,3069.43
14486,7486,21,2026-04-09,3464.9
14487,7487,55,2026-06-14,3238.09
14488,7488,30,2026-01-08,1630.09
14489,7489,39,2026-01-04,3472.93
14490,7490,42,2026-02-07,3285.1
14491,7491,39,2026-05-10,1548.18
14492,7492,9,2026-06-25,1870.62
14493,7493,21,2026-02-27,3280.07
14494,7494,53,2026-03-15,3339.84
14495,7495,34,2026-02-15,1352.31
14496,7496,26,2026-06-05,3084.36
14497,7497,34,2026-05-26,2105.71
14498,7498,65,2026-05-06,2802.55
14499,7499,49,2026-06-06,3167
14500,7500,36,2026-05-27,1681.9
14501,7501,22,2026-07-21,2913.27
14502,7502,15,2026-05-16,2627.86
14503,7503,10,2026-04-09,3750.44
14504,7504,16,2026-05-04,2923.18
14505,7505,35,2026-06-04,2802.21
14506,7506,43,2026-05-12,1584.7
14507,7507,40,2026-06-08,1981.58
14508,7508,57,2026-06-01,1080.79
14509,7509,63,2026-01-04,2764.94
14510,7510,57,2026-05-05,2951.96
14511,7511,64,2026-02-10,802.86
14512,7512,49,2026-04-14,3883.91
14513,7513,37,2026-01-23,3882.19
14514,7514,31,2026-05-27,2651.91
14515,7515,7,2026-07-09,1272.36
14516,7516,63,2026-03-04,804.09
14517,7517,26,2026-06-06,2644.38
14518,7518,21,2026-02-05,1666.64
14519,7519,23,2026-01-21,2300.03
14520,7520,23,2026-01-28,3175.84
14521,7521,56,2026-01-27,1346.19
14522,7522,45,2026-02-04,1606.83
14523,7523,21,2026-01-19,1025.24
14524,7524,16,2026-03-22,2780.06
14525,7525,30,2026-04-24,910.47
14526,7526,34,2026-02-07,3606.19
14527,7527,29,2026-01-15,3501.64
14528,7528,16,2026-04-18,3459.32
14529,7529,62,2026-01-11,3256.77
14530,7530,26,2026-02-09,1998.6
14531,7531,68,2026-03-10,3187.83
14532,7532,17,2026-01-10,2802.02
14533,7533,18,2026-02-24,2303.01
14534,7534,64,2026-06-05,1841.41
14535,7535,5,2026-07-12,2006.94
14536,7536,4,2026-06-22,901.08
14537,7537,51,2026-06-06,919.94
14538,7538,64,2026-06-25,3930.74
14539,7539,18,2026-01-21,965.38
14540,7540,53,2026-05-26,3471.93
14541,7541,43,2026-07-11,3661.42
14542,7542,22,2026-01-11,2036.87
14543,7543,58,2026-03-20,2134.99
14544,7544,56,2026-01-04,3355.44
14545,7545,48,2026-01-27,1354.49
14546,7546,3,2026-06-08,1521.06
14547,7547,21,2026-06-14,2012.59
14548,7548,54,2026-04-06,1517.63
14549,7549,53,2026-06-19,1716.49
14550,7550,66,2026-04-25,2682.72
14551,7551,10,2026-07-24,3626.54
14552,7552,26,2026-01-26,2241.06
14553,7553,62,2026-06-09,3859.87
14554,7554,62,2026-07-23,3698.33
14555,7555,39,2026-03-13,2840.27
14556,7556,50,2026-06-05,3428.62
14557,7557,57,2026-01-21,3091.49
14558,7558,67,2026-01-26,1933.76
14559,7559,40,2026-03-03,2817.56
14560,7560,21,2026-05-23,3470.69
14561,7561,10,2026-02-01,1179.63
14562,7562,45,2026-05-05,1653.2
14563,7563,61,2026-05-19,1414.19
14564,7564,67,2026-06-19,3140.16
14565,7565,1,2026-07-01,3753.99
14566,7566,54,2026-03-16,2372.81
14567,7567,47,2026-02-15,1632.11
14568,7568,45,2026-05-12,3990.96
14569,7569,9,2026-01-23,3198.49
14570,7570,29,2026-02-19,1398.34
14571,7571,4,2026-06-21,1018.44
14572,7572,40,2026-02-20,1571.61
14573,7573,48,2026-05-28,2396.31
14574,7574,44,2026-06-02,2693.15
14575,7575,31,2026-01-15,858.03
14576,7576,59,2026-05-27,1054.21
14577,7577,48,2026-04-28,2488.84
14578,7578,49,2026-06-24,2562.34
14579,7579,10,2026-04-08,1426.48
14580,7580,8,2026-02-08,1866.52
14581,7581,12,2026-01-19,2309.46
14582,7582,9,2026-01-22,3042.45
14583,7583,15,2026-07-20,2481.92
14584,7584,53,2026-05-11,1733.76
14585,7585,63,2026-07-07,2340.84
14586,7586,39,2026-05-08,2183.37
14587,7587,34,2026-05-27,2649.08
14588,7588,57,2026-05-19,3561.05
14589,7589,22,2026-06-17,3972.48
14590,7590,47,2026-05-26,1991.54
14591,7591,49,2026-03-22,2781.88
14592,7592,22,2026-05-19,3499.86
14593,7593,37,2026-01-19,1572.47
14594,7594,52,2026-02-27,3977.66
14595,7595,67,2026-01-25,2823.78
14596,7596,53,2026-07-22,964.1
14597,7597,30,2026-02-07,3474.18
14598,7598,50,2026-04-24,2865.06
14599,7599,58,2026-03-05,1276.42
14600,7600,10,2026-06-25,3016.2
14601,7601,27,2026-04-11,2766.72
14602,7602,65,2026-06-08,3492.87
14603,7603,1,2026-05-12,3645.44
14604,7604,30,2026-03-28,2230.51
14605,7605,61,2026-01-03,1836.42
14606,7606,35,2026-05-26,2301.65
14607,7607,46,2026-04-02,2300.52
14608,7608,63,2026-03-25,3415.29
14609,7609,50,2026-02-09,3546.46
14610,7610,54,2026-02-12,3639.7
14611,7611,5,2026-07-22,1571.6
14612,7612,28,2026-02-18,1646.41
14613,7613,55,2026-01-22,3825.3
14614,7614,15,2026-03-05,3621.95
14615,7615,30,2026-01-03,2258.18
14616,7616,35,2026-07-08,2984.88
14617,7617,19,2026-05-09,3326.92
14618,7618,8,2026-02-10,1606.42
14619,7619,45,2026-01-24,2037.03
14620,7620,8,2026-05-09,1899.6
14621,7621,33,2026-02-23,2223.4
14622,7622,22,2026-05-02,2275.89
14623,7623,31,2026-03-20,3523.43
14624,7624,29,2026-03-02,1709.38
14625,7625,41,2026-07-19,1556.17
14626,7626,24,2026-01-04,2061.56
14627,7627,34,2026-03-11,3506.63
14628,7628,6,2026-03-15,2859.3
14629,7629,25,2026-06-06,3379.08
14630,7630,52,2026-01-21,2776.34
14631,7631,29,2026-07-14,2380.55
14632,7632,34,2026-05-10,3147.43
14633,7633,60,2026-04-15,1817.09
14634,7634,16,2026-05-04,3989.59
14635,7635,25,2026-07-22,3943.69
14636,7636,57,2026-04-20,3253.68
14637,7637,32,2026-03-13,3137.5
14638,7638,2,2026-01-04,1958.43
14639,7639,38,2026-03-22,1202.01
14640,7640,28,2026-04-14,1746.77
14641,7641,48,2026-03-22,2361.71
14642,7642,8,2026-02-16,910.67
14643,7643,32,2026-04-01,1715.75
14644,7644,32,2026-07-09,2496.27
14645,7645,52,2026-05-18,1352.33
14646,7646,45,2026-06-25,1523.11
14647,7647,40,2026-05-08,1444.41
14648,7648,47,2026-04-01,3550.41
14649,7649,69,2026-02-15,2427.3
14650,7650,32,2026-02-21,1897.72
14651,7651,22,2026-05-18,3990.43
14652,7652,45,2026-02-13,2346.03
14653,7653,26,2026-03-28,2980.67
14654,7654,24,2026-06-02,1028.74
14655,7655,46,2026-05-09,1183.91
14656,7656,27,2026-07-15,1285.13
14657,7657,21,2026-03-07,1259.19
14658,7658,56,2026-05-26,2820.48
14659,7659,32,2026-06-05,3700.1
14660,7660,6,2026-07-13,1157.56
14661,7661,46,2026-07-16,1274.65
14662,7662,4,2026-06-19,2419.76
14663,7663,64,2026-06-03,2479.78
14664,7664,69,2026-06-06,3375.12
14665,7665,66,2026-01-22,3551.93
14666,7666,49,2026-02-11,2509.97
14667,7667,5,2026-07-10,3225.06
14668,7668,46,2026-06-27,3946.79
14669,7669,66,2026-07-18,856.4
14670,7670,57,2026-06-18,2008.34
14671,7671,19,2026-06-23,1849.12
14672,7672,13,2026-01-21,1455.04
14673,7673,26,2026-06-16,2684.31
14674,7674,48,2026-01-12,3125.07
14675,7675,1,2026-02-09,3707.66
14676,7676,4,2026-03-02,1347.37
14677,7677,12,2026-01-09,2277.97
14678,7678,61,2026-01-01,2921.81
14679,7679,35,2026-06-08,1488.47
14680,7680,10,2026-06-09,984.85
14681,7681,63,2026-01-02,2990.58
14682,7682,21,2026-05-11,2176.77
14683,7683,24,2026-03-18,3276.73
14684,7684,28,2026-03-25,2714
14685,7685,56,2026-07-05,3454.26
14686,7686,67,2026-02-05,2699.04
14687,7687,59,2026-01-21,3530.73
14688,7688,27,2026-03-09,2651.65
14689,7689,41,2026-06-21,2058.41
14690,7690,40,2026-01-08,3664.61
14691,7691,50,2026-03-06,3435.08
14692,7692,26,2026-06-16,1321.65
14693,7693,47,2026-01-17,1355.98
14694,7694,26,2026-06-14,2246.69
14695,7695,44,2026-01-04,2733.17
14696,7696,27,2026-01-28,2417.98
14697,7697,8,2026-07-19,3204.83
14698,7698,54,2026-03-05,3354.38
14699,7699,61,2026-04-03,3828.45
14700,7700,39,2026-04-26,2320.69
14701,7701,1,2026-05-23,1758.58
14702,7702,5,2026-03-09,3796.76
14703,7703,52,2026-07-22,1094.05
14704,7704,27,2026-03-17,1124.09
14705,7705,8,2026-06-17,3634.65
14706,7706,37,2026-01-13,1864.95
14707,7707,67,2026-06-09,2550.95
14708,7708,3,2026-06-07,3922.36
14709,7709,28,2026-02-14,1644.83
14710,7710,16,2026-04-15,3219.11
14711,7711,9,2026-02-27,2320.93
14712,7712,49,2026-04-04,1205.72
14713,7713,1,2026-03-05,3639.38
14714,7714,4,2026-01-04,3305.73
14715,7715,46,2026-04-09,3789.09
14716,7716,54,2026-07-19,3973.73
14717,7717,38,2026-01-22,952.5
14718,7718,2,2026-03-22,3721.66
14719,7719,60,2026-02-11,2724.57
14720,7720,18,2026-06-19,3049.16
14721,7721,63,2026-07-15,897.67
14722,7722,40,2026-04-05,3880.81
14723,7723,63,2026-03-05,2779.31
14724,7724,41,2026-01-04,1041.06
14725,7725,44,2026-05-03,2922.65
14726,7726,44,2026-03-13,2957.36
14727,7727,65,2026-03-26,3767.35
14728,7728,27,2026-01-19,3378.63
14729,7729,31,2026-06-21,1206.72
14730,7730,52,2026-01-12,2903.43
14731,7731,38,2026-01-19,2601.27
14732,7732,55,2026-01-06,2931.78
14733,7733,61,2026-02-16,1170.55
14734,7734,16,2026-05-03,1155.85
14735,7735,4,2026-06-25,1617.26
14736,7736,59,2026-06-16,2290.56
14737,7737,59,2026-01-27,2205.64
14738,7738,5,2026-07-18,1882.35
14739,7739,68,2026-07-05,1418.85
14740,7740,67,2026-04-17,2734.71
14741,7741,32,2026-01-24,994.22
14742,7742,31,2026-05-20,1086.85
14743,7743,40,2026-05-01,3536.6
14744,7744,61,2026-03-11,3043.44
14745,7745,34,2026-03-26,2811.81
14746,7746,32,2026-04-02,1512.55
14747,7747,54,2026-06-19,917.39
14748,7748,43,2026-04-14,3167.48
14749,7749,2,2026-04-23,879.43
14750,7750,56,2026-03-10,3085.39
14751,7751,6,2026-03-27,914.15
14752,7752,45,2026-01-13,2244.41
14753,7753,37,2026-03-28,1529.49
14754,7754,26,2026-03-20,2679.69
14755,7755,14,2026-01-10,1334.94
14756,7756,55,2026-03-13,3966.79
14757,7757,19,2026-02-12,2268.11
14758,7758,2,2026-01-01,3437.55
14759,7759,26,2026-02-11,994.03
14760,7760,57,2026-02-18,2860.99
14761,7761,69,2026-06-21,2715.07
14762,7762,36,2026-02-01,2948
14763,7763,35,2026-04-19,3033.23
14764,7764,53,2026-03-04,2382.02
14765,7765,12,2026-02-21,3382.97
14766,7766,24,2026-05-16,939.85
14767,7767,60,2026-04-24,2911.57
14768,7768,22,2026-06-09,3157.51
14769,7769,15,2026-01-25,1517.64
14770,7770,57,2026-01-08,1100.01
14771,7771,68,2026-05-07,2354.27
14772,7772,20,2026-06-24,1753.77
14773,7773,31,2026-06-14,3853.82
14774,7774,33,2026-04-26,3560.43
14775,7775,12,2026-01-27,998.83
14776,7776,62,2026-03-03,1599.69
14777,7777,53,2026-01-17,3770.32
14778,7778,12,2026-03-04,2749.31
14779,7779,62,2026-06-22,1212.81
14780,7780,53,2026-03-16,3408.3
14781,7781,20,2026-06-08,2858.66
14782,7782,14,2026-07-06,2418.93
14783,7783,17,2026-07-26,2779.49
14784,7784,56,2026-07-17,2678.01
14785,7785,60,2026-07-15,3592.78
14786,7786,11,2026-06-12,2062.33
14787,7787,4,2026-03-17,3148.66
14788,7788,31,2026-05-05,2912.35
14789,7789,5,2026-02-02,2106.19
14790,7790,50,2026-06-27,1319.29
14791,7791,62,2026-06-02,1778.98
14792,7792,17,2026-02-10,2376.25
14793,7793,58,2026-04-23,1085.31
14794,7794,42,2026-07-27,2643.99
14795,7795,11,2026-04-06,3163.34
14796,7796,27,2026-01-07,3046.98
14797,7797,12,2026-03-17,3843.92
14798,7798,15,2026-01-08,1373.73
14799,7799,1,2026-02-26,2644.14
14800,7800,62,2026-03-22,3867.41
14801,7801,59,2026-06-16,1006.72
14802,7802,25,2026-02-20,1252.64
14803,7803,9,2026-03-23,2149.26
14804,7804,4,2026-06-17,2059.31
14805,7805,29,2026-04-08,1000.02
14806,7806,54,2026-04-06,1323.77
14807,7807,4,2026-06-02,3538.91
14808,7808,1,2026-01-27,2197.52
14809,7809,60,2026-04-14,1817.34
14810,7810,20,2026-06-09,2693.31
14811,7811,31,2026-03-15,3821.99
14812,7812,1,2026-04-21,1162.45
14813,7813,8,2026-01-19,1894.34
14814,7814,31,2026-02-01,1633.69
14815,7815,4,2026-05-03,983.63
14816,7816,19,2026-02-14,2245.48
14817,7817,54,2026-05-06,2288.84
14818,7818,9,2026-04-24,1419.06
14819,7819,1,2026-06-13,970.08
14820,7820,25,2026-01-16,2355.44
14821,7821,59,2026-02-07,2448.53
14822,7822,43,2026-07-25,3506.66
14823,7823,38,2026-01-10,940.26
14824,7824,18,2026-01-24,1619.6
14825,7825,9,2026-03-28,3240.43
14826,7826,65,2026-07-08,2731.9
14827,7827,27,2026-06-07,2519.48
14828,7828,55,2026-07-12,3928.18
14829,7829,39,2026-02-09,3977.2
14830,7830,28,2026-02-17,2038.61
14831,7831,62,2026-04-01,1322.31
14832,7832,39,2026-07-23,1176.32
14833,7833,30,2026-02-16,3503.86
14834,7834,38,2026-07-24,2113.89
14835,7835,38,2026-07-20,3260.51
14836,7836,64,2026-03-12,2146.32
14837,7837,68,2026-06-03,2630.24
14838,7838,42,2026-07-05,2870.01
14839,7839,16,2026-06-19,2565.01
14840,7840,68,2026-04-15,3440.26
14841,7841,37,2026-04-17,1205.63
14842,7842,39,2026-05-06,2637.31
14843,7843,60,2026-05-11,1866.84
14844,7844,27,2026-03-13,2996.34
14845,7845,67,2026-07-10,2675.01
14846,7846,61,2026-02-02,2135.73
14847,7847,53,2026-05-24,3039.75
14848,7848,45,2026-01-20,1899.43
14849,7849,29,2026-03-21,1524.14
14850,7850,9,2026-03-09,1298.02
14851,7851,22,2026-05-16,1121.17
14852,7852,56,2026-04-25,1894.04
14853,7853,18,2026-03-12,3437.94
14854,7854,53,2026-03-25,1697.97
14855,7855,29,2026-05-21,1519.29
14856,7856,17,2026-03-12,3037.23
14857,7857,9,2026-01-22,1973.93
14858,7858,44,2026-03-24,1213.78
14859,7859,63,2026-07-26,3773.02
14860,7860,1,2026-07-06,3948.47
14861,7861,19,2026-07-25,1535.25
14862,7862,27,2026-06-04,1889.34
14863,7863,32,2026-01-27,3102.21
14864,7864,54,2026-05-19,2585.02
14865,7865,32,2026-03-12,2880.64
14866,7866,5,2026-05-01,2022.6
14867,7867,52,2026-05-17,909
14868,7868,17,2026-02-04,2103.45
14869,7869,56,2026-06-17,2437.02
14870,7870,14,2026-07-11,3674.86
14871,7871,57,2026-06-26,1566.11
14872,7872,16,2026-04-01,2451.35
14873,7873,55,2026-01-17,3748.66
14874,7874,23,2026-02-26,3979.88
14875,7875,13,2026-06-28,2747.42
14876,7876,47,2026-06-11,3446.26
14877,7877,55,2026-06-21,2740.44
14878,7878,7,2026-04-01,1050.37
14879,7879,35,2026-02-21,1852.62
14880,7880,21,2026-03-04,1174.92
14881,7881,12,2026-02-07,1917.5
14882,7882,57,2026-07-03,2991.83
14883,7883,55,2026-01-08,3191.29
14884,7884,54,2026-07-12,3915.34
14885,7885,20,2026-06-27,2731.13
14886,7886,51,2026-04-28,1957.94
14887,7887,2,2026-07-26,2191.53
14888,7888,14,2026-04-11,2336.9
14889,7889,5,2026-05-03,2384.87
14890,7890,6,2026-05-25,2640.71
14891,7891,49,2026-06-04,2692.86
14892,7892,40,2026-06-11,1074.72
14893,7893,51,2026-04-11,1936.75
14894,7894,39,2026-06-07,2130.31
14895,7895,46,2026-02-07,3479.31
14896,7896,36,2026-05-21,1794.21
14897,7897,60,2026-04-01,1462.23
14898,7898,47,2026-02-09,2677.59
14899,7899,39,2026-06-26,3464.57
14900,7900,15,2026-02-13,2554.53
14901,7901,20,2026-02-22,3270.17
14902,7902,14,2026-01-26,2869.18
14903,7903,47,2026-05-09,969.6
14904,7904,37,2026-04-01,2302.29
14905,7905,6,2026-03-09,2552.5
14906,7906,22,2026-06-05,1999.54
14907,7907,26,2026-05-05,3261.78
14908,7908,11,2026-03-18,3226.85
14909,7909,54,2026-03-15,1878.97
14910,7910,10,2026-06-06,3678.75
14911,7911,19,2026-02-02,2401.83
14912,7912,65,2026-03-16,3737.51
14913,7913,34,2026-06-22,1822.7
14914,7914,36,2026-02-15,3229.05
14915,7915,14,2026-05-27,2145.69
14916,7916,10,2026-07-17,3472.11
14917,7917,50,2026-06-03,1397.7
14918,7918,59,2026-06-09,2249.35
14919,7919,64,2026-06-06,2848.61
14920,7920,8,2026-03-22,3673.9
14921,7921,12,2026-03-22,1598.9
14922,7922,15,2026-06-13,2079.4
14923,7923,64,2026-06-12,1689.95
14924,7924,1,2026-01-17,3066.18
14925,7925,18,2026-02-26,1650.91
14926,7926,4,2026-05-22,3859.44
14927,7927,4,2026-04-17,1240.57
14928,7928,4,2026-02-06,1606.63
14929,7929,63,2026-03-01,3022.4
14930,7930,60,2026-01-22,3863.2
14931,7931,51,2026-05-20,2939.08
14932,7932,13,2026-04-27,2407.44
14933,7933,42,2026-01-26,3162.91
14934,7934,33,2026-05-12,2465.02
14935,7935,42,2026-04-25,1551.96
14936,7936,12,2026-04-21,3815.2
14937,7937,62,2026-02-15,3341.65
14938,7938,3,2026-07-08,2406.08
14939,7939,12,2026-04-14,3404.88
14940,7940,9,2026-03-04,3115.63
14941,7941,15,2026-01-23,3713.71
14942,7942,36,2026-07-19,3892.71
14943,7943,4,2026-01-06,3346.91
14944,7944,51,2026-03-13,3430.42
14945,7945,46,2026-04-28,1321.5
14946,7946,27,2026-05-18,1483.06
14947,7947,37,2026-03-17,3845.74
14948,7948,62,2026-06-21,3376.82
14949,7949,17,2026-06-18,3805.75
14950,7950,34,2026-05-10,1366.99
14951,7951,16,2026-07-09,985.57
14952,7952,64,2026-03-20,3939.01
14953,7953,35,2026-05-17,1663.35
14954,7954,25,2026-02-19,1179.88
14955,7955,4,2026-02-28,1718.52
14956,7956,36,2026-01-04,3113.31
14957,7957,66,2026-06-02,1229.89
14958,7958,5,2026-02-04,874.43
14959,7959,38,2026-02-26,2360.25
14960,7960,59,2026-06-14,2817.29
14961,7961,28,2026-01-05,2746.45
14962,7962,7,2026-05-23,3677.63
14963,7963,69,2026-06-16,2063.2
14964,7964,7,2026-06-06,2129.23
14965,7965,65,2026-02-14,2328.4
14966,7966,58,2026-05-26,3377.24
14967,7967,36,2026-03-23,1950.44
14968,7968,56,2026-05-13,3207.29
14969,7969,65,2026-05-23,2974.75
14970,7970,29,2026-07-01,3419.69
14971,7971,47,2026-07-12,3509.18
14972,7972,19,2026-06-24,1745.31
14973,7973,64,2026-02-15,3501.56
14974,7974,46,2026-07-07,3986.31
14975,7975,39,2026-02-18,1955.5
14976,7976,37,2026-03-05,3213.56
14977,7977,20,2026-05-10,3473.39
14978,7978,9,2026-03-21,3846.87
14979,7979,64,2026-02-15,3855.66
14980,7980,45,2026-07-10,1934.96
14981,7981,49,2026-06-16,2277.2
14982,7982,28,2026-01-18,1236.75
14983,7983,59,2026-01-27,2941.96
14984,7984,66,2026-03-10,1137.85
14985,7985,14,2026-03-25,950.35
14986,7986,66,2026-06-05,2358.45
14987,7987,60,2026-01-02,2205.29
14988,7988,45,2026-01-18,3349.4
14989,7989,2,2026-01-19,3493.43
14990,7990,55,2026-06-25,2494.34
14991,7991,45,2026-05-04,3531.31
14992,7992,62,2026-01-05,1340.47
14993,7993,30,2026-07-19,3320.15
14994,7994,51,2026-05-28,880.68
14995,7995,12,2026-07-07,2030.55
14996,7996,60,2026-01-04,1598.92
14997,7997,6,2026-05-03,1634.76
14998,7998,10,2026-05-12,2878.5
14999,7999,10,2026-07-12,1358.63
15000,8000,37,2026-05-18,2455.71
